[   0.001][v][cplayer] mpv v0.41.0 Copyright © 2000-2025 mpv/MPlayer/mplayer2 projects
[   0.001][v][cplayer]  built on Dec 22 2025 14:58:51
[   0.001][v][cplayer] libplacebo version: v7.351.0
[   0.001][v][cplayer] FFmpeg version: n8.0.1
[   0.001][v][cplayer] FFmpeg library versions:
[   0.001][v][cplayer]    libavcodec      62.11.100
[   0.001][v][cplayer]    libavdevice     62.1.100
[   0.001][v][cplayer]    libavfilter     11.4.100
[   0.001][v][cplayer]    libavformat     62.3.100
[   0.001][v][cplayer]    libavutil       60.8.100
[   0.001][v][cplayer]    libswresample   6.1.100
[   0.001][v][cplayer]    libswscale      9.1.100
[   0.001][v][cplayer] Configuration: -Db_pie=true -Dpython.bytecompile=1 -Dlibmpv=true -Dgl-x11=enabled -Dcaca=disabled -Dcdda=enabled -Ddrm=enabled -Ddvbin=enabled -Ddvdnav=enabled -Dlibarchive=enabled -Dopenal=enabled -Dsdl2-audio=enabled -Dsdl2-video=enabled -Dsdl2-gamepad=enabled -Dprefix=/usr -Dlibexecdir=lib -Dsbindir=bin -Dauto_features=auto -Dbuildtype=plain -Dwrap_mode=nodownload
[   0.001][v][cplayer] List of enabled features: alsa build-date cdda cplugins cuda-hwaccel cuda-interop dmabuf-interop-gl dmabuf-wayland drm dvbin dvdnav egl egl-drm egl-wayland egl-x11 ffmpeg ffnvcodec gbm gl gl-x11 glibc-thread-name glob glob-posix gpl iconv jack javascript jpeg lcms2 libarchive libass libavdevice libbluray libdl libplacebo linux-fstatfs luajit memfd-create memrchr openal pipewire posix posix-shm ppoll pthread-condattr-setclock pulse rubberband rubberband-3 sdl2-audio sdl2-gamepad sdl2-video sixel uchardet vaapi vaapi-drm vaapi-wayland vaapi-x11 vapoursynth vdpau vdpau-gl-x11 vector vk-khr-display vt.h vulkan wayland wayland-protocols-1-32 wayland-protocols-1-38 wayland-protocols-1-39 wayland-protocols-1-41 wayland-protocols-1-44 wayland-protocols-1-47 x11 x11-clipboard xv zimg zimg-st428 zlib
[   0.001][v][cplayer] Command line options: '--log-file=mpv.log' 'https://www.youtube.com/watch?v=ezv5DuvCk0E'
[   0.001][v][cplayer] mpv v0.41.0 Copyright © 2000-2025 mpv/MPlayer/mplayer2 projects
[   0.001][v][cplayer]  built on Dec 22 2025 14:58:51
[   0.001][v][cplayer] libplacebo version: v7.351.0
[   0.001][v][cplayer] FFmpeg version: n8.0.1
[   0.001][v][cplayer] FFmpeg library versions:
[   0.001][v][cplayer]    libavcodec      62.11.100
[   0.001][v][cplayer]    libavdevice     62.1.100
[   0.001][v][cplayer]    libavfilter     11.4.100
[   0.001][v][cplayer]    libavformat     62.3.100
[   0.001][v][cplayer]    libavutil       60.8.100
[   0.001][v][cplayer]    libswresample   6.1.100
[   0.001][v][cplayer]    libswscale      9.1.100
[   0.001][v][cplayer] Configuration: -Db_pie=true -Dpython.bytecompile=1 -Dlibmpv=true -Dgl-x11=enabled -Dcaca=disabled -Dcdda=enabled -Ddrm=enabled -Ddvbin=enabled -Ddvdnav=enabled -Dlibarchive=enabled -Dopenal=enabled -Dsdl2-audio=enabled -Dsdl2-video=enabled -Dsdl2-gamepad=enabled -Dprefix=/usr -Dlibexecdir=lib -Dsbindir=bin -Dauto_features=auto -Dbuildtype=plain -Dwrap_mode=nodownload
[   0.001][v][cplayer] List of enabled features: alsa build-date cdda cplugins cuda-hwaccel cuda-interop dmabuf-interop-gl dmabuf-wayland drm dvbin dvdnav egl egl-drm egl-wayland egl-x11 ffmpeg ffnvcodec gbm gl gl-x11 glibc-thread-name glob glob-posix gpl iconv jack javascript jpeg lcms2 libarchive libass libavdevice libbluray libdl libplacebo linux-fstatfs luajit memfd-create memrchr openal pipewire posix posix-shm ppoll pthread-condattr-setclock pulse rubberband rubberband-3 sdl2-audio sdl2-gamepad sdl2-video sixel uchardet vaapi vaapi-drm vaapi-wayland vaapi-x11 vapoursynth vdpau vdpau-gl-x11 vector vk-khr-display vt.h vulkan wayland wayland-protocols-1-32 wayland-protocols-1-38 wayland-protocols-1-39 wayland-protocols-1-41 wayland-protocols-1-44 wayland-protocols-1-47 x11 x11-clipboard xv zimg zimg-st428 zlib
[   0.001][d][global] home path: '' -> '/home/jawor/.config/mpv'
[   0.001][d][global] user path: '~~home/' -> '/home/jawor/.config/mpv'
[   0.001][d][global] user path: '~~old_home/' -> '/home/jawor/.mpv'
[   0.001][d][global] config path: 'encoding-profiles.conf' -/-> '/home/jawor/.config/mpv/encoding-profiles.conf'
[   0.001][d][global] config path: 'encoding-profiles.conf' -/-> '/home/jawor/.mpv/encoding-profiles.conf'
[   0.001][d][global] config path: 'encoding-profiles.conf' -/-> '/etc/mpv/encoding-profiles.conf'
[   0.001][d][global] config path: 'mpv.conf' -> '/home/jawor/.config/mpv/mpv.conf'
[   0.001][d][global] config path: 'config' -/-> '/home/jawor/.config/mpv/config'
[   0.001][d][global] config path: 'mpv.conf' -/-> '/home/jawor/.mpv/mpv.conf'
[   0.001][d][global] config path: 'config' -/-> '/home/jawor/.mpv/config'
[   0.001][d][global] config path: 'mpv.conf' -/-> '/etc/mpv/mpv.conf'
[   0.001][d][global] config path: 'config' -/-> '/etc/mpv/config'
[   0.001][v][cplayer] Reading config file /home/jawor/.config/mpv/mpv.conf
[   0.001][v][ifo_dvdnav] Opening /home/jawor/.config/mpv/mpv.conf
[   0.001][v][bdmv/bluray] Opening /home/jawor/.config/mpv/mpv.conf
[   0.001][v][file] Opening /home/jawor/.config/mpv/mpv.conf
[   0.001][d][file] resize stream to 131072 bytes, drop 0 bytes
[   0.001][d][file] Stream opened successfully.
[   0.001][v][cplayer] Applying profile 'default'...
[   0.001][v][cplayer] Setting option 'ytdl-format' = 'bestvideo[height<=1080][vcodec^=vp9]+bestaudio/best[height<=1080]' (flags = 4)
[   0.001][v][cplayer] Setting option 'ytdl-raw-options' = 'remote-components=ejs:github,cookies-from-browser=brave,concurrent-fragments=16,external-downloader=aria2c,external-downloader-args="-s 16 -x 16 -k 1M",buffer-size=16M,http-chunk-size=10M' (flags = 4)
[   0.001][v][cplayer] Setting option 'script-opts' = 'ytdl_hook-ytdl_path=yt-dlp' (flags = 4)
[   0.001][v][cplayer] Setting option 'hwdec' = 'nvdec' (flags = 4)
[   0.001][v][cplayer] Setting option 'volume' = '80' (flags = 4)
[   0.001][v][cplayer] Setting option 'save-position-on-quit' = 'yes' (flags = 4)
[   0.001][v][cplayer] Setting option 'screenshot-directory' = '~/dox/pix/screenshots/' (flags = 4)
[   0.001][v][cplayer] Setting option 'demuxer-max-bytes' = '1GiB' (flags = 4)
[   0.001][v][cplayer] Setting option 'demuxer-readahead-secs' = '60' (flags = 4)
[   0.001][v][cplayer] Setting option 'keepaspect-window' = 'no' (flags = 4)
[   0.001][v][cplayer] Setting option 'log-file' = 'mpv.log' (flags = 8)
[   0.002][d][global] config path: 'input.conf' -> '/home/jawor/.config/mpv/input.conf'
[   0.002][d][global] config path: 'input.conf' -/-> '/home/jawor/.mpv/input.conf'
[   0.002][d][global] config path: 'input.conf' -/-> '/etc/mpv/input.conf'
[   0.002][v][ifo_dvdnav] Opening /home/jawor/.config/mpv/input.conf
[   0.003][v][bdmv/bluray] Opening /home/jawor/.config/mpv/input.conf
[   0.003][v][file] Opening /home/jawor/.config/mpv/input.conf
[   0.003][d][file] resize stream to 131072 bytes, drop 0 bytes
[   0.003][d][file] Stream opened successfully.
[   0.003][v][input] Parsing input config file /home/jawor/.config/mpv/input.conf
[   0.003][v][input] Input config file /home/jawor/.config/mpv/input.conf parsed: 13 binds
[   0.003][d][osc] Loading lua script @osc.lua...
[   0.003][d][ytdl_hook] Loading lua script @ytdl_hook.lua...
[   0.003][d][stats] Loading lua script @stats.lua...
[   0.003][d][console] Loading lua script @console.lua...
[   0.003][d][osc] loading mp.defaults
[   0.003][d][ytdl_hook] loading mp.defaults
[   0.003][d][auto_profiles] Loading lua script @auto_profiles.lua...
[   0.003][d][stats] loading mp.defaults
[   0.003][d][select] Loading lua script @select.lua...
[   0.003][d][positioning] Loading lua script @positioning.lua...
[   0.003][d][console] loading mp.defaults
[   0.003][d][auto_profiles] loading mp.defaults
[   0.003][d][commands] Loading lua script @commands.lua...
[   0.003][d][select] loading mp.defaults
[   0.003][d][context_menu] Loading lua script @context_menu.lua...
[   0.003][d][positioning] loading mp.defaults
[   0.003][d][commands] loading mp.defaults
[   0.003][d][context_menu] loading mp.defaults
[   0.004][d][osc] loading @osc.lua
[   0.004][d][stats] loading @stats.lua
[   0.004][d][ytdl_hook] loading @ytdl_hook.lua
[   0.004][d][console] loading @console.lua
[   0.004][d][select] loading @select.lua
[   0.004][d][auto_profiles] loading @auto_profiles.lua
[   0.004][d][context_menu] loading @context_menu.lua
[   0.004][d][commands] loading @commands.lua
[   0.004][d][positioning] loading @positioning.lua
[   0.004][v][clipboard] Initialized x11 clipboard backend.
[   0.004][d][global] config path: 'scripts' -> '/home/jawor/.config/mpv/scripts'
[   0.004][d][global] config path: 'scripts' -/-> '/home/jawor/.mpv/scripts'
[   0.004][d][global] config path: 'scripts' -> '/etc/mpv/scripts'
[   0.004][d][mpris] Loading cplugin script /etc/mpv/scripts/mpris.so...
[   0.004][d][positioning] reading options for positioning
[   0.004][d][global] config path: 'script-opts/positioning.conf' -/-> '/home/jawor/.config/mpv/script-opts/positioning.conf'
[   0.004][d][global] config path: 'script-opts/positioning.conf' -/-> '/home/jawor/.mpv/script-opts/positioning.conf'
[   0.004][d][global] config path: 'script-opts/positioning.conf' -/-> '/etc/mpv/script-opts/positioning.conf'
[   0.004][d][positioning] script-opts/positioning.conf not found.
[   0.004][d][global] config path: 'lua-settings/positioning.conf' -/-> '/home/jawor/.config/mpv/lua-settings/positioning.conf'
[   0.004][d][global] config path: 'lua-settings/positioning.conf' -/-> '/home/jawor/.mpv/lua-settings/positioning.conf'
[   0.005][d][global] config path: 'lua-settings/positioning.conf' -/-> '/etc/mpv/lua-settings/positioning.conf'
[   0.005][d][positioning] lua-settings/positioning.conf not found.
[   0.005][d][select] reading options for select
[   0.005][d][global] config path: 'script-opts/select.conf' -/-> '/home/jawor/.config/mpv/script-opts/select.conf'
[   0.005][d][global] config path: 'script-opts/select.conf' -/-> '/home/jawor/.mpv/script-opts/select.conf'
[   0.005][d][ytdl_hook] reading options for ytdl_hook
[   0.005][d][global] config path: 'script-opts/select.conf' -/-> '/etc/mpv/script-opts/select.conf'
[   0.005][d][mpvq_live_sync] Loading lua script /home/jawor/.config/mpv/scripts/mpvq-live-sync.lua...
[   0.005][d][global] config path: 'script-opts/ytdl_hook.conf' -/-> '/home/jawor/.config/mpv/script-opts/ytdl_hook.conf'
[   0.005][d][global] config path: 'script-opts/ytdl_hook.conf' -/-> '/home/jawor/.mpv/script-opts/ytdl_hook.conf'
[   0.005][d][select] script-opts/select.conf not found.
[   0.005][d][global] config path: 'script-opts/ytdl_hook.conf' -/-> '/etc/mpv/script-opts/ytdl_hook.conf'
[   0.005][d][global] config path: 'lua-settings/select.conf' -/-> '/home/jawor/.config/mpv/lua-settings/select.conf'
[   0.005][d][ytdl_hook] script-opts/ytdl_hook.conf not found.
[   0.005][d][global] config path: 'lua-settings/select.conf' -/-> '/home/jawor/.mpv/lua-settings/select.conf'
[   0.005][d][context_menu] reading options for context_menu
[   0.005][d][global] config path: 'lua-settings/ytdl_hook.conf' -/-> '/home/jawor/.config/mpv/lua-settings/ytdl_hook.conf'
[   0.005][d][global] config path: 'lua-settings/ytdl_hook.conf' -/-> '/home/jawor/.mpv/lua-settings/ytdl_hook.conf'
[   0.005][d][global] config path: 'lua-settings/select.conf' -/-> '/etc/mpv/lua-settings/select.conf'
[   0.005][d][global] config path: 'lua-settings/ytdl_hook.conf' -/-> '/etc/mpv/lua-settings/ytdl_hook.conf'
[   0.005][d][ytdl_hook] lua-settings/ytdl_hook.conf not found.
[   0.005][d][global] config path: 'script-opts/context_menu.conf' -/-> '/home/jawor/.config/mpv/script-opts/context_menu.conf'
[   0.005][d][global] config path: 'script-opts/context_menu.conf' -/-> '/home/jawor/.mpv/script-opts/context_menu.conf'
[   0.005][d][global] config path: 'script-opts/context_menu.conf' -/-> '/etc/mpv/script-opts/context_menu.conf'
[   0.005][d][select] lua-settings/select.conf not found.
[   0.005][d][context_menu] script-opts/context_menu.conf not found.
[   0.005][d][global] config path: 'lua-settings/context_menu.conf' -/-> '/home/jawor/.config/mpv/lua-settings/context_menu.conf'
[   0.005][d][global] config path: 'lua-settings/context_menu.conf' -/-> '/home/jawor/.mpv/lua-settings/context_menu.conf'
[   0.005][d][global] config path: 'lua-settings/context_menu.conf' -/-> '/etc/mpv/lua-settings/context_menu.conf'
[   0.005][d][context_menu] lua-settings/context_menu.conf not found.
[   0.005][d][stats] reading options for stats
[   0.005][d][global] config path: 'script-opts/stats.conf' -/-> '/home/jawor/.config/mpv/script-opts/stats.conf'
[   0.005][d][global] config path: 'script-opts/stats.conf' -/-> '/home/jawor/.mpv/script-opts/stats.conf'
[   0.005][d][global] config path: 'script-opts/stats.conf' -/-> '/etc/mpv/script-opts/stats.conf'
[   0.005][d][stats] script-opts/stats.conf not found.
[   0.005][d][global] config path: 'lua-settings/stats.conf' -/-> '/home/jawor/.config/mpv/lua-settings/stats.conf'
[   0.005][d][global] config path: 'lua-settings/stats.conf' -/-> '/home/jawor/.mpv/lua-settings/stats.conf'
[   0.005][d][global] config path: 'lua-settings/stats.conf' -/-> '/etc/mpv/lua-settings/stats.conf'
[   0.005][d][stats] lua-settings/stats.conf not found.
[   0.005][v][cplayer] Waiting for scripts...
[   0.006][d][mpvq_live_sync] loading mp.defaults
[   0.006][d][console] reading options for console
[   0.006][d][global] config path: 'script-opts/console.conf' -/-> '/home/jawor/.config/mpv/script-opts/console.conf'
[   0.006][d][global] config path: 'script-opts/console.conf' -/-> '/home/jawor/.mpv/script-opts/console.conf'
[   0.006][d][global] config path: 'script-opts/console.conf' -/-> '/etc/mpv/script-opts/console.conf'
[   0.006][d][console] script-opts/console.conf not found.
[   0.006][d][global] config path: 'lua-settings/console.conf' -/-> '/home/jawor/.config/mpv/lua-settings/console.conf'
[   0.006][d][global] config path: 'lua-settings/console.conf' -/-> '/home/jawor/.mpv/lua-settings/console.conf'
[   0.006][d][global] config path: 'lua-settings/console.conf' -/-> '/etc/mpv/lua-settings/console.conf'
[   0.006][d][console] lua-settings/console.conf not found.
[   0.006][d][commands] reading options for commands
[   0.006][d][global] config path: 'script-opts/commands.conf' -/-> '/home/jawor/.config/mpv/script-opts/commands.conf'
[   0.006][d][global] config path: 'script-opts/commands.conf' -/-> '/home/jawor/.mpv/script-opts/commands.conf'
[   0.006][d][global] config path: 'script-opts/commands.conf' -/-> '/etc/mpv/script-opts/commands.conf'
[   0.006][d][commands] script-opts/commands.conf not found.
[   0.006][d][global] config path: 'lua-settings/commands.conf' -/-> '/home/jawor/.config/mpv/lua-settings/commands.conf'
[   0.006][d][global] config path: 'lua-settings/commands.conf' -/-> '/home/jawor/.mpv/lua-settings/commands.conf'
[   0.006][d][global] config path: 'lua-settings/commands.conf' -/-> '/etc/mpv/lua-settings/commands.conf'
[   0.006][d][commands] lua-settings/commands.conf not found.
[   0.006][d][mpvq_live_sync] loading file /home/jawor/.config/mpv/scripts/mpvq-live-sync.lua
[   0.007][d][cplayer] Run command: define-section, flags=64, args=[name="showhide", contents="mouse_move script-binding osc/__keybinding1\nmouse_leave script-binding osc/__keybinding2\n", flags="force"]
[   0.007][d][cplayer] Run command: define-section, flags=64, args=[name="input_positioning", contents="", flags="default"]
[   0.007][d][cplayer] Run command: define-section, flags=64, args=[name="showhide_wc", contents="mouse_move script-binding osc/__keybinding3\nmouse_leave script-binding osc/__keybinding4\n", flags="force"]
[   0.007][d][cplayer] Run command: enable-section, flags=64, args=[name="showhide", flags="allow-hide-cursor+allow-vo-dragging"]
[   0.007][d][cplayer] Run command: define-section, flags=64, args=[name="input_select", contents="", flags="default"]
[   0.007][d][cplayer] Run command: enable-section, flags=64, args=[name="showhide_wc", flags="allow-hide-cursor+allow-vo-dragging"]
[   0.007][d][cplayer] Run command: enable-section, flags=64, args=[name="input_select", flags="allow-hide-cursor+allow-vo-dragging"]
[   0.007][d][cplayer] Run command: define-section, flags=64, args=[name="input_console", contents="", flags="default"]
[   0.007][d][cplayer] Run command: define-section, flags=64, args=[name="input", contents="mbtn_left script-binding osc/__keybinding5\nmbtn_mid script-binding osc/__keybinding6\nmbtn_right script-binding osc/__keybinding7\nshift+mbtn_left script-binding osc/__keybinding8\nwheel_up script-binding osc/__keybinding9\nwheel_down script-binding osc/__keybinding10\nmbtn_left_dbl ignore\nshift+mbtn_left_dbl ignore\nmbtn_right_dbl ignore\n", flags="force"]
[   0.007][d][cplayer] Run command: enable-section, flags=64, args=[name="input_positioning", flags="allow-hide-cursor+allow-vo-dragging"]
[   0.007][d][cplayer] Run command: define-section, flags=64, args=[name="input_forced_select", contents="", flags="force"]
[   0.007][d][cplayer] Run command: enable-section, flags=64, args=[name="input", flags=""]
[   0.007][d][cplayer] Run command: define-section, flags=64, args=[name="input_forced_positioning", contents="", flags="force"]
[   0.007][d][cplayer] Run command: define-section, flags=64, args=[name="input_commands", contents="", flags="default"]
[   0.007][d][cplayer] Run command: enable-section, flags=64, args=[name="input_forced_positioning", flags="allow-hide-cursor+allow-vo-dragging"]
[   0.007][d][cplayer] Run command: enable-section, flags=64, args=[name="input_console", flags="allow-hide-cursor+allow-vo-dragging"]
[   0.007][d][cplayer] Run command: define-section, flags=64, args=[name="input_forced_console", contents="", flags="force"]
[   0.007][d][cplayer] Run command: define-section, flags=64, args=[name="window-controls", contents="mbtn_left script-binding osc/__keybinding11\n", flags="force"]
[   0.007][d][cplayer] Run command: enable-section, flags=64, args=[name="input_forced_console", flags="allow-hide-cursor+allow-vo-dragging"]
[   0.007][d][cplayer] Run command: enable-section, flags=64, args=[name="window-controls", flags=""]
[   0.007][d][cplayer] Run command: enable-section, flags=64, args=[name="input_commands", flags="allow-hide-cursor+allow-vo-dragging"]
[   0.007][d][cplayer] Run command: enable-section, flags=64, args=[name="input_forced_select", flags="allow-hide-cursor+allow-vo-dragging"]
[   0.007][d][cplayer] Run command: define-section, flags=64, args=[name="input_forced_commands", contents="", flags="force"]
[   0.007][d][cplayer] Run command: enable-section, flags=64, args=[name="input_forced_commands", flags="allow-hide-cursor+allow-vo-dragging"]
[   0.007][d][auto_profiles] Destroying client handle...
[   0.007][d][osc] reading options for osc
[   0.007][d][global] config path: 'script-opts/osc.conf' -/-> '/home/jawor/.config/mpv/script-opts/osc.conf'
[   0.007][d][global] config path: 'script-opts/osc.conf' -/-> '/home/jawor/.mpv/script-opts/osc.conf'
[   0.007][d][global] config path: 'script-opts/osc.conf' -/-> '/etc/mpv/script-opts/osc.conf'
[   0.007][d][osc] script-opts/osc.conf not found.
[   0.007][d][global] config path: 'lua-settings/osc.conf' -/-> '/home/jawor/.config/mpv/lua-settings/osc.conf'
[   0.007][d][global] config path: 'lua-settings/osc.conf' -/-> '/home/jawor/.mpv/lua-settings/osc.conf'
[   0.007][d][global] config path: 'lua-settings/osc.conf' -/-> '/etc/mpv/lua-settings/osc.conf'
[   0.007][d][osc] lua-settings/osc.conf not found.
[   0.008][d][cplayer] Run command: define-section, flags=64, args=[name="input_stats", contents="", flags="default"]
[   0.008][d][cplayer] Run command: enable-section, flags=64, args=[name="input_stats", flags="allow-hide-cursor+allow-vo-dragging"]
[   0.008][d][cplayer] Run command: define-section, flags=64, args=[name="input_forced_stats", contents="", flags="force"]
[   0.008][d][cplayer] Run command: enable-section, flags=64, args=[name="input_forced_stats", flags="allow-hide-cursor+allow-vo-dragging"]
[   0.008][v][cplayer] Set property: user-data/osc/visibility="auto" -> 1
[   0.008][d][cplayer] Run command: disable-section, flags=64, args=[name="input"]
[   0.008][d][cplayer] Run command: disable-section, flags=64, args=[name="window-controls"]
[   0.008][v][cplayer] Set property: user-data/osc/margins={"b":0,"r":0,"t":0,"l":0} -> 1
[   0.008][v][cplayer] Done loading scripts.
[   0.008][d][global] state path: 'watch_later' -> '/home/jawor/.local/state/mpv/watch_later'
[   0.008][v][cplayer] Running hook: auto_profiles/on_before_start_file
[   0.008][v][cplayer] Failed sending hook command auto_profiles/on_before_start_file. Removing hook.
[   0.008][d][global] state path: 'watch_later' -> '/home/jawor/.local/state/mpv/watch_later'
[   0.008][i][cplayer] Resuming playback. This behavior can be disabled with --no-resume-playback.
[   0.008][v][cplayer] Loading config '/home/jawor/.local/state/mpv/watch_later/356C736CD642BEA60BB88359C5DB35D6'
[   0.008][v][cplayer] Reading config file /home/jawor/.local/state/mpv/watch_later/356C736CD642BEA60BB88359C5DB35D6
[   0.008][v][ifo_dvdnav] Opening /home/jawor/.local/state/mpv/watch_later/356C736CD642BEA60BB88359C5DB35D6
[   0.008][v][bdmv/bluray] Opening /home/jawor/.local/state/mpv/watch_later/356C736CD642BEA60BB88359C5DB35D6
[   0.008][v][file] Opening /home/jawor/.local/state/mpv/watch_later/356C736CD642BEA60BB88359C5DB35D6
[   0.008][d][file] resize stream to 131072 bytes, drop 0 bytes
[   0.008][d][file] Stream opened successfully.
[   0.008][v][cplayer] Applying profile 'default'...
[   0.008][v][cplayer] Setting option 'start' = '77.360000' (flags = 36)
[   0.008][v][cplayer] Setting option 'speed' = '2.000000' (flags = 36)
[   0.008][v][cplayer] Running hook: auto_profiles/on_load
[   0.008][v][cplayer] Failed sending hook command auto_profiles/on_load. Removing hook.
[   0.008][v][cplayer] Running hook: ytdl_hook/on_load
[   0.008][v][ytdl_hook] URL matches included substring ^%w+%.youtube%.com/. Trying ytdl first.
[   0.009][d][global] config path: 'yt-dlp' -/-> '/home/jawor/.config/mpv/yt-dlp'
[   0.009][d][global] config path: 'yt-dlp' -/-> '/home/jawor/.mpv/yt-dlp'
[   0.009][d][global] config path: 'yt-dlp' -/-> '/etc/mpv/yt-dlp'
[   0.009][v][ytdl_hook] No youtube-dl found with path yt-dlp in config directories
[   0.009][d][cplayer] Run command: subprocess, flags=64, args=[args="yt-dlp,--no-warnings,-J,--flat-playlist,--sub-format,ass/srt/best,--format,bestvideo[height<=1080][vcodec^=vp9]+bestaudio/best[height<=1080],--external-downloader,aria2c,--remote-components,ejs:github,--http-chunk-size,10M,--cookies-from-browser,brave,--buffer-size,16M,--concurrent-fragments,16,--external-downloader-args,-s 16 -x 16 -k 1M,--sub-langs,all,--write-srt,--no-playlist,--,https://www.youtube.com/watch?v=ezv5DuvCk0E", playback_only="yes", capture_size="67108864", capture_stdout="yes", capture_stderr="yes", detach="no", env="", stdin_data="", passthrough_stdin="no"]
[   0.009][v][ytdl_hook] Starting subprocess: [yt-dlp, --no-warnings, -J, --flat-playlist, --sub-format, ass/srt/best, --format, bestvideo[height<=1080][vcodec^=vp9]+bestaudio/best[height<=1080], --external-downloader, aria2c, --remote-components, ejs:github, --http-chunk-size, 10M, --cookies-from-browser, brave, --buffer-size, 16M, --concurrent-fragments, 16, --external-downloader-args, -s 16 -x 16 -k 1M, --sub-langs, all, --write-srt, --no-playlist, --, https://www.youtube.com/watch?v=ezv5DuvCk0E]
[   0.009][v][cplayer] Set property: user-data/osc/margins={"b":0,"r":0,"t":0,"l":0} -> 1
[   0.009][d][osc] osc_init
[   0.011][v][cplayer] Set property: user-data/osc/margins={"b":0,"r":0,"t":0,"l":0} -> 1
[   0.011][d][global] config path: 'fonts' -/-> '/home/jawor/.config/mpv/fonts'
[   0.011][d][global] config path: 'fonts' -/-> '/home/jawor/.mpv/fonts'
[   0.011][d][global] config path: 'fonts' -/-> '/etc/mpv/fonts'
[   0.011][d][osd/libass] ASS library version: 0x1704000 (runtime 0x1704000)
[   0.011][v][osd/libass] libass API version: 0x1704000
[   0.011][v][osd/libass] libass source: commit: 0.17.4-0-gbbb3c7f1570a4a021e52683f3fbdf74fe492ae84
[   0.012][v][osd/libass] Shaper: FriBidi 1.0.16 (SIMPLE) HarfBuzz-ng 12.3.0 (COMPLEX)
[   0.012][d][global] config path: 'subfont.ttf' -/-> '/home/jawor/.config/mpv/subfont.ttf'
[   0.012][d][global] config path: 'subfont.ttf' -/-> '/home/jawor/.mpv/subfont.ttf'
[   0.012][d][global] config path: 'subfont.ttf' -/-> '/etc/mpv/subfont.ttf'
[   0.012][d][global] config path: 'fonts.conf' -/-> '/home/jawor/.config/mpv/fonts.conf'
[   0.012][d][global] config path: 'fonts.conf' -/-> '/home/jawor/.mpv/fonts.conf'
[   0.012][d][global] config path: 'fonts.conf' -/-> '/etc/mpv/fonts.conf'
[   0.012][v][osd/libass] Setting up fonts...
[   0.029][v][osd/libass] Using font provider fontconfig
[   0.029][v][osd/libass] Done.
[   0.030][d][cplayer] Run command: define-section, flags=64, args=[name="input_osc", contents="", flags="default"]
[   0.030][d][cplayer] Run command: enable-section, flags=64, args=[name="input_osc", flags="allow-hide-cursor+allow-vo-dragging"]
[   0.030][d][cplayer] Run command: define-section, flags=64, args=[name="input_forced_osc", contents="", flags="force"]
[   0.030][d][cplayer] Run command: enable-section, flags=64, args=[name="input_forced_osc", flags="allow-hide-cursor+allow-vo-dragging"]
[   3.769][v][ytdl_hook] Found youtube-dl with path yt-dlp in PATH
[   3.769][v][cplayer] Set property: user-data/mpv/ytdl/path="yt-dlp" -> 1
[   3.772][v][cplayer] Set property: user-data/mpv/ytdl/json-subprocess-result={"error_string":"","killed_by_us":false,"status":0,"stderr":"","stdout":"{\"id\": \"ezv5DuvCk0E\", \"title\": \"NOWOROCZNA NIEMOC CITY! KONIEC ZIELONEJ PASSY! SUNDERLAND - MAN CITY, SKR\\u00d3T MECZU\", \"formats\": [{\"format_id\": \"sb3\", \"format_note\": \"storyboard\", \"ext\": \"mhtml\", \"protocol\": \"mhtml\", \"acodec\": \"none\", \"vcodec\": \"none\", \"url\": \"https://i.ytimg.com/sb/ezv5DuvCk0E/storyboard3_L0/default.jpg?sqp=-oaymwENSDfyq4qpAwVwAcABBqLzl_8DBgix4tvKBg==&sigh=rs$AOn4CLAiZd9FX8GVNWwM-GvOd6sB__cMrw\", \"width\": 48, \"height\": 27, \"fps\": 0.17921146953405018, \"rows\": 10, \"columns\": 10, \"fragments\": [{\"url\": \"https://i.ytimg.com/sb/ezv5DuvCk0E/storyboard3_L0/default.jpg?sqp=-oaymwENSDfyq4qpAwVwAcABBqLzl_8DBgix4tvKBg==&sigh=rs$AOn4CLAiZd9FX8GVNWwM-GvOd6sB__cMrw\", \"duration\": 558.0}], \"audio_ext\": \"none\", \"video_ext\": \"none\", \"vbr\": 0, \"abr\": 0, \"tbr\": null, \"resolution\": \"48x27\", \"aspect_ratio\": 1.78, \"filesize_approx\": null, \"http_headers\": {\"User-Agent\": \"Mozilla/5.0 (Windows NT 10.0; Win64; x64) AppleWebKit/537.36 (KHTML, like Gecko) Chrome/139.0.0.0 Safari/537.36\", \"Accept\": \"text/html,application/xhtml+xml,application/xml;q=0.9,*/*;q=0.8\", \"Accept-Language\": \"en-us,en;q=0.5\", \"Sec-Fetch-Mode\": \"navigate\"}, \"format\": \"sb3 - 48x27 (storyboard)\"}, {\"format_id\": \"sb2\", \"format_note\": \"storyboard\", \"ext\": \"mhtml\", \"protocol\": \"mhtml\", \"acodec\": \"none\", \"vcodec\": \"none\", \"url\": \"https://i.ytimg.com/sb/ezv5DuvCk0E/storyboard3_L1/M$M.jpg?sqp=-oaymwENSDfyq4qpAwVwAcABBqLzl_8DBgix4tvKBg==&sigh=rs$AOn4CLAxjr6SsCKEE_PkXXpBU3xHkaCylw\", \"width\": 80, \"height\": 45, \"fps\": 0.2025089605734767, \"rows\": 10, \"columns\": 10, \"fragments\": [{\"url\": \"https://i.ytimg.com/sb/ezv5DuvCk0E/storyboard3_L1/M0.jpg?sqp=-oaymwENSDfyq4qpAwVwAcABBqLzl_8DBgix4tvKBg==&sigh=rs$AOn4CLAxjr6SsCKEE_PkXXpBU3xHkaCylw\", \"duration\": 493.80530973451334}, {\"url\": \"https://i.ytimg.com/sb/ezv5DuvCk0E/storyboard3_L1/M1.jpg?sqp=-oaymwENSDfyq4qpAwVwAcABBqLzl_8DBgix4tvKBg==&sigh=rs$AOn4CLAxjr6SsCKEE_PkXXpBU3xHkaCylw\", \"duration\": 64.19469026548666}], \"audio_ext\": \"none\", \"video_ext\": \"none\", \"vbr\": 0, \"abr\": 0, \"tbr\": null, \"resolution\": \"80x45\", \"aspect_ratio\": 1.78, \"filesize_approx\": null, \"http_headers\": {\"User-Agent\": \"Mozilla/5.0 (Windows NT 10.0; Win64; x64) AppleWebKit/537.36 (KHTML, like Gecko) Chrome/139.0.0.0 Safari/537.36\", \"Accept\": \"text/html,application/xhtml+xml,application/xml;q=0.9,*/*;q=0.8\", \"Accept-Language\": \"en-us,en;q=0.5\", \"Sec-Fetch-Mode\": \"navigate\"}, \"format\": \"sb2 - 80x45 (storyboard)\"}, {\"format_id\": \"sb1\", \"format_note\": \"storyboard\", \"ext\": \"mhtml\", \"protocol\": \"mhtml\", \"acodec\": \"none\", \"vcodec\": \"none\", \"url\": \"https://i.ytimg.com/sb/ezv5DuvCk0E/storyboard3_L2/M$M.jpg?sqp=-oaymwENSDfyq4qpAwVwAcABBqLzl_8DBgix4tvKBg==&sigh=rs$AOn4CLDyyP84BHNyRXEjcPDhbPXcqBKiXA\", \"width\": 160, \"height\": 90, \"fps\": 0.2025089605734767, \"rows\": 5, \"columns\": 5, \"fragments\": [{\"url\": \"https://i.ytimg.com/sb/ezv5DuvCk0E/storyboard3_L2/M0.jpg?sqp=-oaymwENSDfyq4qpAwVwAcABBqLzl_8DBgix4tvKBg==&sigh=rs$AOn4CLDyyP84BHNyRXEjcPDhbPXcqBKiXA\", \"duration\": 123.45132743362834}, {\"url\": \"https://i.ytimg.com/sb/ezv5DuvCk0E/storyboard3_L2/M1.jpg?sqp=-oaymwENSDfyq4qpAwVwAcABBqLzl_8DBgix4tvKBg==&sigh=rs$AOn4CLDyyP84BHNyRXEjcPDhbPXcqBKiXA\", \"duration\": 123.45132743362834}, {\"url\": \"https://i.ytimg.com/sb/ezv5DuvCk0E/storyboard3_L2/M2.jpg?sqp=-oaymwENSDfyq4qpAwVwAcABBqLzl_8DBgix4tvKBg==&sigh=rs$AOn4CLDyyP84BHNyRXEjcPDhbPXcqBKiXA\", \"duration\": 123.45132743362834}, {\"url\": \"https://i.ytimg.com/sb/ezv5DuvCk0E/storyboard3_L2/M3.jpg?sqp=-oaymwENSDfyq4qpAwVwAcABBqLzl_8DBgix4tvKBg==&sigh=rs$AOn4CLDyyP84BHNyRXEjcPDhbPXcqBKiXA\", \"duration\": 123.45132743362834}, {\"url\": \"https://i.ytimg.com/sb/ezv5DuvCk0E/storyboard3_L2/M4.jpg?sqp=-oaymwENSDfyq4qpAwVwAcABBqLzl_8DBgix4tvKBg==&sigh=rs$AOn4CLDyyP84BHNyRXEjcPDhbPXcqBKiXA\", \"duration\": 64.19469026548666}], \"audio_ext\": \"none\", \"video_ext\": \"none\", \"vbr\": 0, \"abr\": 0, \"tbr\": null, \"resolution\": \"160x90\", \"aspect_ratio\": 1.78, \"filesize_approx\": null, \"http_headers\": {\"User-Agent\": \"Mozilla/5.0 (Windows NT 10.0; Win64; x64) AppleWebKit/537.36 (KHTML, like Gecko) Chrome/139.0.0.0 Safari/537.36\", \"Accept\": \"text/html,application/xhtml+xml,application/xml;q=0.9,*/*;q=0.8\", \"Accept-Language\": \"en-us,en;q=0.5\", \"Sec-Fetch-Mode\": \"navigate\"}, \"format\": \"sb1 - 160x90 (storyboard)\"}, {\"format_id\": \"sb0\", \"format_note\": \"storyboard\", \"ext\": \"mhtml\", \"protocol\": \"mhtml\", \"acodec\": \"none\", \"vcodec\": \"none\", \"url\": \"https://i.ytimg.com/sb/ezv5DuvCk0E/storyboard3_L3/M$M.jpg?sqp=-oaymwENSDfyq4qpAwVwAcABBqLzl_8DBgix4tvKBg==&sigh=rs$AOn4CLBq182atoRj2DgPmoIHgwdVRluSSQ\", \"width\": 320, \"height\": 180, \"fps\": 0.2025089605734767, \"rows\": 3, \"columns\": 3, \"fragments\": [{\"url\": \"https://i.ytimg.com/sb/ezv5DuvCk0E/storyboard3_L3/M0.jpg?sqp=-oaymwENSDfyq4qpAwVwAcABBqLzl_8DBgix4tvKBg==&sigh=rs$AOn4CLBq182atoRj2DgPmoIHgwdVRluSSQ\", \"duration\": 44.442477876106196}, {\"url\": \"https://i.ytimg.com/sb/ezv5DuvCk0E/storyboard3_L3/M1.jpg?sqp=-oaymwENSDfyq4qpAwVwAcABBqLzl_8DBgix4tvKBg==&sigh=rs$AOn4CLBq182atoRj2DgPmoIHgwdVRluSSQ\", \"duration\": 44.442477876106196}, {\"url\": \"https://i.ytimg.com/sb/ezv5DuvCk0E/storyboard3_L3/M2.jpg?sqp=-oaymwENSDfyq4qpAwVwAcABBqLzl_8DBgix4tvKBg==&sigh=rs$AOn4CLBq182atoRj2DgPmoIHgwdVRluSSQ\", \"duration\": 44.442477876106196}, {\"url\": \"https://i.ytimg.com/sb/ezv5DuvCk0E/storyboard3_L3/M3.jpg?sqp=-oaymwENSDfyq4qpAwVwAcABBqLzl_8DBgix4tvKBg==&sigh=rs$AOn4CLBq182atoRj2DgPmoIHgwdVRluSSQ\", \"duration\": 44.442477876106196}, {\"url\": \"https://i.ytimg.com/sb/ezv5DuvCk0E/storyboard3_L3/M4.jpg?sqp=-oaymwENSDfyq4qpAwVwAcABBqLzl_8DBgix4tvKBg==&sigh=rs$AOn4CLBq182atoRj2DgPmoIHgwdVRluSSQ\", \"duration\": 44.442477876106196}, {\"url\": \"https://i.ytimg.com/sb/ezv5DuvCk0E/storyboard3_L3/M5.jpg?sqp=-oaymwENSDfyq4qpAwVwAcABBqLzl_8DBgix4tvKBg==&sigh=rs$AOn4CLBq182atoRj2DgPmoIHgwdVRluSSQ\", \"duration\": 44.442477876106196}, {\"url\": \"https://i.ytimg.com/sb/ezv5DuvCk0E/storyboard3_L3/M6.jpg?sqp=-oaymwENSDfyq4qpAwVwAcABBqLzl_8DBgix4tvKBg==&sigh=rs$AOn4CLBq182atoRj2DgPmoIHgwdVRluSSQ\", \"duration\": 44.442477876106196}, {\"url\": \"https://i.ytimg.com/sb/ezv5DuvCk0E/storyboard3_L3/M7.jpg?sqp=-oaymwENSDfyq4qpAwVwAcABBqLzl_8DBgix4tvKBg==&sigh=rs$AOn4CLBq182atoRj2DgPmoIHgwdVRluSSQ\", \"duration\": 44.442477876106196}, {\"url\": \"https://i.ytimg.com/sb/ezv5DuvCk0E/storyboard3_L3/M8.jpg?sqp=-oaymwENSDfyq4qpAwVwAcABBqLzl_8DBgix4tvKBg==&sigh=rs$AOn4CLBq182atoRj2DgPmoIHgwdVRluSSQ\", \"duration\": 44.442477876106196}, {\"url\": \"https://i.ytimg.com/sb/ezv5DuvCk0E/storyboard3_L3/M9.jpg?sqp=-oaymwENSDfyq4qpAwVwAcABBqLzl_8DBgix4tvKBg==&sigh=rs$AOn4CLBq182atoRj2DgPmoIHgwdVRluSSQ\", \"duration\": 44.442477876106196}, {\"url\": \"https://i.ytimg.com/sb/ezv5DuvCk0E/storyboard3_L3/M10.jpg?sqp=-oaymwENSDfyq4qpAwVwAcABBqLzl_8DBgix4tvKBg==&sigh=rs$AOn4CLBq182atoRj2DgPmoIHgwdVRluSSQ\", \"duration\": 44.442477876106196}, {\"url\": \"https://i.ytimg.com/sb/ezv5DuvCk0E/storyboard3_L3/M11.jpg?sqp=-oaymwENSDfyq4qpAwVwAcABBqLzl_8DBgix4tvKBg==&sigh=rs$AOn4CLBq182atoRj2DgPmoIHgwdVRluSSQ\", \"duration\": 44.442477876106196}, {\"url\": \"https://i.ytimg.com/sb/ezv5DuvCk0E/storyboard3_L3/M12.jpg?sqp=-oaymwENSDfyq4qpAwVwAcABBqLzl_8DBgix4tvKBg==&sigh=rs$AOn4CLBq182atoRj2DgPmoIHgwdVRluSSQ\", \"duration\": 24.690265486725593}], \"audio_ext\": \"none\", \"video_ext\": \"none\", \"vbr\": 0, \"abr\": 0, \"tbr\": null, \"resolution\": \"320x180\", \"aspect_ratio\": 1.78, \"filesize_approx\": null, \"http_headers\": {\"User-Agent\": \"Mozilla/5.0 (Windows NT 10.0; Win64; x64) AppleWebKit/537.36 (KHTML, like Gecko) Chrome/139.0.0.0 Safari/537.36\", \"Accept\": \"text/html,application/xhtml+xml,application/xml;q=0.9,*/*;q=0.8\", \"Accept-Language\": \"en-us,en;q=0.5\", \"Sec-Fetch-Mode\": \"navigate\"}, \"format\": \"sb0 - 320x180 (storyboard)\"}, {\"asr\": 48000, \"filesize\": 3572993, \"format_id\": \"249-drc\", \"format_note\": \"low, DRC\", \"source_preference\": -1, \"fps\": null, \"audio_channels\": 2, \"height\": null, \"quality\": 1.5, \"has_drm\": false, \"tbr\": 51.223, \"filesize_approx\": 3572938, \"width\": null, \"language\": \"pl\", \"language_preference\": -1, \"preference\": null, \"ext\": \"webm\", \"vcodec\": \"none\", \"acodec\": \"opus\", \"dynamic_range\": null, \"container\": \"webm_dash\", \"url\": \"https://rr6---sn-2auhvcpax-2v1e.googlevideo.com/videoplayback?expire=1767383343&ei=z8xXafHFHv6Z6dsP-9P_uAs&ip=46.205.207.15&id=o-ANpmlSAWJKetI8zfHYV2qc9SCgLGBRh_JJHChubGwP84&itag=249&source=youtube&requiressl=yes&xpc=EgVo2aDSNQ%3D%3D&cps=380&met=1767361743%2C&mh=WY&mm=31%2C29&mn=sn-2auhvcpax-2v1e%2Csn-f5fz7n7s&ms=au%2Crdu&mv=m&mvi=6&pl=22&rms=au%2Cau&gcr=pl&initcwndbps=1620000&siu=1&bui=AYUSA3Btz6F-qZyhP6ZJxlvABaoREQWAj0ECRoGz6L0LFQ_5vDUFOuc3dHdYOSjuKGC8vj1Bow&vprv=1&svpuc=1&xtags=drc%3D1&mime=audio%2Fwebm&ns=eNYzGU6cvmsJz2TBfIeGsh8R&rqh=1&gir=yes&clen=3572993&dur=558.021&lmt=1767308658672361&mt=1767361280&fvip=4&keepalive=yes&lmw=1&fexp=51514994%2C51557447%2C51565116%2C51565682%2C51580970&c=TVHTML5&sefc=1&txp=5532534&n=yLaEsSVVaXyEDg&sparams=expire%2Cei%2Cip%2Cid%2Citag%2Csource%2Crequiressl%2Cxpc%2Cgcr%2Csiu%2Cbui%2Cvprv%2Csvpuc%2Cxtags%2Cmime%2Cns%2Crqh%2Cgir%2Cclen%2Cdur%2Clmt&sig=AJfQdSswRgIhALqQfv5BYwFt1vyK94cs00JSyYMqTNuyvib2wakrH65pAiEA4iQdLXa-BgFWyLKHV9SVQqFdX3HQOhZ1A9fgjMY_GwU%3D&lsparams=cps%2Cmet%2Cmh%2Cmm%2Cmn%2Cms%2Cmv%2Cmvi%2Cpl%2Crms%2Cinitcwndbps&lsig=APaTxxMwRQIhAMXE6W9mvMPRBabSAJies6rXSM5DlL-A5pCH7WTblf0hAiBuYoFxTgDX8ct_cXwb0auJz1qDIfETWltyan_j6LQmwg%3D%3D\", \"available_at\": 1767361743, \"downloader_options\": {\"http_chunk_size\": 10485760}, \"protocol\": \"https\", \"audio_ext\": \"webm\", \"video_ext\": \"none\", \"vbr\": 0, \"abr\": 51.223, \"resolution\": \"audio only\", \"aspect_ratio\": null, \"http_headers\": {\"User-Agent\": \"Mozilla/5.0 (Windows NT 10.0; Win64; x64) AppleWebKit/537.36 (KHTML, like Gecko) Chrome/139.0.0.0 Safari/537.36\", \"Accept\": \"text/html,application/xhtml+xml,application/xml;q=0.9,*/*;q=0.8\", \"Accept-Language\": \"en-us,en;q=0.5\", \"Sec-Fetch-Mode\": \"navigate\"}, \"format\": \"249-drc - audio only (low, DRC)\"}, {\"asr\": 48000, \"filesize\": 4718807, \"format_id\": \"250-drc\", \"format_note\": \"low, DRC\", \"source_preference\": -1, \"fps\": null, \"audio_channels\": 2, \"height\": null, \"quality\": 1.5, \"has_drm\": false, \"tbr\": 67.65, \"filesize_approx\": 4718765, \"width\": null, \"language\": \"pl\", \"language_preference\": -1, \"preference\": null, \"ext\": \"webm\", \"vcodec\": \"none\", \"acodec\": \"opus\", \"dynamic_range\": null, \"container\": \"webm_dash\", \"url\": \"https://rr6---sn-2auhvcpax-2v1e.googlevideo.com/videoplayback?expire=1767383343&ei=z8xXafHFHv6Z6dsP-9P_uAs&ip=46.205.207.15&id=o-ANpmlSAWJKetI8zfHYV2qc9SCgLGBRh_JJHChubGwP84&itag=250&source=youtube&requiressl=yes&xpc=EgVo2aDSNQ%3D%3D&cps=380&met=1767361743%2C&mh=WY&mm=31%2C29&mn=sn-2auhvcpax-2v1e%2Csn-f5fz7n7s&ms=au%2Crdu&mv=m&mvi=6&pl=22&rms=au%2Cau&gcr=pl&initcwndbps=1620000&siu=1&bui=AYUSA3Btz6F-qZyhP6ZJxlvABaoREQWAj0ECRoGz6L0LFQ_5vDUFOuc3dHdYOSjuKGC8vj1Bow&vprv=1&svpuc=1&xtags=drc%3D1&mime=audio%2Fwebm&ns=eNYzGU6cvmsJz2TBfIeGsh8R&rqh=1&gir=yes&clen=4718807&dur=558.021&lmt=1767308658424599&mt=1767361280&fvip=4&keepalive=yes&lmw=1&fexp=51514994%2C51557447%2C51565116%2C51565682%2C51580970&c=TVHTML5&sefc=1&txp=5532534&n=yLaEsSVVaXyEDg&sparams=expire%2Cei%2Cip%2Cid%2Citag%2Csource%2Crequiressl%2Cxpc%2Cgcr%2Csiu%2Cbui%2Cvprv%2Csvpuc%2Cxtags%2Cmime%2Cns%2Crqh%2Cgir%2Cclen%2Cdur%2Clmt&sig=AJfQdSswRQIgeeQ8OGtD77FtmR1NJwbzzJFazL7ppoReCSCISRnmUCoCIQCsgXrNN68Uk25ssmcZsjFgrVhBiatJBwMsjLErzsfBdQ%3D%3D&lsparams=cps%2Cmet%2Cmh%2Cmm%2Cmn%2Cms%2Cmv%2Cmvi%2Cpl%2Crms%2Cinitcwndbps&lsig=APaTxxMwRQIhAMXE6W9mvMPRBabSAJies6rXSM5DlL-A5pCH7WTblf0hAiBuYoFxTgDX8ct_cXwb0auJz1qDIfETWltyan_j6LQmwg%3D%3D\", \"available_at\": 1767361743, \"downloader_options\": {\"http_chunk_size\": 10485760}, \"protocol\": \"https\", \"audio_ext\": \"webm\", \"video_ext\": \"none\", \"vbr\": 0, \"abr\": 67.65, \"resolution\": \"audio only\", \"aspect_ratio\": null, \"http_headers\": {\"User-Agent\": \"Mozilla/5.0 (Windows NT 10.0; Win64; x64) AppleWebKit/537.36 (KHTML, like Gecko) Chrome/139.0.0.0 Safari/537.36\", \"Accept\": \"text/html,application/xhtml+xml,application/xml;q=0.9,*/*;q=0.8\", \"Accept-Language\": \"en-us,en;q=0.5\", \"Sec-Fetch-Mode\": \"navigate\"}, \"format\": \"250-drc - audio only (low, DRC)\"}, {\"asr\": 48000, \"filesize\": 3578372, \"format_id\": \"249\", \"format_note\": \"low\", \"source_preference\": -1, \"fps\": null, \"audio_channels\": 2, \"height\": null, \"quality\": 2.0, \"has_drm\": false, \"tbr\": 51.3, \"filesize_approx\": 3578309, \"width\": null, \"language\": \"pl\", \"language_preference\": -1, \"preference\": null, \"ext\": \"webm\", \"vcodec\": \"none\", \"acodec\": \"opus\", \"dynamic_range\": null, \"container\": \"webm_dash\", \"url\": \"https://rr6---sn-2auhvcpax-2v1e.googlevideo.com/videoplayback?expire=1767383343&ei=z8xXafHFHv6Z6dsP-9P_uAs&ip=46.205.207.15&id=o-ANpmlSAWJKetI8zfHYV2qc9SCgLGBRh_JJHChubGwP84&itag=249&source=youtube&requiressl=yes&xpc=EgVo2aDSNQ%3D%3D&cps=380&met=1767361743%2C&mh=WY&mm=31%2C29&mn=sn-2auhvcpax-2v1e%2Csn-f5fz7n7s&ms=au%2Crdu&mv=m&mvi=6&pl=22&rms=au%2Cau&gcr=pl&initcwndbps=1620000&siu=1&bui=AYUSA3Btz6F-qZyhP6ZJxlvABaoREQWAj0ECRoGz6L0LFQ_5vDUFOuc3dHdYOSjuKGC8vj1Bow&vprv=1&svpuc=1&mime=audio%2Fwebm&ns=eNYzGU6cvmsJz2TBfIeGsh8R&rqh=1&gir=yes&clen=3578372&dur=558.021&lmt=1767308794214497&mt=1767361280&fvip=4&keepalive=yes&lmw=1&fexp=51514994%2C51557447%2C51565116%2C51565682%2C51580970&c=TVHTML5&sefc=1&txp=5532534&n=yLaEsSVVaXyEDg&sparams=expire%2Cei%2Cip%2Cid%2Citag%2Csource%2Crequiressl%2Cxpc%2Cgcr%2Csiu%2Cbui%2Cvprv%2Csvpuc%2Cmime%2Cns%2Crqh%2Cgir%2Cclen%2Cdur%2Clmt&sig=AJfQdSswRAIgAlhQ_ZmArLFngPY6XfQT-DQBgbNohSUQOxJCmpm88ooCIHF9QGIP5uc0DOCpxsrkl8iKWigw-_e2pCYstUJwjAT5&lsparams=cps%2Cmet%2Cmh%2Cmm%2Cmn%2Cms%2Cmv%2Cmvi%2Cpl%2Crms%2Cinitcwndbps&lsig=APaTxxMwRQIhAMXE6W9mvMPRBabSAJies6rXSM5DlL-A5pCH7WTblf0hAiBuYoFxTgDX8ct_cXwb0auJz1qDIfETWltyan_j6LQmwg%3D%3D\", \"available_at\": 1767361743, \"downloader_options\": {\"http_chunk_size\": 10485760}, \"protocol\": \"https\", \"audio_ext\": \"webm\", \"video_ext\": \"none\", \"vbr\": 0, \"abr\": 51.3, \"resolution\": \"audio only\", \"aspect_ratio\": null, \"http_headers\": {\"User-Agent\": \"Mozilla/5.0 (Windows NT 10.0; Win64; x64) AppleWebKit/537.36 (KHTML, like Gecko) Chrome/139.0.0.0 Safari/537.36\", \"Accept\": \"text/html,application/xhtml+xml,application/xml;q=0.9,*/*;q=0.8\", \"Accept-Language\": \"en-us,en;q=0.5\", \"Sec-Fetch-Mode\": \"navigate\"}, \"format\": \"249 - audio only (low)\"}, {\"asr\": 48000, \"filesize\": 4712955, \"format_id\": \"250\", \"format_note\": \"low\", \"source_preference\": -1, \"fps\": null, \"audio_channels\": 2, \"height\": null, \"quality\": 2.0, \"has_drm\": false, \"tbr\": 67.566, \"filesize_approx\": 4712905, \"width\": null, \"language\": \"pl\", \"language_preference\": -1, \"preference\": null, \"ext\": \"webm\", \"vcodec\": \"none\", \"acodec\": \"opus\", \"dynamic_range\": null, \"container\": \"webm_dash\", \"url\": \"https://rr6---sn-2auhvcpax-2v1e.googlevideo.com/videoplayback?expire=1767383343&ei=z8xXafHFHv6Z6dsP-9P_uAs&ip=46.205.207.15&id=o-ANpmlSAWJKetI8zfHYV2qc9SCgLGBRh_JJHChubGwP84&itag=250&source=youtube&requiressl=yes&xpc=EgVo2aDSNQ%3D%3D&cps=380&met=1767361743%2C&mh=WY&mm=31%2C29&mn=sn-2auhvcpax-2v1e%2Csn-f5fz7n7s&ms=au%2Crdu&mv=m&mvi=6&pl=22&rms=au%2Cau&gcr=pl&initcwndbps=1620000&siu=1&bui=AYUSA3Btz6F-qZyhP6ZJxlvABaoREQWAj0ECRoGz6L0LFQ_5vDUFOuc3dHdYOSjuKGC8vj1Bow&vprv=1&svpuc=1&mime=audio%2Fwebm&ns=eNYzGU6cvmsJz2TBfIeGsh8R&rqh=1&gir=yes&clen=4712955&dur=558.021&lmt=1767308794197795&mt=1767361280&fvip=4&keepalive=yes&lmw=1&fexp=51514994%2C51557447%2C51565116%2C51565682%2C51580970&c=TVHTML5&sefc=1&txp=5532534&n=yLaEsSVVaXyEDg&sparams=expire%2Cei%2Cip%2Cid%2Citag%2Csource%2Crequiressl%2Cxpc%2Cgcr%2Csiu%2Cbui%2Cvprv%2Csvpuc%2Cmime%2Cns%2Crqh%2Cgir%2Cclen%2Cdur%2Clmt&sig=AJfQdSswRQIhAOryrVqUehDfQjzOZS9CsTqDozEVQi3ckcHrvZ3NSif3AiBBGOScrfRhXItUnMU-2S5qiUzatmrOTZxHLuACEmmsow%3D%3D&lsparams=cps%2Cmet%2Cmh%2Cmm%2Cmn%2Cms%2Cmv%2Cmvi%2Cpl%2Crms%2Cinitcwndbps&lsig=APaTxxMwRQIhAMXE6W9mvMPRBabSAJies6rXSM5DlL-A5pCH7WTblf0hAiBuYoFxTgDX8ct_cXwb0auJz1qDIfETWltyan_j6LQmwg%3D%3D\", \"available_at\": 1767361743, \"downloader_options\": {\"http_chunk_size\": 10485760}, \"protocol\": \"https\", \"audio_ext\": \"webm\", \"video_ext\": \"none\", \"vbr\": 0, \"abr\": 67.566, \"resolution\": \"audio only\", \"aspect_ratio\": null, \"http_headers\": {\"User-Agent\": \"Mozilla/5.0 (Windows NT 10.0; Win64; x64) AppleWebKit/537.36 (KHTML, like Gecko) Chrome/139.0.0.0 Safari/537.36\", \"Accept\": \"text/html,application/xhtml+xml,application/xml;q=0.9,*/*;q=0.8\", \"Accept-Language\": \"en-us,en;q=0.5\", \"Sec-Fetch-Mode\": \"navigate\"}, \"format\": \"250 - audio only (low)\"}, {\"asr\": 44100, \"filesize\": 9032481, \"format_id\": \"140-drc\", \"format_note\": \"medium, DRC\", \"source_preference\": -1, \"fps\": null, \"audio_channels\": 2, \"height\": null, \"quality\": 2.5, \"has_drm\": false, \"tbr\": 129.482, \"filesize_approx\": 9032470, \"width\": null, \"language\": \"pl\", \"language_preference\": -1, \"preference\": null, \"ext\": \"m4a\", \"vcodec\": \"none\", \"acodec\": \"mp4a.40.2\", \"dynamic_range\": null, \"container\": \"m4a_dash\", \"url\": \"https://rr6---sn-2auhvcpax-2v1e.googlevideo.com/videoplayback?expire=1767383343&ei=z8xXafHFHv6Z6dsP-9P_uAs&ip=46.205.207.15&id=o-ANpmlSAWJKetI8zfHYV2qc9SCgLGBRh_JJHChubGwP84&itag=140&source=youtube&requiressl=yes&xpc=EgVo2aDSNQ%3D%3D&cps=380&met=1767361743%2C&mh=WY&mm=31%2C29&mn=sn-2auhvcpax-2v1e%2Csn-f5fz7n7s&ms=au%2Crdu&mv=m&mvi=6&pl=22&rms=au%2Cau&gcr=pl&initcwndbps=1620000&siu=1&bui=AYUSA3Btz6F-qZyhP6ZJxlvABaoREQWAj0ECRoGz6L0LFQ_5vDUFOuc3dHdYOSjuKGC8vj1Bow&vprv=1&svpuc=1&xtags=drc%3D1&mime=audio%2Fmp4&ns=eNYzGU6cvmsJz2TBfIeGsh8R&rqh=1&gir=yes&clen=9032481&dur=558.068&lmt=1767308638741852&mt=1767361280&fvip=4&keepalive=yes&lmw=1&fexp=51514994%2C51557447%2C51565116%2C51565682%2C51580970&c=TVHTML5&sefc=1&txp=5532534&n=yLaEsSVVaXyEDg&sparams=expire%2Cei%2Cip%2Cid%2Citag%2Csource%2Crequiressl%2Cxpc%2Cgcr%2Csiu%2Cbui%2Cvprv%2Csvpuc%2Cxtags%2Cmime%2Cns%2Crqh%2Cgir%2Cclen%2Cdur%2Clmt&sig=AJfQdSswRgIhALIa0sF8BMraV9zaOkSqvnK_RZSkOsplcMV_FXaAIK43AiEAoqdXQig8vHkcs8nw7_6-WzQpPT1_UapTVWTq9HYWhJ4%3D&lsparams=cps%2Cmet%2Cmh%2Cmm%2Cmn%2Cms%2Cmv%2Cmvi%2Cpl%2Crms%2Cinitcwndbps&lsig=APaTxxMwRQIhAMXE6W9mvMPRBabSAJies6rXSM5DlL-A5pCH7WTblf0hAiBuYoFxTgDX8ct_cXwb0auJz1qDIfETWltyan_j6LQmwg%3D%3D\", \"available_at\": 1767361743, \"downloader_options\": {\"http_chunk_size\": 10485760}, \"protocol\": \"https\", \"audio_ext\": \"m4a\", \"video_ext\": \"none\", \"vbr\": 0, \"abr\": 129.482, \"resolution\": \"audio only\", \"aspect_ratio\": null, \"http_headers\": {\"User-Agent\": \"Mozilla/5.0 (Windows NT 10.0; Win64; x64) AppleWebKit/537.36 (KHTML, like Gecko) Chrome/139.0.0.0 Safari/537.36\", \"Accept\": \"text/html,application/xhtml+xml,application/xml;q=0.9,*/*;q=0.8\", \"Accept-Language\": \"en-us,en;q=0.5\", \"Sec-Fetch-Mode\": \"navigate\"}, \"format\": \"140-drc - audio only (medium, DRC)\"}, {\"asr\": 48000, \"filesize\": 9305466, \"format_id\": \"251-drc\", \"format_note\": \"medium, DRC\", \"source_preference\": -1, \"fps\": null, \"audio_channels\": 2, \"height\": null, \"quality\": 2.5, \"has_drm\": false, \"tbr\": 133.406, \"filesize_approx\": 9305418, \"width\": null, \"language\": \"pl\", \"language_preference\": -1, \"preference\": null, \"ext\": \"webm\", \"vcodec\": \"none\", \"acodec\": \"opus\", \"dynamic_range\": null, \"container\": \"webm_dash\", \"url\": \"https://rr6---sn-2auhvcpax-2v1e.googlevideo.com/videoplayback?expire=1767383343&ei=z8xXafHFHv6Z6dsP-9P_uAs&ip=46.205.207.15&id=o-ANpmlSAWJKetI8zfHYV2qc9SCgLGBRh_JJHChubGwP84&itag=251&source=youtube&requiressl=yes&xpc=EgVo2aDSNQ%3D%3D&cps=380&met=1767361743%2C&mh=WY&mm=31%2C29&mn=sn-2auhvcpax-2v1e%2Csn-f5fz7n7s&ms=au%2Crdu&mv=m&mvi=6&pl=22&rms=au%2Cau&gcr=pl&initcwndbps=1620000&siu=1&bui=AYUSA3Btz6F-qZyhP6ZJxlvABaoREQWAj0ECRoGz6L0LFQ_5vDUFOuc3dHdYOSjuKGC8vj1Bow&vprv=1&svpuc=1&xtags=drc%3D1&mime=audio%2Fwebm&ns=eNYzGU6cvmsJz2TBfIeGsh8R&rqh=1&gir=yes&clen=9305466&dur=558.021&lmt=1767308658502643&mt=1767361280&fvip=4&keepalive=yes&lmw=1&fexp=51514994%2C51557447%2C51565116%2C51565682%2C51580970&c=TVHTML5&sefc=1&txp=5532534&n=yLaEsSVVaXyEDg&sparams=expire%2Cei%2Cip%2Cid%2Citag%2Csource%2Crequiressl%2Cxpc%2Cgcr%2Csiu%2Cbui%2Cvprv%2Csvpuc%2Cxtags%2Cmime%2Cns%2Crqh%2Cgir%2Cclen%2Cdur%2Clmt&sig=AJfQdSswRQIgHsoHWEABZBL_5WfEHtEs_tcsuyMiLFp3-wKnJlKdsBICIQDcJTAZZSDL5RIjFjvjh2U1vDBCTp6s9FcuHKLlBmbepA%3D%3D&lsparams=cps%2Cmet%2Cmh%2Cmm%2Cmn%2Cms%2Cmv%2Cmvi%2Cpl%2Crms%2Cinitcwndbps&lsig=APaTxxMwRQIhAMXE6W9mvMPRBabSAJies6rXSM5DlL-A5pCH7WTblf0hAiBuYoFxTgDX8ct_cXwb0auJz1qDIfETWltyan_j6LQmwg%3D%3D\", \"available_at\": 1767361743, \"downloader_options\": {\"http_chunk_size\": 10485760}, \"protocol\": \"https\", \"audio_ext\": \"webm\", \"video_ext\": \"none\", \"vbr\": 0, \"abr\": 133.406, \"resolution\": \"audio only\", \"aspect_ratio\": null, \"http_headers\": {\"User-Agent\": \"Mozilla/5.0 (Windows NT 10.0; Win64; x64) AppleWebKit/537.36 (KHTML, like Gecko) Chrome/139.0.0.0 Safari/537.36\", \"Accept\": \"text/html,application/xhtml+xml,application/xml;q=0.9,*/*;q=0.8\", \"Accept-Language\": \"en-us,en;q=0.5\", \"Sec-Fetch-Mode\": \"navigate\"}, \"format\": \"251-drc - audio only (medium, DRC)\"}, {\"asr\": 44100, \"filesize\": 9032481, \"format_id\": \"140\", \"format_note\": \"medium\", \"source_preference\": -1, \"fps\": null, \"audio_channels\": 2, \"height\": null, \"quality\": 3.0, \"has_drm\": false, \"tbr\": 129.482, \"filesize_approx\": 9032470, \"width\": null, \"language\": \"pl\", \"language_preference\": -1, \"preference\": null, \"ext\": \"m4a\", \"vcodec\": \"none\", \"acodec\": \"mp4a.40.2\", \"dynamic_range\": null, \"container\": \"m4a_dash\", \"url\": \"https://rr6---sn-2auhvcpax-2v1e.googlevideo.com/videoplayback?expire=1767383343&ei=z8xXafHFHv6Z6dsP-9P_uAs&ip=46.205.207.15&id=o-ANpmlSAWJKetI8zfHYV2qc9SCgLGBRh_JJHChubGwP84&itag=140&source=youtube&requiressl=yes&xpc=EgVo2aDSNQ%3D%3D&cps=380&met=1767361743%2C&mh=WY&mm=31%2C29&mn=sn-2auhvcpax-2v1e%2Csn-f5fz7n7s&ms=au%2Crdu&mv=m&mvi=6&pl=22&rms=au%2Cau&gcr=pl&initcwndbps=1620000&siu=1&bui=AYUSA3Btz6F-qZyhP6ZJxlvABaoREQWAj0ECRoGz6L0LFQ_5vDUFOuc3dHdYOSjuKGC8vj1Bow&vprv=1&svpuc=1&mime=audio%2Fmp4&ns=eNYzGU6cvmsJz2TBfIeGsh8R&rqh=1&gir=yes&clen=9032481&dur=558.068&lmt=1767308695701520&mt=1767361280&fvip=4&keepalive=yes&lmw=1&fexp=51514994%2C51557447%2C51565116%2C51565682%2C51580970&c=TVHTML5&sefc=1&txp=5532534&n=yLaEsSVVaXyEDg&sparams=expire%2Cei%2Cip%2Cid%2Citag%2Csource%2Crequiressl%2Cxpc%2Cgcr%2Csiu%2Cbui%2Cvprv%2Csvpuc%2Cmime%2Cns%2Crqh%2Cgir%2Cclen%2Cdur%2Clmt&sig=AJfQdSswRAIgHDLx5m_VsojbpiLO_DFybp6SG2sY5O9yT0S6l728oAICIDDPgInYBHFieLXHHsDfto0ddvFXljQe0P-ZsuwxpjOA&lsparams=cps%2Cmet%2Cmh%2Cmm%2Cmn%2Cms%2Cmv%2Cmvi%2Cpl%2Crms%2Cinitcwndbps&lsig=APaTxxMwRQIhAMXE6W9mvMPRBabSAJies6rXSM5DlL-A5pCH7WTblf0hAiBuYoFxTgDX8ct_cXwb0auJz1qDIfETWltyan_j6LQmwg%3D%3D\", \"available_at\": 1767361743, \"downloader_options\": {\"http_chunk_size\": 10485760}, \"protocol\": \"https\", \"audio_ext\": \"m4a\", \"video_ext\": \"none\", \"vbr\": 0, \"abr\": 129.482, \"resolution\": \"audio only\", \"aspect_ratio\": null, \"http_headers\": {\"User-Agent\": \"Mozilla/5.0 (Windows NT 10.0; Win64; x64) AppleWebKit/537.36 (KHTML, like Gecko) Chrome/139.0.0.0 Safari/537.36\", \"Accept\": \"text/html,application/xhtml+xml,application/xml;q=0.9,*/*;q=0.8\", \"Accept-Language\": \"en-us,en;q=0.5\", \"Sec-Fetch-Mode\": \"navigate\"}, \"format\": \"140 - audio only (medium)\"}, {\"asr\": 48000, \"filesize\": 9295726, \"format_id\": \"251\", \"format_note\": \"medium\", \"source_preference\": -1, \"fps\": null, \"audio_channels\": 2, \"height\": null, \"quality\": 3.0, \"has_drm\": false, \"tbr\": 133.267, \"filesize_approx\": 9295723, \"width\": null, \"language\": \"pl\", \"language_preference\": -1, \"preference\": null, \"ext\": \"webm\", \"vcodec\": \"none\", \"acodec\": \"opus\", \"dynamic_range\": null, \"container\": \"webm_dash\", \"url\": \"https://rr6---sn-2auhvcpax-2v1e.googlevideo.com/videoplayback?expire=1767383343&ei=z8xXafHFHv6Z6dsP-9P_uAs&ip=46.205.207.15&id=o-ANpmlSAWJKetI8zfHYV2qc9SCgLGBRh_JJHChubGwP84&itag=251&source=youtube&requiressl=yes&xpc=EgVo2aDSNQ%3D%3D&cps=380&met=1767361743%2C&mh=WY&mm=31%2C29&mn=sn-2auhvcpax-2v1e%2Csn-f5fz7n7s&ms=au%2Crdu&mv=m&mvi=6&pl=22&rms=au%2Cau&gcr=pl&initcwndbps=1620000&siu=1&bui=AYUSA3Btz6F-qZyhP6ZJxlvABaoREQWAj0ECRoGz6L0LFQ_5vDUFOuc3dHdYOSjuKGC8vj1Bow&vprv=1&svpuc=1&mime=audio%2Fwebm&ns=eNYzGU6cvmsJz2TBfIeGsh8R&rqh=1&gir=yes&clen=9295726&dur=558.021&lmt=1767308794245825&mt=1767361280&fvip=4&keepalive=yes&lmw=1&fexp=51514994%2C51557447%2C51565116%2C51565682%2C51580970&c=TVHTML5&sefc=1&txp=5532534&n=yLaEsSVVaXyEDg&sparams=expire%2Cei%2Cip%2Cid%2Citag%2Csource%2Crequiressl%2Cxpc%2Cgcr%2Csiu%2Cbui%2Cvprv%2Csvpuc%2Cmime%2Cns%2Crqh%2Cgir%2Cclen%2Cdur%2Clmt&sig=AJfQdSswRQIhAJ387duR1Q39woUL7NJG0EkLIy5Y275QQqpZHvRkMtXQAiBZbk-C9ycicecPrmKMcnch8zJd6OS17TwgnpAYxoCY7Q%3D%3D&lsparams=cps%2Cmet%2Cmh%2Cmm%2Cmn%2Cms%2Cmv%2Cmvi%2Cpl%2Crms%2Cinitcwndbps&lsig=APaTxxMwRQIhAMXE6W9mvMPRBabSAJies6rXSM5DlL-A5pCH7WTblf0hAiBuYoFxTgDX8ct_cXwb0auJz1qDIfETWltyan_j6LQmwg%3D%3D\", \"available_at\": 1767361743, \"downloader_options\": {\"http_chunk_size\": 10485760}, \"protocol\": \"https\", \"audio_ext\": \"webm\", \"video_ext\": \"none\", \"vbr\": 0, \"abr\": 133.267, \"resolution\": \"audio only\", \"aspect_ratio\": null, \"http_headers\": {\"User-Agent\": \"Mozilla/5.0 (Windows NT 10.0; Win64; x64) AppleWebKit/537.36 (KHTML, like Gecko) Chrome/139.0.0.0 Safari/537.36\", \"Accept\": \"text/html,application/xhtml+xml,application/xml;q=0.9,*/*;q=0.8\", \"Accept-Language\": \"en-us,en;q=0.5\", \"Sec-Fetch-Mode\": \"navigate\"}, \"format\": \"251 - audio only (medium)\"}, {\"format_id\": \"91\", \"format_index\": null, \"url\": \"https://manifest.googlevideo.com/api/manifest/hls_playlist/expire/1767383343/ei/z8xXadXZLYKC6dsP6s2LuQs/ip/46.205.207.15/id/7b3bf90eebc29341/itag/91/source/youtube/requiressl/yes/ratebypass/yes/pfa/1/sgoap/clen%3D3404176%3Bdur%3D558.114%3Bgir%3Dyes%3Bitag%3D139%3Blmt%3D1767308695658237/sgovp/clen%3D5944147%3Bdur%3D558.000%3Bgir%3Dyes%3Bitag%3D160%3Blmt%3D1767311397565156/rqh/1/hls_chunk_host/rr6---sn-2auhvcpax-2v1e.googlevideo.com/xpc/EgVo2aDSNQ%3D%3D/cps/474/met/1767361743,/mh/WY/mm/31,29/mn/sn-2auhvcpax-2v1e,sn-f5fz7n7s/ms/au,rdu/mv/m/mvi/6/pl/22/rms/au,au/gcr/pl/initcwndbps/1620000/siu/1/bui/AYUSA3Bch62AWxeuOacjtAC0Vx47_vmXlw-PWKxf9Dj-C7VIYZ3kW8vqMH9D8Pt0bOP-3PQC3A/spc/wH4Qq8vGZUDr1xWp4ouqOSJjg0u1YfTvhkivttJGDbcg42yrkqOJZdASDRLLQxIBXbZQCRIzcwi6DrwbE_2J_o3v/vprv/1/ns/zrKr0x4RPvi4F8x5OfW7_GgR/playlist_type/CLEAN/dover/11/txp/5535534/mt/1767361280/fvip/4/keepalive/yes/fexp/51355912,51514994,51552689,51565116,51565682,51580968/n/hPCeaAAUtjnR-T1isr/sparams/expire,ei,ip,id,itag,source,requiressl,ratebypass,pfa,sgoap,sgovp,rqh,xpc,gcr,siu,bui,spc,vprv,ns,playlist_type/sig/AJfQdSswRAIgAsyGKLkSvrWNQkxWi-40sM8MQwtgdAqJKZ-7i5Oom7sCIBrcwqnSDpfRN8qcj1z-9vliFfxb9S5ZTVuhAWwSMgpc/lsparams/hls_chunk_host,cps,met,mh,mm,mn,ms,mv,mvi,pl,rms,initcwndbps/lsig/APaTxxMwRgIhAKG-sGFPBQIPDQn5NnicY_3BjKmcM5zlxSWxCx891riRAiEAvJG4uIPMlGSideI2eXvxM5YGoaVKgrUroQGHPllHbLM%3D/playlist/index.m3u8\", \"manifest_url\": \"https://manifest.googlevideo.com/api/manifest/hls_variant/expire/1767383343/ei/z8xXadXZLYKC6dsP6s2LuQs/ip/46.205.207.15/id/7b3bf90eebc29341/source/youtube/requiressl/yes/xpc/EgVo2aDSNQ%3D%3D/playback_host/rr6---sn-2auhvcpax-2v1e.googlevideo.com/cps/474/met/1767361743%2C/mh/WY/mm/31%2C29/mn/sn-2auhvcpax-2v1e%2Csn-f5fz7n7s/ms/au%2Crdu/mv/m/mvi/6/pl/22/rms/au%2Cau/tx/51539830/txs/51539830%2C51539831/hfr/1/maxh/4320/tts_caps/1/maudio/1/gcr/pl/initcwndbps/1620000/siu/1/bui/AYUSA3Bch62AWxeuOacjtAC0Vx47_vmXlw-PWKxf9Dj-C7VIYZ3kW8vqMH9D8Pt0bOP-3PQC3A/spc/wH4Qq8vGZUDr1xWp4ouqOSJjg0u1YfTvhkivttJGDbcg42yrkqOJZdASDRLLQxIBXbZQCRIzcwi6DrwbE_2J_o3v/vprv/1/go/1/ns/zrKr0x4RPvi4F8x5OfW7_GgR/rqh/5/mt/1767361280/fvip/4/nvgoi/1/ncsapi/1/keepalive/yes/fexp/51355912%2C51514994%2C51552689%2C51565116%2C51565682%2C51580968/dover/11/n/hPCeaAAUtjnR-T1isr/itag/0/playlist_type/CLEAN/sparams/expire%2Cei%2Cip%2Cid%2Csource%2Crequiressl%2Cxpc%2Ctx%2Ctxs%2Chfr%2Cmaxh%2Ctts_caps%2Cmaudio%2Cgcr%2Csiu%2Cbui%2Cspc%2Cvprv%2Cgo%2Cns%2Crqh%2Citag%2Cplaylist_type/sig/AJfQdSswRAIgQizdhGj0w1-NIvna1V8Xnk-O9to8Wh-plX94ZVyZrgsCIBy2zJWCyzChQiPdAC-gM_94We7u111auGdgmaTDdjqm/lsparams/playback_host%2Ccps%2Cmet%2Cmh%2Cmm%2Cmn%2Cms%2Cmv%2Cmvi%2Cpl%2Crms%2Cinitcwndbps/lsig/APaTxxMwRQIgAJtZQNUz6EHkeu176RYO83EIZ3tebUASLY90IUt14zcCIQCVnf7XkNRs1NjLhc5hvkSfgPdHSRYjIH6LIdGbOIbtGw%3D%3D/file/index.m3u8\", \"tbr\": 166.179, \"ext\": \"mp4\", \"fps\": 25.0, \"protocol\": \"m3u8_native\", \"preference\": null, \"quality\": 0, \"has_drm\": false, \"width\": 256, \"height\": 144, \"vcodec\": \"avc1.4D400C\", \"acodec\": \"mp4a.40.5\", \"dynamic_range\": \"SDR\", \"available_at\": 1767361750, \"source_preference\": -2, \"language\": \"pl\", \"__needs_testing\": true, \"video_ext\": \"mp4\", \"audio_ext\": \"none\", \"vbr\": null, \"abr\": null, \"resolution\": \"256x144\", \"aspect_ratio\": 1.78, \"http_headers\": {\"User-Agent\": \"Mozilla/5.0 (Windows NT 10.0; Win64; x64) AppleWebKit/537.36 (KHTML, like Gecko) Chrome/139.0.0.0 Safari/537.36\", \"Accept\": \"text/html,application/xhtml+xml,application/xml;q=0.9,*/*;q=0.8\", \"Accept-Language\": \"en-us,en;q=0.5\", \"Sec-Fetch-Mode\": \"navigate\"}, \"format\": \"91 - 256x144\"}, {\"asr\": null, \"filesize\": 5944147, \"format_id\": \"160\", \"format_note\": \"144p\", \"source_preference\": -1, \"fps\": 25, \"audio_channels\": null, \"height\": 144, \"quality\": 0.0, \"has_drm\": false, \"tbr\": 85.22, \"filesize_approx\": 5944095, \"width\": 256, \"language\": null, \"language_preference\": -1, \"preference\": null, \"ext\": \"mp4\", \"vcodec\": \"avc1.4d400c\", \"acodec\": \"none\", \"dynamic_range\": \"SDR\", \"container\": \"mp4_dash\", \"url\": \"https://rr6---sn-2auhvcpax-2v1e.googlevideo.com/videoplayback?expire=1767383343&ei=z8xXafHFHv6Z6dsP-9P_uAs&ip=46.205.207.15&id=o-ANpmlSAWJKetI8zfHYV2qc9SCgLGBRh_JJHChubGwP84&itag=160&aitags=133%2C134%2C135%2C136%2C137%2C160%2C242%2C243%2C244%2C247%2C248%2C278%2C394%2C395%2C396%2C397%2C398%2C399&source=youtube&requiressl=yes&xpc=EgVo2aDSNQ%3D%3D&cps=380&met=1767361743%2C&mh=WY&mm=31%2C29&mn=sn-2auhvcpax-2v1e%2Csn-f5fz7n7s&ms=au%2Crdu&mv=m&mvi=6&pl=22&rms=au%2Cau&gcr=pl&initcwndbps=1620000&siu=1&bui=AYUSA3Btz6F-qZyhP6ZJxlvABaoREQWAj0ECRoGz6L0LFQ_5vDUFOuc3dHdYOSjuKGC8vj1Bow&vprv=1&svpuc=1&mime=video%2Fmp4&ns=eNYzGU6cvmsJz2TBfIeGsh8R&rqh=1&gir=yes&clen=5944147&dur=558.000&lmt=1767311397565156&mt=1767361280&fvip=4&keepalive=yes&lmw=1&fexp=51514994%2C51557447%2C51565116%2C51565682%2C51580970&c=TVHTML5&sefc=1&txp=5535534&n=yLaEsSVVaXyEDg&sparams=expire%2Cei%2Cip%2Cid%2Caitags%2Csource%2Crequiressl%2Cxpc%2Cgcr%2Csiu%2Cbui%2Cvprv%2Csvpuc%2Cmime%2Cns%2Crqh%2Cgir%2Cclen%2Cdur%2Clmt&sig=AJfQdSswRQIhAO_TuMLxirvkz_04FZhpo773w0EZ4dNeNzpLgqQOXSjqAiB7SvnJVv1_bUVpRF32vwc51Yl413oJoxrBB_vaxFGg0g%3D%3D&lsparams=cps%2Cmet%2Cmh%2Cmm%2Cmn%2Cms%2Cmv%2Cmvi%2Cpl%2Crms%2Cinitcwndbps&lsig=APaTxxMwRQIhAMXE6W9mvMPRBabSAJies6rXSM5DlL-A5pCH7WTblf0hAiBuYoFxTgDX8ct_cXwb0auJz1qDIfETWltyan_j6LQmwg%3D%3D\", \"available_at\": 1767361743, \"downloader_options\": {\"http_chunk_size\": 10485760}, \"protocol\": \"https\", \"video_ext\": \"mp4\", \"audio_ext\": \"none\", \"abr\": 0, \"vbr\": 85.22, \"resolution\": \"256x144\", \"aspect_ratio\": 1.78, \"http_headers\": {\"User-Agent\": \"Mozilla/5.0 (Windows NT 10.0; Win64; x64) AppleWebKit/537.36 (KHTML, like Gecko) Chrome/139.0.0.0 Safari/537.36\", \"Accept\": \"text/html,application/xhtml+xml,application/xml;q=0.9,*/*;q=0.8\", \"Accept-Language\": \"en-us,en;q=0.5\", \"Sec-Fetch-Mode\": \"navigate\"}, \"format\": \"160 - 256x144 (144p)\"}, {\"asr\": null, \"filesize\": 4351276, \"format_id\": \"278\", \"format_note\": \"144p\", \"source_preference\": -1, \"fps\": 25, \"audio_channels\": null, \"height\": 144, \"quality\": 0.0, \"has_drm\": false, \"tbr\": 62.383, \"filesize_approx\": 4351214, \"width\": 256, \"language\": null, \"language_preference\": -1, \"preference\": null, \"ext\": \"webm\", \"vcodec\": \"vp9\", \"acodec\": \"none\", \"dynamic_range\": \"SDR\", \"container\": \"webm_dash\", \"url\": \"https://rr6---sn-2auhvcpax-2v1e.googlevideo.com/videoplayback?expire=1767383343&ei=z8xXafHFHv6Z6dsP-9P_uAs&ip=46.205.207.15&id=o-ANpmlSAWJKetI8zfHYV2qc9SCgLGBRh_JJHChubGwP84&itag=278&aitags=133%2C134%2C135%2C136%2C137%2C160%2C242%2C243%2C244%2C247%2C248%2C278%2C394%2C395%2C396%2C397%2C398%2C399&source=youtube&requiressl=yes&xpc=EgVo2aDSNQ%3D%3D&cps=380&met=1767361743%2C&mh=WY&mm=31%2C29&mn=sn-2auhvcpax-2v1e%2Csn-f5fz7n7s&ms=au%2Crdu&mv=m&mvi=6&pl=22&rms=au%2Cau&gcr=pl&initcwndbps=1620000&siu=1&bui=AYUSA3Btz6F-qZyhP6ZJxlvABaoREQWAj0ECRoGz6L0LFQ_5vDUFOuc3dHdYOSjuKGC8vj1Bow&vprv=1&svpuc=1&mime=video%2Fwebm&ns=eNYzGU6cvmsJz2TBfIeGsh8R&rqh=1&gir=yes&clen=4351276&dur=558.000&lmt=1767313640816945&mt=1767361280&fvip=4&keepalive=yes&lmw=1&fexp=51514994%2C51557447%2C51565116%2C51565682%2C51580970&c=TVHTML5&sefc=1&txp=5532534&n=yLaEsSVVaXyEDg&sparams=expire%2Cei%2Cip%2Cid%2Caitags%2Csource%2Crequiressl%2Cxpc%2Cgcr%2Csiu%2Cbui%2Cvprv%2Csvpuc%2Cmime%2Cns%2Crqh%2Cgir%2Cclen%2Cdur%2Clmt&sig=AJfQdSswRQIgQ-d7FLN2cE2PLiyqG4FbkvIWPqlYVb7rZXL6jYH__3UCIQD5bz3jecTlN_do4cr478hgLw_zwBPJJ6tqy-62-XzHtQ%3D%3D&lsparams=cps%2Cmet%2Cmh%2Cmm%2Cmn%2Cms%2Cmv%2Cmvi%2Cpl%2Crms%2Cinitcwndbps&lsig=APaTxxMwRQIhAMXE6W9mvMPRBabSAJies6rXSM5DlL-A5pCH7WTblf0hAiBuYoFxTgDX8ct_cXwb0auJz1qDIfETWltyan_j6LQmwg%3D%3D\", \"available_at\": 1767361743, \"downloader_options\": {\"http_chunk_size\": 10485760}, \"protocol\": \"https\", \"video_ext\": \"webm\", \"audio_ext\": \"none\", \"abr\": 0, \"vbr\": 62.383, \"resolution\": \"256x144\", \"aspect_ratio\": 1.78, \"http_headers\": {\"User-Agent\": \"Mozilla/5.0 (Windows NT 10.0; Win64; x64) AppleWebKit/537.36 (KHTML, like Gecko) Chrome/139.0.0.0 Safari/537.36\", \"Accept\": \"text/html,application/xhtml+xml,application/xml;q=0.9,*/*;q=0.8\", \"Accept-Language\": \"en-us,en;q=0.5\", \"Sec-Fetch-Mode\": \"navigate\"}, \"format\": \"278 - 256x144 (144p)\"}, {\"asr\": null, \"filesize\": 4126342, \"format_id\": \"394\", \"format_note\": \"144p\", \"source_preference\": -1, \"fps\": 25, \"audio_channels\": null, \"height\": 144, \"quality\": 0.0, \"has_drm\": false, \"tbr\": 59.159, \"filesize_approx\": 4126340, \"width\": 256, \"language\": null, \"language_preference\": -1, \"preference\": null, \"ext\": \"mp4\", \"vcodec\": \"av01.0.00M.08\", \"acodec\": \"none\", \"dynamic_range\": \"SDR\", \"container\": \"mp4_dash\", \"url\": \"https://rr6---sn-2auhvcpax-2v1e.googlevideo.com/videoplayback?expire=1767383343&ei=z8xXafHFHv6Z6dsP-9P_uAs&ip=46.205.207.15&id=o-ANpmlSAWJKetI8zfHYV2qc9SCgLGBRh_JJHChubGwP84&itag=394&aitags=133%2C134%2C135%2C136%2C137%2C160%2C242%2C243%2C244%2C247%2C248%2C278%2C394%2C395%2C396%2C397%2C398%2C399&source=youtube&requiressl=yes&xpc=EgVo2aDSNQ%3D%3D&cps=380&met=1767361743%2C&mh=WY&mm=31%2C29&mn=sn-2auhvcpax-2v1e%2Csn-f5fz7n7s&ms=au%2Crdu&mv=m&mvi=6&pl=22&rms=au%2Cau&gcr=pl&initcwndbps=1620000&siu=1&bui=AYUSA3Btz6F-qZyhP6ZJxlvABaoREQWAj0ECRoGz6L0LFQ_5vDUFOuc3dHdYOSjuKGC8vj1Bow&vprv=1&svpuc=1&mime=video%2Fmp4&ns=eNYzGU6cvmsJz2TBfIeGsh8R&rqh=1&gir=yes&clen=4126342&dur=558.000&lmt=1767310732053760&mt=1767361280&fvip=4&keepalive=yes&lmw=1&fexp=51514994%2C51557447%2C51565116%2C51565682%2C51580970&c=TVHTML5&sefc=1&txp=5537534&n=yLaEsSVVaXyEDg&sparams=expire%2Cei%2Cip%2Cid%2Caitags%2Csource%2Crequiressl%2Cxpc%2Cgcr%2Csiu%2Cbui%2Cvprv%2Csvpuc%2Cmime%2Cns%2Crqh%2Cgir%2Cclen%2Cdur%2Clmt&sig=AJfQdSswRQIhALtTUxJI28m0c99oatojgOtCFxjLJKhZiLua94UfOGVJAiAgggfQJJXYFbqLFtZ-GgX1PTXsYwQDeQb9IPRz6JG80Q%3D%3D&lsparams=cps%2Cmet%2Cmh%2Cmm%2Cmn%2Cms%2Cmv%2Cmvi%2Cpl%2Crms%2Cinitcwndbps&lsig=APaTxxMwRQIhAMXE6W9mvMPRBabSAJies6rXSM5DlL-A5pCH7WTblf0hAiBuYoFxTgDX8ct_cXwb0auJz1qDIfETWltyan_j6LQmwg%3D%3D\", \"available_at\": 1767361743, \"downloader_options\": {\"http_chunk_size\": 10485760}, \"protocol\": \"https\", \"video_ext\": \"mp4\", \"audio_ext\": \"none\", \"abr\": 0, \"vbr\": 59.159, \"resolution\": \"256x144\", \"aspect_ratio\": 1.78, \"http_headers\": {\"User-Agent\": \"Mozilla/5.0 (Windows NT 10.0; Win64; x64) AppleWebKit/537.36 (KHTML, like Gecko) Chrome/139.0.0.0 Safari/537.36\", \"Accept\": \"text/html,application/xhtml+xml,application/xml;q=0.9,*/*;q=0.8\", \"Accept-Language\": \"en-us,en;q=0.5\", \"Sec-Fetch-Mode\": \"navigate\"}, \"format\": \"394 - 256x144 (144p)\"}, {\"format_id\": \"92\", \"format_index\": null, \"url\": \"https://manifest.googlevideo.com/api/manifest/hls_playlist/expire/1767383343/ei/z8xXadXZLYKC6dsP6s2LuQs/ip/46.205.207.15/id/7b3bf90eebc29341/itag/92/source/youtube/requiressl/yes/ratebypass/yes/pfa/1/sgoap/clen%3D3404176%3Bdur%3D558.114%3Bgir%3Dyes%3Bitag%3D139%3Blmt%3D1767308695658237/sgovp/clen%3D11386903%3Bdur%3D558.000%3Bgir%3Dyes%3Bitag%3D133%3Blmt%3D1767311410753604/rqh/1/hls_chunk_host/rr6---sn-2auhvcpax-2v1e.googlevideo.com/xpc/EgVo2aDSNQ%3D%3D/cps/474/met/1767361743,/mh/WY/mm/31,29/mn/sn-2auhvcpax-2v1e,sn-f5fz7n7s/ms/au,rdu/mv/m/mvi/6/pl/22/rms/au,au/gcr/pl/initcwndbps/1620000/siu/1/bui/AYUSA3Bch62AWxeuOacjtAC0Vx47_vmXlw-PWKxf9Dj-C7VIYZ3kW8vqMH9D8Pt0bOP-3PQC3A/spc/wH4Qq8vGZUDr1xWp4ouqOSJjg0u1YfTvhkivttJGDbcg42yrkqOJZdASDRLLQxIBXbZQCRIzcwi6DrwbE_2J_o3v/vprv/1/ns/zrKr0x4RPvi4F8x5OfW7_GgR/playlist_type/CLEAN/dover/11/txp/5535534/mt/1767361280/fvip/4/keepalive/yes/fexp/51355912,51514994,51552689,51565116,51565682,51580968/n/hPCeaAAUtjnR-T1isr/sparams/expire,ei,ip,id,itag,source,requiressl,ratebypass,pfa,sgoap,sgovp,rqh,xpc,gcr,siu,bui,spc,vprv,ns,playlist_type/sig/AJfQdSswRgIhALFeKrposxPinGTHuXM8mmNLsnudCCQKQz30BBcpVh5ZAiEA0SNcYwv7JGSMV1GDl6jadpXq6WDq_nC2DkEW5pzsz70%3D/lsparams/hls_chunk_host,cps,met,mh,mm,mn,ms,mv,mvi,pl,rms,initcwndbps/lsig/APaTxxMwRgIhAIVAIrFSqdxlAWel7lj_gZ2BHgsLwgazc_KLmGw433kDAiEAgvN9yLLhz9ruKDKrow2REUlvO0SzI4lfnN3RLo12OdY%3D/playlist/index.m3u8\", \"manifest_url\": \"https://manifest.googlevideo.com/api/manifest/hls_variant/expire/1767383343/ei/z8xXadXZLYKC6dsP6s2LuQs/ip/46.205.207.15/id/7b3bf90eebc29341/source/youtube/requiressl/yes/xpc/EgVo2aDSNQ%3D%3D/playback_host/rr6---sn-2auhvcpax-2v1e.googlevideo.com/cps/474/met/1767361743%2C/mh/WY/mm/31%2C29/mn/sn-2auhvcpax-2v1e%2Csn-f5fz7n7s/ms/au%2Crdu/mv/m/mvi/6/pl/22/rms/au%2Cau/tx/51539830/txs/51539830%2C51539831/hfr/1/maxh/4320/tts_caps/1/maudio/1/gcr/pl/initcwndbps/1620000/siu/1/bui/AYUSA3Bch62AWxeuOacjtAC0Vx47_vmXlw-PWKxf9Dj-C7VIYZ3kW8vqMH9D8Pt0bOP-3PQC3A/spc/wH4Qq8vGZUDr1xWp4ouqOSJjg0u1YfTvhkivttJGDbcg42yrkqOJZdASDRLLQxIBXbZQCRIzcwi6DrwbE_2J_o3v/vprv/1/go/1/ns/zrKr0x4RPvi4F8x5OfW7_GgR/rqh/5/mt/1767361280/fvip/4/nvgoi/1/ncsapi/1/keepalive/yes/fexp/51355912%2C51514994%2C51552689%2C51565116%2C51565682%2C51580968/dover/11/n/hPCeaAAUtjnR-T1isr/itag/0/playlist_type/CLEAN/sparams/expire%2Cei%2Cip%2Cid%2Csource%2Crequiressl%2Cxpc%2Ctx%2Ctxs%2Chfr%2Cmaxh%2Ctts_caps%2Cmaudio%2Cgcr%2Csiu%2Cbui%2Cspc%2Cvprv%2Cgo%2Cns%2Crqh%2Citag%2Cplaylist_type/sig/AJfQdSswRAIgQizdhGj0w1-NIvna1V8Xnk-O9to8Wh-plX94ZVyZrgsCIBy2zJWCyzChQiPdAC-gM_94We7u111auGdgmaTDdjqm/lsparams/playback_host%2Ccps%2Cmet%2Cmh%2Cmm%2Cmn%2Cms%2Cmv%2Cmvi%2Cpl%2Crms%2Cinitcwndbps/lsig/APaTxxMwRQIgAJtZQNUz6EHkeu176RYO83EIZ3tebUASLY90IUt14zcCIQCVnf7XkNRs1NjLhc5hvkSfgPdHSRYjIH6LIdGbOIbtGw%3D%3D/file/index.m3u8\", \"tbr\": 294.241, \"ext\": \"mp4\", \"fps\": 25.0, \"protocol\": \"m3u8_native\", \"preference\": null, \"quality\": 5, \"has_drm\": false, \"width\": 426, \"height\": 240, \"vcodec\": \"avc1.4D4015\", \"acodec\": \"mp4a.40.5\", \"dynamic_range\": \"SDR\", \"available_at\": 1767361750, \"source_preference\": -2, \"language\": \"pl\", \"__needs_testing\": true, \"video_ext\": \"mp4\", \"audio_ext\": \"none\", \"vbr\": null, \"abr\": null, \"resolution\": \"426x240\", \"aspect_ratio\": 1.77, \"http_headers\": {\"User-Agent\": \"Mozilla/5.0 (Windows NT 10.0; Win64; x64) AppleWebKit/537.36 (KHTML, like Gecko) Chrome/139.0.0.0 Safari/537.36\", \"Accept\": \"text/html,application/xhtml+xml,application/xml;q=0.9,*/*;q=0.8\", \"Accept-Language\": \"en-us,en;q=0.5\", \"Sec-Fetch-Mode\": \"navigate\"}, \"format\": \"92 - 426x240\"}, {\"asr\": null, \"filesize\": 11386903, \"format_id\": \"133\", \"format_note\": \"240p\", \"source_preference\": -1, \"fps\": 25, \"audio_channels\": null, \"height\": 240, \"quality\": 5.0, \"has_drm\": false, \"tbr\": 163.253, \"filesize_approx\": 11386896, \"width\": 426, \"language\": null, \"language_preference\": -1, \"preference\": null, \"ext\": \"mp4\", \"vcodec\": \"avc1.4d4015\", \"acodec\": \"none\", \"dynamic_range\": \"SDR\", \"container\": \"mp4_dash\", \"url\": \"https://rr6---sn-2auhvcpax-2v1e.googlevideo.com/videoplayback?expire=1767383343&ei=z8xXafHFHv6Z6dsP-9P_uAs&ip=46.205.207.15&id=o-ANpmlSAWJKetI8zfHYV2qc9SCgLGBRh_JJHChubGwP84&itag=133&aitags=133%2C134%2C135%2C136%2C137%2C160%2C242%2C243%2C244%2C247%2C248%2C278%2C394%2C395%2C396%2C397%2C398%2C399&source=youtube&requiressl=yes&xpc=EgVo2aDSNQ%3D%3D&cps=380&met=1767361743%2C&mh=WY&mm=31%2C29&mn=sn-2auhvcpax-2v1e%2Csn-f5fz7n7s&ms=au%2Crdu&mv=m&mvi=6&pl=22&rms=au%2Cau&gcr=pl&initcwndbps=1620000&siu=1&bui=AYUSA3Btz6F-qZyhP6ZJxlvABaoREQWAj0ECRoGz6L0LFQ_5vDUFOuc3dHdYOSjuKGC8vj1Bow&vprv=1&svpuc=1&mime=video%2Fmp4&ns=eNYzGU6cvmsJz2TBfIeGsh8R&rqh=1&gir=yes&clen=11386903&dur=558.000&lmt=1767311410753604&mt=1767361280&fvip=4&keepalive=yes&lmw=1&fexp=51514994%2C51557447%2C51565116%2C51565682%2C51580970&c=TVHTML5&sefc=1&txp=5535534&n=yLaEsSVVaXyEDg&sparams=expire%2Cei%2Cip%2Cid%2Caitags%2Csource%2Crequiressl%2Cxpc%2Cgcr%2Csiu%2Cbui%2Cvprv%2Csvpuc%2Cmime%2Cns%2Crqh%2Cgir%2Cclen%2Cdur%2Clmt&sig=AJfQdSswRAIgGpL0UK397ov4ZAqfL4yxUebIHj5WQ4StkJE-pwTFlXMCIGWXeX9IcWck7JtPHZcvGpju3QDewMTTDEXT8oUtA9Tr&lsparams=cps%2Cmet%2Cmh%2Cmm%2Cmn%2Cms%2Cmv%2Cmvi%2Cpl%2Crms%2Cinitcwndbps&lsig=APaTxxMwRQIhAMXE6W9mvMPRBabSAJies6rXSM5DlL-A5pCH7WTblf0hAiBuYoFxTgDX8ct_cXwb0auJz1qDIfETWltyan_j6LQmwg%3D%3D\", \"available_at\": 1767361743, \"downloader_options\": {\"http_chunk_size\": 10485760}, \"protocol\": \"https\", \"video_ext\": \"mp4\", \"audio_ext\": \"none\", \"abr\": 0, \"vbr\": 163.253, \"resolution\": \"426x240\", \"aspect_ratio\": 1.77, \"http_headers\": {\"User-Agent\": \"Mozilla/5.0 (Windows NT 10.0; Win64; x64) AppleWebKit/537.36 (KHTML, like Gecko) Chrome/139.0.0.0 Safari/537.36\", \"Accept\": \"text/html,application/xhtml+xml,application/xml;q=0.9,*/*;q=0.8\", \"Accept-Language\": \"en-us,en;q=0.5\", \"Sec-Fetch-Mode\": \"navigate\"}, \"format\": \"133 - 426x240 (240p)\"}, {\"asr\": null, \"filesize\": 9494927, \"format_id\": \"242\", \"format_note\": \"240p\", \"source_preference\": -1, \"fps\": 25, \"audio_channels\": null, \"height\": 240, \"quality\": 5.0, \"has_drm\": false, \"tbr\": 136.127, \"filesize_approx\": 9494858, \"width\": 426, \"language\": null, \"language_preference\": -1, \"preference\": null, \"ext\": \"webm\", \"vcodec\": \"vp9\", \"acodec\": \"none\", \"dynamic_range\": \"SDR\", \"container\": \"webm_dash\", \"url\": \"https://rr6---sn-2auhvcpax-2v1e.googlevideo.com/videoplayback?expire=1767383343&ei=z8xXafHFHv6Z6dsP-9P_uAs&ip=46.205.207.15&id=o-ANpmlSAWJKetI8zfHYV2qc9SCgLGBRh_JJHChubGwP84&itag=242&aitags=133%2C134%2C135%2C136%2C137%2C160%2C242%2C243%2C244%2C247%2C248%2C278%2C394%2C395%2C396%2C397%2C398%2C399&source=youtube&requiressl=yes&xpc=EgVo2aDSNQ%3D%3D&cps=380&met=1767361743%2C&mh=WY&mm=31%2C29&mn=sn-2auhvcpax-2v1e%2Csn-f5fz7n7s&ms=au%2Crdu&mv=m&mvi=6&pl=22&rms=au%2Cau&gcr=pl&initcwndbps=1620000&siu=1&bui=AYUSA3Btz6F-qZyhP6ZJxlvABaoREQWAj0ECRoGz6L0LFQ_5vDUFOuc3dHdYOSjuKGC8vj1Bow&vprv=1&svpuc=1&mime=video%2Fwebm&ns=eNYzGU6cvmsJz2TBfIeGsh8R&rqh=1&gir=yes&clen=9494927&dur=558.000&lmt=1767313639904516&mt=1767361280&fvip=4&keepalive=yes&lmw=1&fexp=51514994%2C51557447%2C51565116%2C51565682%2C51580970&c=TVHTML5&sefc=1&txp=5532534&n=yLaEsSVVaXyEDg&sparams=expire%2Cei%2Cip%2Cid%2Caitags%2Csource%2Crequiressl%2Cxpc%2Cgcr%2Csiu%2Cbui%2Cvprv%2Csvpuc%2Cmime%2Cns%2Crqh%2Cgir%2Cclen%2Cdur%2Clmt&sig=AJfQdSswRgIhAI34L6-q2YPtiGrhUqS_4Z33lXGMooeRSpyf39VGzpO7AiEA3qYKcU5TnwljC9sw2PyGz4YvguiSyBr2UeGctqDDmy4%3D&lsparams=cps%2Cmet%2Cmh%2Cmm%2Cmn%2Cms%2Cmv%2Cmvi%2Cpl%2Crms%2Cinitcwndbps&lsig=APaTxxMwRQIhAMXE6W9mvMPRBabSAJies6rXSM5DlL-A5pCH7WTblf0hAiBuYoFxTgDX8ct_cXwb0auJz1qDIfETWltyan_j6LQmwg%3D%3D\", \"available_at\": 1767361743, \"downloader_options\": {\"http_chunk_size\": 10485760}, \"protocol\": \"https\", \"video_ext\": \"webm\", \"audio_ext\": \"none\", \"abr\": 0, \"vbr\": 136.127, \"resolution\": \"426x240\", \"aspect_ratio\": 1.77, \"http_headers\": {\"User-Agent\": \"Mozilla/5.0 (Windows NT 10.0; Win64; x64) AppleWebKit/537.36 (KHTML, like Gecko) Chrome/139.0.0.0 Safari/537.36\", \"Accept\": \"text/html,application/xhtml+xml,application/xml;q=0.9,*/*;q=0.8\", \"Accept-Language\": \"en-us,en;q=0.5\", \"Sec-Fetch-Mode\": \"navigate\"}, \"format\": \"242 - 426x240 (240p)\"}, {\"asr\": null, \"filesize\": 9480332, \"format_id\": \"395\", \"format_note\": \"240p\", \"source_preference\": -1, \"fps\": 25, \"audio_channels\": null, \"height\": 240, \"quality\": 5.0, \"has_drm\": false, \"tbr\": 135.918, \"filesize_approx\": 9480280, \"width\": 426, \"language\": null, \"language_preference\": -1, \"preference\": null, \"ext\": \"mp4\", \"vcodec\": \"av01.0.00M.08\", \"acodec\": \"none\", \"dynamic_range\": \"SDR\", \"container\": \"mp4_dash\", \"url\": \"https://rr6---sn-2auhvcpax-2v1e.googlevideo.com/videoplayback?expire=1767383343&ei=z8xXafHFHv6Z6dsP-9P_uAs&ip=46.205.207.15&id=o-ANpmlSAWJKetI8zfHYV2qc9SCgLGBRh_JJHChubGwP84&itag=395&aitags=133%2C134%2C135%2C136%2C137%2C160%2C242%2C243%2C244%2C247%2C248%2C278%2C394%2C395%2C396%2C397%2C398%2C399&source=youtube&requiressl=yes&xpc=EgVo2aDSNQ%3D%3D&cps=380&met=1767361743%2C&mh=WY&mm=31%2C29&mn=sn-2auhvcpax-2v1e%2Csn-f5fz7n7s&ms=au%2Crdu&mv=m&mvi=6&pl=22&rms=au%2Cau&gcr=pl&initcwndbps=1620000&siu=1&bui=AYUSA3Btz6F-qZyhP6ZJxlvABaoREQWAj0ECRoGz6L0LFQ_5vDUFOuc3dHdYOSjuKGC8vj1Bow&vprv=1&svpuc=1&mime=video%2Fmp4&ns=eNYzGU6cvmsJz2TBfIeGsh8R&rqh=1&gir=yes&clen=9480332&dur=558.000&lmt=1767311069014376&mt=1767361280&fvip=4&keepalive=yes&lmw=1&fexp=51514994%2C51557447%2C51565116%2C51565682%2C51580970&c=TVHTML5&sefc=1&txp=5537534&n=yLaEsSVVaXyEDg&sparams=expire%2Cei%2Cip%2Cid%2Caitags%2Csource%2Crequiressl%2Cxpc%2Cgcr%2Csiu%2Cbui%2Cvprv%2Csvpuc%2Cmime%2Cns%2Crqh%2Cgir%2Cclen%2Cdur%2Clmt&sig=AJfQdSswRgIhAKf9uLZFycGSXFNNecfAw48OpeugEdtliiDtOs5tHgMuAiEA34RrW4JzUR7Xroke9G-ZDkZZ_MY7aTY-WANY46zfuvs%3D&lsparams=cps%2Cmet%2Cmh%2Cmm%2Cmn%2Cms%2Cmv%2Cmvi%2Cpl%2Crms%2Cinitcwndbps&lsig=APaTxxMwRQIhAMXE6W9mvMPRBabSAJies6rXSM5DlL-A5pCH7WTblf0hAiBuYoFxTgDX8ct_cXwb0auJz1qDIfETWltyan_j6LQmwg%3D%3D\", \"available_at\": 1767361743, \"downloader_options\": {\"http_chunk_size\": 10485760}, \"protocol\": \"https\", \"video_ext\": \"mp4\", \"audio_ext\": \"none\", \"abr\": 0, \"vbr\": 135.918, \"resolution\": \"426x240\", \"aspect_ratio\": 1.77, \"http_headers\": {\"User-Agent\": \"Mozilla/5.0 (Windows NT 10.0; Win64; x64) AppleWebKit/537.36 (KHTML, like Gecko) Chrome/139.0.0.0 Safari/537.36\", \"Accept\": \"text/html,application/xhtml+xml,application/xml;q=0.9,*/*;q=0.8\", \"Accept-Language\": \"en-us,en;q=0.5\", \"Sec-Fetch-Mode\": \"navigate\"}, \"format\": \"395 - 426x240 (240p)\"}, {\"format_id\": \"93\", \"format_index\": null, \"url\": \"https://manifest.googlevideo.com/api/manifest/hls_playlist/expire/1767383343/ei/z8xXadXZLYKC6dsP6s2LuQs/ip/46.205.207.15/id/7b3bf90eebc29341/itag/93/source/youtube/requiressl/yes/ratebypass/yes/pfa/1/sgoap/clen%3D9032481%3Bdur%3D558.068%3Bgir%3Dyes%3Bitag%3D140%3Blmt%3D1767308695701520/sgovp/clen%3D22151840%3Bdur%3D558.000%3Bgir%3Dyes%3Bitag%3D134%3Blmt%3D1767311398719224/rqh/1/hls_chunk_host/rr6---sn-2auhvcpax-2v1e.googlevideo.com/xpc/EgVo2aDSNQ%3D%3D/cps/474/met/1767361743,/mh/WY/mm/31,29/mn/sn-2auhvcpax-2v1e,sn-f5fz7n7s/ms/au,rdu/mv/m/mvi/6/pl/22/rms/au,au/gcr/pl/initcwndbps/1620000/siu/1/bui/AYUSA3Bch62AWxeuOacjtAC0Vx47_vmXlw-PWKxf9Dj-C7VIYZ3kW8vqMH9D8Pt0bOP-3PQC3A/spc/wH4Qq8vGZUDr1xWp4ouqOSJjg0u1YfTvhkivttJGDbcg42yrkqOJZdASDRLLQxIBXbZQCRIzcwi6DrwbE_2J_o3v/vprv/1/ns/zrKr0x4RPvi4F8x5OfW7_GgR/playlist_type/CLEAN/dover/11/txp/5535534/mt/1767361280/fvip/4/keepalive/yes/fexp/51355912,51514994,51552689,51565116,51565682,51580968/n/hPCeaAAUtjnR-T1isr/sparams/expire,ei,ip,id,itag,source,requiressl,ratebypass,pfa,sgoap,sgovp,rqh,xpc,gcr,siu,bui,spc,vprv,ns,playlist_type/sig/AJfQdSswRgIhAJ12vlMRcDm81D2LOT30cnUwPHv5m7E7OpY2PTBuFvLVAiEAsm-1C3h1tJZ3v0a-tmirlvsgP0njkLsRd6vopQ7CpgM%3D/lsparams/hls_chunk_host,cps,met,mh,mm,mn,ms,mv,mvi,pl,rms,initcwndbps/lsig/APaTxxMwRQIgM9650U6ldkQHHXL_Z7o0WCjxoYI6pWLWM3Us2yDdYvcCIQCKbxyDIxjkU5kJJcyoVUGc_LUx2kg3JSvB65H8yP78gA%3D%3D/playlist/index.m3u8\", \"manifest_url\": \"https://manifest.googlevideo.com/api/manifest/hls_variant/expire/1767383343/ei/z8xXadXZLYKC6dsP6s2LuQs/ip/46.205.207.15/id/7b3bf90eebc29341/source/youtube/requiressl/yes/xpc/EgVo2aDSNQ%3D%3D/playback_host/rr6---sn-2auhvcpax-2v1e.googlevideo.com/cps/474/met/1767361743%2C/mh/WY/mm/31%2C29/mn/sn-2auhvcpax-2v1e%2Csn-f5fz7n7s/ms/au%2Crdu/mv/m/mvi/6/pl/22/rms/au%2Cau/tx/51539830/txs/51539830%2C51539831/hfr/1/maxh/4320/tts_caps/1/maudio/1/gcr/pl/initcwndbps/1620000/siu/1/bui/AYUSA3Bch62AWxeuOacjtAC0Vx47_vmXlw-PWKxf9Dj-C7VIYZ3kW8vqMH9D8Pt0bOP-3PQC3A/spc/wH4Qq8vGZUDr1xWp4ouqOSJjg0u1YfTvhkivttJGDbcg42yrkqOJZdASDRLLQxIBXbZQCRIzcwi6DrwbE_2J_o3v/vprv/1/go/1/ns/zrKr0x4RPvi4F8x5OfW7_GgR/rqh/5/mt/1767361280/fvip/4/nvgoi/1/ncsapi/1/keepalive/yes/fexp/51355912%2C51514994%2C51552689%2C51565116%2C51565682%2C51580968/dover/11/n/hPCeaAAUtjnR-T1isr/itag/0/playlist_type/CLEAN/sparams/expire%2Cei%2Cip%2Cid%2Csource%2Crequiressl%2Cxpc%2Ctx%2Ctxs%2Chfr%2Cmaxh%2Ctts_caps%2Cmaudio%2Cgcr%2Csiu%2Cbui%2Cspc%2Cvprv%2Cgo%2Cns%2Crqh%2Citag%2Cplaylist_type/sig/AJfQdSswRAIgQizdhGj0w1-NIvna1V8Xnk-O9to8Wh-plX94ZVyZrgsCIBy2zJWCyzChQiPdAC-gM_94We7u111auGdgmaTDdjqm/lsparams/playback_host%2Ccps%2Cmet%2Cmh%2Cmm%2Cmn%2Cms%2Cmv%2Cmvi%2Cpl%2Crms%2Cinitcwndbps/lsig/APaTxxMwRQIgAJtZQNUz6EHkeu176RYO83EIZ3tebUASLY90IUt14zcCIQCVnf7XkNRs1NjLhc5hvkSfgPdHSRYjIH6LIdGbOIbtGw%3D%3D/file/index.m3u8\", \"tbr\": 738.032, \"ext\": \"mp4\", \"fps\": 25.0, \"protocol\": \"m3u8_native\", \"preference\": null, \"quality\": 6, \"has_drm\": false, \"width\": 640, \"height\": 360, \"vcodec\": \"avc1.4D401E\", \"acodec\": \"mp4a.40.2\", \"dynamic_range\": \"SDR\", \"available_at\": 1767361750, \"source_preference\": -2, \"language\": \"pl\", \"__needs_testing\": true, \"video_ext\": \"mp4\", \"audio_ext\": \"none\", \"vbr\": null, \"abr\": null, \"resolution\": \"640x360\", \"aspect_ratio\": 1.78, \"http_headers\": {\"User-Agent\": \"Mozilla/5.0 (Windows NT 10.0; Win64; x64) AppleWebKit/537.36 (KHTML, like Gecko) Chrome/139.0.0.0 Safari/537.36\", \"Accept\": \"text/html,application/xhtml+xml,application/xml;q=0.9,*/*;q=0.8\", \"Accept-Language\": \"en-us,en;q=0.5\", \"Sec-Fetch-Mode\": \"navigate\"}, \"format\": \"93 - 640x360\"}, {\"asr\": null, \"filesize\": 22151840, \"format_id\": \"134\", \"format_note\": \"360p\", \"source_preference\": -1, \"fps\": 25, \"audio_channels\": null, \"height\": 360, \"quality\": 6.0, \"has_drm\": false, \"tbr\": 317.589, \"filesize_approx\": 22151832, \"width\": 640, \"language\": null, \"language_preference\": -1, \"preference\": null, \"ext\": \"mp4\", \"vcodec\": \"avc1.4d401e\", \"acodec\": \"none\", \"dynamic_range\": \"SDR\", \"container\": \"mp4_dash\", \"url\": \"https://rr6---sn-2auhvcpax-2v1e.googlevideo.com/videoplayback?expire=1767383343&ei=z8xXafHFHv6Z6dsP-9P_uAs&ip=46.205.207.15&id=o-ANpmlSAWJKetI8zfHYV2qc9SCgLGBRh_JJHChubGwP84&itag=134&aitags=133%2C134%2C135%2C136%2C137%2C160%2C242%2C243%2C244%2C247%2C248%2C278%2C394%2C395%2C396%2C397%2C398%2C399&source=youtube&requiressl=yes&xpc=EgVo2aDSNQ%3D%3D&cps=380&met=1767361743%2C&mh=WY&mm=31%2C29&mn=sn-2auhvcpax-2v1e%2Csn-f5fz7n7s&ms=au%2Crdu&mv=m&mvi=6&pl=22&rms=au%2Cau&gcr=pl&initcwndbps=1620000&siu=1&bui=AYUSA3Btz6F-qZyhP6ZJxlvABaoREQWAj0ECRoGz6L0LFQ_5vDUFOuc3dHdYOSjuKGC8vj1Bow&vprv=1&svpuc=1&mime=video%2Fmp4&ns=eNYzGU6cvmsJz2TBfIeGsh8R&rqh=1&gir=yes&clen=22151840&dur=558.000&lmt=1767311398719224&mt=1767361280&fvip=4&keepalive=yes&lmw=1&fexp=51514994%2C51557447%2C51565116%2C51565682%2C51580970&c=TVHTML5&sefc=1&txp=5535534&n=yLaEsSVVaXyEDg&sparams=expire%2Cei%2Cip%2Cid%2Caitags%2Csource%2Crequiressl%2Cxpc%2Cgcr%2Csiu%2Cbui%2Cvprv%2Csvpuc%2Cmime%2Cns%2Crqh%2Cgir%2Cclen%2Cdur%2Clmt&sig=AJfQdSswRAIgbcXHX7g1dJrI8I-frhUz9vNMmKVntIWPDtyt-sKNsRkCIBK9rMelzGaCzX_X_TXYSbAkacCZFtKxFx6baFGwTtmF&lsparams=cps%2Cmet%2Cmh%2Cmm%2Cmn%2Cms%2Cmv%2Cmvi%2Cpl%2Crms%2Cinitcwndbps&lsig=APaTxxMwRQIhAMXE6W9mvMPRBabSAJies6rXSM5DlL-A5pCH7WTblf0hAiBuYoFxTgDX8ct_cXwb0auJz1qDIfETWltyan_j6LQmwg%3D%3D\", \"available_at\": 1767361743, \"downloader_options\": {\"http_chunk_size\": 10485760}, \"protocol\": \"https\", \"video_ext\": \"mp4\", \"audio_ext\": \"none\", \"abr\": 0, \"vbr\": 317.589, \"resolution\": \"640x360\", \"aspect_ratio\": 1.78, \"http_headers\": {\"User-Agent\": \"Mozilla/5.0 (Windows NT 10.0; Win64; x64) AppleWebKit/537.36 (KHTML, like Gecko) Chrome/139.0.0.0 Safari/537.36\", \"Accept\": \"text/html,application/xhtml+xml,application/xml;q=0.9,*/*;q=0.8\", \"Accept-Language\": \"en-us,en;q=0.5\", \"Sec-Fetch-Mode\": \"navigate\"}, \"format\": \"134 - 640x360 (360p)\"}, {\"asr\": 44100, \"filesize\": 48270418, \"format_id\": \"18\", \"format_note\": \"360p\", \"source_preference\": -1, \"fps\": 25, \"audio_channels\": 2, \"height\": 360, \"quality\": 6.0, \"has_drm\": false, \"tbr\": 691.964, \"filesize_approx\": 48270370, \"width\": 640, \"language\": \"pl\", \"language_preference\": -1, \"preference\": null, \"ext\": \"mp4\", \"vcodec\": \"avc1.42001E\", \"acodec\": \"mp4a.40.2\", \"dynamic_range\": \"SDR\", \"url\": \"https://rr6---sn-2auhvcpax-2v1e.googlevideo.com/videoplayback?expire=1767383343&ei=z8xXafHFHv6Z6dsP-9P_uAs&ip=46.205.207.15&id=o-ANpmlSAWJKetI8zfHYV2qc9SCgLGBRh_JJHChubGwP84&itag=18&source=youtube&requiressl=yes&xpc=EgVo2aDSNQ%3D%3D&cps=380&met=1767361743%2C&mh=WY&mm=31%2C29&mn=sn-2auhvcpax-2v1e%2Csn-f5fz7n7s&ms=au%2Crdu&mv=m&mvi=6&pl=22&rms=au%2Cau&gcr=pl&initcwndbps=1620000&siu=1&bui=AYUSA3DsN5fnMDpsiN7nMunex2c7Yz5ZnvHGjl9sKwst-9PmhDBS4kygtxJDDSZ6e0cE995vyQ&vprv=1&svpuc=1&mime=video%2Fmp4&ns=L9me1fW6FkJJR1Lru1z3yScR&rqh=1&gir=yes&clen=48270418&ratebypass=yes&dur=558.068&lmt=1767311040352251&mt=1767361280&fvip=4&lmw=1&fexp=51514994%2C51557447%2C51565116%2C51565682%2C51580970&c=TVHTML5&sefc=1&txp=5538534&n=_zhzkJQRWtWOFQ&sparams=expire%2Cei%2Cip%2Cid%2Citag%2Csource%2Crequiressl%2Cxpc%2Cgcr%2Csiu%2Cbui%2Cvprv%2Csvpuc%2Cmime%2Cns%2Crqh%2Cgir%2Cclen%2Cratebypass%2Cdur%2Clmt&sig=AJfQdSswRAIgdn9tBYGLWJTrgz49Uj6ALnosFK0HE2biLqMAc8lZql4CIHLjg-uD2UtwBuuPQT5GgCpd9lCw5miwUZozRHfPtkwg&lsparams=cps%2Cmet%2Cmh%2Cmm%2Cmn%2Cms%2Cmv%2Cmvi%2Cpl%2Crms%2Cinitcwndbps&lsig=APaTxxMwRQIhAMXE6W9mvMPRBabSAJies6rXSM5DlL-A5pCH7WTblf0hAiBuYoFxTgDX8ct_cXwb0auJz1qDIfETWltyan_j6LQmwg%3D%3D\", \"available_at\": 1767361743, \"downloader_options\": {\"http_chunk_size\": 10485760}, \"protocol\": \"https\", \"video_ext\": \"mp4\", \"audio_ext\": \"none\", \"vbr\": null, \"abr\": null, \"resolution\": \"640x360\", \"aspect_ratio\": 1.78, \"http_headers\": {\"User-Agent\": \"Mozilla/5.0 (Windows NT 10.0; Win64; x64) AppleWebKit/537.36 (KHTML, like Gecko) Chrome/139.0.0.0 Safari/537.36\", \"Accept\": \"text/html,application/xhtml+xml,application/xml;q=0.9,*/*;q=0.8\", \"Accept-Language\": \"en-us,en;q=0.5\", \"Sec-Fetch-Mode\": \"navigate\"}, \"format\": \"18 - 640x360 (360p)\"}, {\"asr\": null, \"filesize\": 21293303, \"format_id\": \"243\", \"format_note\": \"360p\", \"source_preference\": -1, \"fps\": 25, \"audio_channels\": null, \"height\": 360, \"quality\": 6.0, \"has_drm\": false, \"tbr\": 305.28, \"filesize_approx\": 21293280, \"width\": 640, \"language\": null, \"language_preference\": -1, \"preference\": null, \"ext\": \"webm\", \"vcodec\": \"vp9\", \"acodec\": \"none\", \"dynamic_range\": \"SDR\", \"container\": \"webm_dash\", \"url\": \"https://rr6---sn-2auhvcpax-2v1e.googlevideo.com/videoplayback?expire=1767383343&ei=z8xXafHFHv6Z6dsP-9P_uAs&ip=46.205.207.15&id=o-ANpmlSAWJKetI8zfHYV2qc9SCgLGBRh_JJHChubGwP84&itag=243&aitags=133%2C134%2C135%2C136%2C137%2C160%2C242%2C243%2C244%2C247%2C248%2C278%2C394%2C395%2C396%2C397%2C398%2C399&source=youtube&requiressl=yes&xpc=EgVo2aDSNQ%3D%3D&cps=380&met=1767361743%2C&mh=WY&mm=31%2C29&mn=sn-2auhvcpax-2v1e%2Csn-f5fz7n7s&ms=au%2Crdu&mv=m&mvi=6&pl=22&rms=au%2Cau&gcr=pl&initcwndbps=1620000&siu=1&bui=AYUSA3Btz6F-qZyhP6ZJxlvABaoREQWAj0ECRoGz6L0LFQ_5vDUFOuc3dHdYOSjuKGC8vj1Bow&vprv=1&svpuc=1&mime=video%2Fwebm&ns=eNYzGU6cvmsJz2TBfIeGsh8R&rqh=1&gir=yes&clen=21293303&dur=558.000&lmt=1767313656670113&mt=1767361280&fvip=4&keepalive=yes&lmw=1&fexp=51514994%2C51557447%2C51565116%2C51565682%2C51580970&c=TVHTML5&sefc=1&txp=5532534&n=yLaEsSVVaXyEDg&sparams=expire%2Cei%2Cip%2Cid%2Caitags%2Csource%2Crequiressl%2Cxpc%2Cgcr%2Csiu%2Cbui%2Cvprv%2Csvpuc%2Cmime%2Cns%2Crqh%2Cgir%2Cclen%2Cdur%2Clmt&sig=AJfQdSswRAIgWFYZbpyFomgJeow9RzkFxK70A5MulBSnM9KkIAJGehgCICLSITz5jwBO6tNE09LfBD8kIOsX63xp9W3ec-k_nO0t&lsparams=cps%2Cmet%2Cmh%2Cmm%2Cmn%2Cms%2Cmv%2Cmvi%2Cpl%2Crms%2Cinitcwndbps&lsig=APaTxxMwRQIhAMXE6W9mvMPRBabSAJies6rXSM5DlL-A5pCH7WTblf0hAiBuYoFxTgDX8ct_cXwb0auJz1qDIfETWltyan_j6LQmwg%3D%3D\", \"available_at\": 1767361743, \"downloader_options\": {\"http_chunk_size\": 10485760}, \"protocol\": \"https\", \"video_ext\": \"webm\", \"audio_ext\": \"none\", \"abr\": 0, \"vbr\": 305.28, \"resolution\": \"640x360\", \"aspect_ratio\": 1.78, \"http_headers\": {\"User-Agent\": \"Mozilla/5.0 (Windows NT 10.0; Win64; x64) AppleWebKit/537.36 (KHTML, like Gecko) Chrome/139.0.0.0 Safari/537.36\", \"Accept\": \"text/html,application/xhtml+xml,application/xml;q=0.9,*/*;q=0.8\", \"Accept-Language\": \"en-us,en;q=0.5\", \"Sec-Fetch-Mode\": \"navigate\"}, \"format\": \"243 - 640x360 (360p)\"}, {\"asr\": null, \"filesize\": 18558316, \"format_id\": \"396\", \"format_note\": \"360p\", \"source_preference\": -1, \"fps\": 25, \"audio_channels\": null, \"height\": 360, \"quality\": 6.0, \"has_drm\": false, \"tbr\": 266.069, \"filesize_approx\": 18558312, \"width\": 640, \"language\": null, \"language_preference\": -1, \"preference\": null, \"ext\": \"mp4\", \"vcodec\": \"av01.0.01M.08\", \"acodec\": \"none\", \"dynamic_range\": \"SDR\", \"container\": \"mp4_dash\", \"url\": \"https://rr6---sn-2auhvcpax-2v1e.googlevideo.com/videoplayback?expire=1767383343&ei=z8xXafHFHv6Z6dsP-9P_uAs&ip=46.205.207.15&id=o-ANpmlSAWJKetI8zfHYV2qc9SCgLGBRh_JJHChubGwP84&itag=396&aitags=133%2C134%2C135%2C136%2C137%2C160%2C242%2C243%2C244%2C247%2C248%2C278%2C394%2C395%2C396%2C397%2C398%2C399&source=youtube&requiressl=yes&xpc=EgVo2aDSNQ%3D%3D&cps=380&met=1767361743%2C&mh=WY&mm=31%2C29&mn=sn-2auhvcpax-2v1e%2Csn-f5fz7n7s&ms=au%2Crdu&mv=m&mvi=6&pl=22&rms=au%2Cau&gcr=pl&initcwndbps=1620000&siu=1&bui=AYUSA3Btz6F-qZyhP6ZJxlvABaoREQWAj0ECRoGz6L0LFQ_5vDUFOuc3dHdYOSjuKGC8vj1Bow&vprv=1&svpuc=1&mime=video%2Fmp4&ns=eNYzGU6cvmsJz2TBfIeGsh8R&rqh=1&gir=yes&clen=18558316&dur=558.000&lmt=1767311352493520&mt=1767361280&fvip=4&keepalive=yes&lmw=1&fexp=51514994%2C51557447%2C51565116%2C51565682%2C51580970&c=TVHTML5&sefc=1&txp=5537534&n=yLaEsSVVaXyEDg&sparams=expire%2Cei%2Cip%2Cid%2Caitags%2Csource%2Crequiressl%2Cxpc%2Cgcr%2Csiu%2Cbui%2Cvprv%2Csvpuc%2Cmime%2Cns%2Crqh%2Cgir%2Cclen%2Cdur%2Clmt&sig=AJfQdSswRQIhAJzdMER_N8t6L_GBbe40DQtASyt5ZM0g3uwvB2O5ReaLAiBZE7OdING5aucYLpDtxZ8iu6dGrMoyoJGW_C7IxKPMRg%3D%3D&lsparams=cps%2Cmet%2Cmh%2Cmm%2Cmn%2Cms%2Cmv%2Cmvi%2Cpl%2Crms%2Cinitcwndbps&lsig=APaTxxMwRQIhAMXE6W9mvMPRBabSAJies6rXSM5DlL-A5pCH7WTblf0hAiBuYoFxTgDX8ct_cXwb0auJz1qDIfETWltyan_j6LQmwg%3D%3D\", \"available_at\": 1767361743, \"downloader_options\": {\"http_chunk_size\": 10485760}, \"protocol\": \"https\", \"video_ext\": \"mp4\", \"audio_ext\": \"none\", \"abr\": 0, \"vbr\": 266.069, \"resolution\": \"640x360\", \"aspect_ratio\": 1.78, \"http_headers\": {\"User-Agent\": \"Mozilla/5.0 (Windows NT 10.0; Win64; x64) AppleWebKit/537.36 (KHTML, like Gecko) Chrome/139.0.0.0 Safari/537.36\", \"Accept\": \"text/html,application/xhtml+xml,application/xml;q=0.9,*/*;q=0.8\", \"Accept-Language\": \"en-us,en;q=0.5\", \"Sec-Fetch-Mode\": \"navigate\"}, \"format\": \"396 - 640x360 (360p)\"}, {\"format_id\": \"94\", \"format_index\": null, \"url\": \"https://manifest.googlevideo.com/api/manifest/hls_playlist/expire/1767383343/ei/z8xXadXZLYKC6dsP6s2LuQs/ip/46.205.207.15/id/7b3bf90eebc29341/itag/94/source/youtube/requiressl/yes/ratebypass/yes/pfa/1/sgoap/clen%3D9032481%3Bdur%3D558.068%3Bgir%3Dyes%3Bitag%3D140%3Blmt%3D1767308695701520/sgovp/clen%3D33475906%3Bdur%3D558.000%3Bgir%3Dyes%3Bitag%3D135%3Blmt%3D1767311411043286/rqh/1/hls_chunk_host/rr6---sn-2auhvcpax-2v1e.googlevideo.com/xpc/EgVo2aDSNQ%3D%3D/cps/474/met/1767361743,/mh/WY/mm/31,29/mn/sn-2auhvcpax-2v1e,sn-f5fz7n7s/ms/au,rdu/mv/m/mvi/6/pl/22/rms/au,au/gcr/pl/initcwndbps/1620000/siu/1/bui/AYUSA3Bch62AWxeuOacjtAC0Vx47_vmXlw-PWKxf9Dj-C7VIYZ3kW8vqMH9D8Pt0bOP-3PQC3A/spc/wH4Qq8vGZUDr1xWp4ouqOSJjg0u1YfTvhkivttJGDbcg42yrkqOJZdASDRLLQxIBXbZQCRIzcwi6DrwbE_2J_o3v/vprv/1/ns/zrKr0x4RPvi4F8x5OfW7_GgR/playlist_type/CLEAN/dover/11/txp/5535534/mt/1767361280/fvip/4/keepalive/yes/fexp/51355912,51514994,51552689,51565116,51565682,51580968/n/hPCeaAAUtjnR-T1isr/sparams/expire,ei,ip,id,itag,source,requiressl,ratebypass,pfa,sgoap,sgovp,rqh,xpc,gcr,siu,bui,spc,vprv,ns,playlist_type/sig/AJfQdSswRQIgGwfd5ps7A7sLNpSUxwH9bPm9TOCDdlM4BSnwtm8STIQCIQDmUjiErW4mB5_OZKmRsrDmL2dcBbA84RtIVfqY4rASuA%3D%3D/lsparams/hls_chunk_host,cps,met,mh,mm,mn,ms,mv,mvi,pl,rms,initcwndbps/lsig/APaTxxMwRQIhANK7ks7UcLr80qFRLbel5vkwl-o5ytPljbLN3USjM2O9AiA5NUrMxnr4gr6TyGbEI1I-URK-A1K96JsKpE7caE5MbA%3D%3D/playlist/index.m3u8\", \"manifest_url\": \"https://manifest.googlevideo.com/api/manifest/hls_variant/expire/1767383343/ei/z8xXadXZLYKC6dsP6s2LuQs/ip/46.205.207.15/id/7b3bf90eebc29341/source/youtube/requiressl/yes/xpc/EgVo2aDSNQ%3D%3D/playback_host/rr6---sn-2auhvcpax-2v1e.googlevideo.com/cps/474/met/1767361743%2C/mh/WY/mm/31%2C29/mn/sn-2auhvcpax-2v1e%2Csn-f5fz7n7s/ms/au%2Crdu/mv/m/mvi/6/pl/22/rms/au%2Cau/tx/51539830/txs/51539830%2C51539831/hfr/1/maxh/4320/tts_caps/1/maudio/1/gcr/pl/initcwndbps/1620000/siu/1/bui/AYUSA3Bch62AWxeuOacjtAC0Vx47_vmXlw-PWKxf9Dj-C7VIYZ3kW8vqMH9D8Pt0bOP-3PQC3A/spc/wH4Qq8vGZUDr1xWp4ouqOSJjg0u1YfTvhkivttJGDbcg42yrkqOJZdASDRLLQxIBXbZQCRIzcwi6DrwbE_2J_o3v/vprv/1/go/1/ns/zrKr0x4RPvi4F8x5OfW7_GgR/rqh/5/mt/1767361280/fvip/4/nvgoi/1/ncsapi/1/keepalive/yes/fexp/51355912%2C51514994%2C51552689%2C51565116%2C51565682%2C51580968/dover/11/n/hPCeaAAUtjnR-T1isr/itag/0/playlist_type/CLEAN/sparams/expire%2Cei%2Cip%2Cid%2Csource%2Crequiressl%2Cxpc%2Ctx%2Ctxs%2Chfr%2Cmaxh%2Ctts_caps%2Cmaudio%2Cgcr%2Csiu%2Cbui%2Cspc%2Cvprv%2Cgo%2Cns%2Crqh%2Citag%2Cplaylist_type/sig/AJfQdSswRAIgQizdhGj0w1-NIvna1V8Xnk-O9to8Wh-plX94ZVyZrgsCIBy2zJWCyzChQiPdAC-gM_94We7u111auGdgmaTDdjqm/lsparams/playback_host%2Ccps%2Cmet%2Cmh%2Cmm%2Cmn%2Cms%2Cmv%2Cmvi%2Cpl%2Crms%2Cinitcwndbps/lsig/APaTxxMwRQIgAJtZQNUz6EHkeu176RYO83EIZ3tebUASLY90IUt14zcCIQCVnf7XkNRs1NjLhc5hvkSfgPdHSRYjIH6LIdGbOIbtGw%3D%3D/file/index.m3u8\", \"tbr\": 1060.153, \"ext\": \"mp4\", \"fps\": 25.0, \"protocol\": \"m3u8_native\", \"preference\": null, \"quality\": 7, \"has_drm\": false, \"width\": 854, \"height\": 480, \"vcodec\": \"avc1.4D401E\", \"acodec\": \"mp4a.40.2\", \"dynamic_range\": \"SDR\", \"available_at\": 1767361750, \"source_preference\": -2, \"language\": \"pl\", \"__needs_testing\": true, \"video_ext\": \"mp4\", \"audio_ext\": \"none\", \"vbr\": null, \"abr\": null, \"resolution\": \"854x480\", \"aspect_ratio\": 1.78, \"http_headers\": {\"User-Agent\": \"Mozilla/5.0 (Windows NT 10.0; Win64; x64) AppleWebKit/537.36 (KHTML, like Gecko) Chrome/139.0.0.0 Safari/537.36\", \"Accept\": \"text/html,application/xhtml+xml,application/xml;q=0.9,*/*;q=0.8\", \"Accept-Language\": \"en-us,en;q=0.5\", \"Sec-Fetch-Mode\": \"navigate\"}, \"format\": \"94 - 854x480\"}, {\"asr\": null, \"filesize\": 33475906, \"format_id\": \"135\", \"format_note\": \"480p\", \"source_preference\": -1, \"fps\": 25, \"audio_channels\": null, \"height\": 480, \"quality\": 7.0, \"has_drm\": false, \"tbr\": 479.941, \"filesize_approx\": 33475884, \"width\": 854, \"language\": null, \"language_preference\": -1, \"preference\": null, \"ext\": \"mp4\", \"vcodec\": \"avc1.4d401e\", \"acodec\": \"none\", \"dynamic_range\": \"SDR\", \"container\": \"mp4_dash\", \"url\": \"https://rr6---sn-2auhvcpax-2v1e.googlevideo.com/videoplayback?expire=1767383343&ei=z8xXafHFHv6Z6dsP-9P_uAs&ip=46.205.207.15&id=o-ANpmlSAWJKetI8zfHYV2qc9SCgLGBRh_JJHChubGwP84&itag=135&aitags=133%2C134%2C135%2C136%2C137%2C160%2C242%2C243%2C244%2C247%2C248%2C278%2C394%2C395%2C396%2C397%2C398%2C399&source=youtube&requiressl=yes&xpc=EgVo2aDSNQ%3D%3D&cps=380&met=1767361743%2C&mh=WY&mm=31%2C29&mn=sn-2auhvcpax-2v1e%2Csn-f5fz7n7s&ms=au%2Crdu&mv=m&mvi=6&pl=22&rms=au%2Cau&gcr=pl&initcwndbps=1620000&siu=1&bui=AYUSA3Btz6F-qZyhP6ZJxlvABaoREQWAj0ECRoGz6L0LFQ_5vDUFOuc3dHdYOSjuKGC8vj1Bow&vprv=1&svpuc=1&mime=video%2Fmp4&ns=eNYzGU6cvmsJz2TBfIeGsh8R&rqh=1&gir=yes&clen=33475906&dur=558.000&lmt=1767311411043286&mt=1767361280&fvip=4&keepalive=yes&lmw=1&fexp=51514994%2C51557447%2C51565116%2C51565682%2C51580970&c=TVHTML5&sefc=1&txp=5535534&n=yLaEsSVVaXyEDg&sparams=expire%2Cei%2Cip%2Cid%2Caitags%2Csource%2Crequiressl%2Cxpc%2Cgcr%2Csiu%2Cbui%2Cvprv%2Csvpuc%2Cmime%2Cns%2Crqh%2Cgir%2Cclen%2Cdur%2Clmt&sig=AJfQdSswRQIhAJ3WpDgalURoVZWbI-bMgim85-guEZjVQbvLJgPSc3w8AiByXP4V6OpiJWzKIkqwN1GnOZkGT699PcZ3BogTUiuZRw%3D%3D&lsparams=cps%2Cmet%2Cmh%2Cmm%2Cmn%2Cms%2Cmv%2Cmvi%2Cpl%2Crms%2Cinitcwndbps&lsig=APaTxxMwRQIhAMXE6W9mvMPRBabSAJies6rXSM5DlL-A5pCH7WTblf0hAiBuYoFxTgDX8ct_cXwb0auJz1qDIfETWltyan_j6LQmwg%3D%3D\", \"available_at\": 1767361743, \"downloader_options\": {\"http_chunk_size\": 10485760}, \"protocol\": \"https\", \"video_ext\": \"mp4\", \"audio_ext\": \"none\", \"abr\": 0, \"vbr\": 479.941, \"resolution\": \"854x480\", \"aspect_ratio\": 1.78, \"http_headers\": {\"User-Agent\": \"Mozilla/5.0 (Windows NT 10.0; Win64; x64) AppleWebKit/537.36 (KHTML, like Gecko) Chrome/139.0.0.0 Safari/537.36\", \"Accept\": \"text/html,application/xhtml+xml,application/xml;q=0.9,*/*;q=0.8\", \"Accept-Language\": \"en-us,en;q=0.5\", \"Sec-Fetch-Mode\": \"navigate\"}, \"format\": \"135 - 854x480 (480p)\"}, {\"asr\": null, \"filesize\": 35113496, \"format_id\": \"244\", \"format_note\": \"480p\", \"source_preference\": -1, \"fps\": 25, \"audio_channels\": null, \"height\": 480, \"quality\": 7.0, \"has_drm\": false, \"tbr\": 503.419, \"filesize_approx\": 35113475, \"width\": 854, \"language\": null, \"language_preference\": -1, \"preference\": null, \"ext\": \"webm\", \"vcodec\": \"vp9\", \"acodec\": \"none\", \"dynamic_range\": \"SDR\", \"container\": \"webm_dash\", \"url\": \"https://rr6---sn-2auhvcpax-2v1e.googlevideo.com/videoplayback?expire=1767383343&ei=z8xXafHFHv6Z6dsP-9P_uAs&ip=46.205.207.15&id=o-ANpmlSAWJKetI8zfHYV2qc9SCgLGBRh_JJHChubGwP84&itag=244&aitags=133%2C134%2C135%2C136%2C137%2C160%2C242%2C243%2C244%2C247%2C248%2C278%2C394%2C395%2C396%2C397%2C398%2C399&source=youtube&requiressl=yes&xpc=EgVo2aDSNQ%3D%3D&cps=380&met=1767361743%2C&mh=WY&mm=31%2C29&mn=sn-2auhvcpax-2v1e%2Csn-f5fz7n7s&ms=au%2Crdu&mv=m&mvi=6&pl=22&rms=au%2Cau&gcr=pl&initcwndbps=1620000&siu=1&bui=AYUSA3Btz6F-qZyhP6ZJxlvABaoREQWAj0ECRoGz6L0LFQ_5vDUFOuc3dHdYOSjuKGC8vj1Bow&vprv=1&svpuc=1&mime=video%2Fwebm&ns=eNYzGU6cvmsJz2TBfIeGsh8R&rqh=1&gir=yes&clen=35113496&dur=558.000&lmt=1767313647472158&mt=1767361280&fvip=4&keepalive=yes&lmw=1&fexp=51514994%2C51557447%2C51565116%2C51565682%2C51580970&c=TVHTML5&sefc=1&txp=5532534&n=yLaEsSVVaXyEDg&sparams=expire%2Cei%2Cip%2Cid%2Caitags%2Csource%2Crequiressl%2Cxpc%2Cgcr%2Csiu%2Cbui%2Cvprv%2Csvpuc%2Cmime%2Cns%2Crqh%2Cgir%2Cclen%2Cdur%2Clmt&sig=AJfQdSswRAIgasmkmdM7V8nJOetX3J2ZT920lDZG6KofC7udGX018GsCIBs8JTKNTLEw5eeXd5CHK4ZcmQj3Fe7KQbe1X_AMEkO0&lsparams=cps%2Cmet%2Cmh%2Cmm%2Cmn%2Cms%2Cmv%2Cmvi%2Cpl%2Crms%2Cinitcwndbps&lsig=APaTxxMwRQIhAMXE6W9mvMPRBabSAJies6rXSM5DlL-A5pCH7WTblf0hAiBuYoFxTgDX8ct_cXwb0auJz1qDIfETWltyan_j6LQmwg%3D%3D\", \"available_at\": 1767361743, \"downloader_options\": {\"http_chunk_size\": 10485760}, \"protocol\": \"https\", \"video_ext\": \"webm\", \"audio_ext\": \"none\", \"abr\": 0, \"vbr\": 503.419, \"resolution\": \"854x480\", \"aspect_ratio\": 1.78, \"http_headers\": {\"User-Agent\": \"Mozilla/5.0 (Windows NT 10.0; Win64; x64) AppleWebKit/537.36 (KHTML, like Gecko) Chrome/139.0.0.0 Safari/537.36\", \"Accept\": \"text/html,application/xhtml+xml,application/xml;q=0.9,*/*;q=0.8\", \"Accept-Language\": \"en-us,en;q=0.5\", \"Sec-Fetch-Mode\": \"navigate\"}, \"format\": \"244 - 854x480 (480p)\"}, {\"asr\": null, \"filesize\": 31880112, \"format_id\": \"397\", \"format_note\": \"480p\", \"source_preference\": -1, \"fps\": 25, \"audio_channels\": null, \"height\": 480, \"quality\": 7.0, \"has_drm\": false, \"tbr\": 457.062, \"filesize_approx\": 31880074, \"width\": 854, \"language\": null, \"language_preference\": -1, \"preference\": null, \"ext\": \"mp4\", \"vcodec\": \"av01.0.04M.08\", \"acodec\": \"none\", \"dynamic_range\": \"SDR\", \"container\": \"mp4_dash\", \"url\": \"https://rr6---sn-2auhvcpax-2v1e.googlevideo.com/videoplayback?expire=1767383343&ei=z8xXafHFHv6Z6dsP-9P_uAs&ip=46.205.207.15&id=o-ANpmlSAWJKetI8zfHYV2qc9SCgLGBRh_JJHChubGwP84&itag=397&aitags=133%2C134%2C135%2C136%2C137%2C160%2C242%2C243%2C244%2C247%2C248%2C278%2C394%2C395%2C396%2C397%2C398%2C399&source=youtube&requiressl=yes&xpc=EgVo2aDSNQ%3D%3D&cps=380&met=1767361743%2C&mh=WY&mm=31%2C29&mn=sn-2auhvcpax-2v1e%2Csn-f5fz7n7s&ms=au%2Crdu&mv=m&mvi=6&pl=22&rms=au%2Cau&gcr=pl&initcwndbps=1620000&siu=1&bui=AYUSA3Btz6F-qZyhP6ZJxlvABaoREQWAj0ECRoGz6L0LFQ_5vDUFOuc3dHdYOSjuKGC8vj1Bow&vprv=1&svpuc=1&mime=video%2Fmp4&ns=eNYzGU6cvmsJz2TBfIeGsh8R&rqh=1&gir=yes&clen=31880112&dur=558.000&lmt=1767310826928808&mt=1767361280&fvip=4&keepalive=yes&lmw=1&fexp=51514994%2C51557447%2C51565116%2C51565682%2C51580970&c=TVHTML5&sefc=1&txp=5537534&n=yLaEsSVVaXyEDg&sparams=expire%2Cei%2Cip%2Cid%2Caitags%2Csource%2Crequiressl%2Cxpc%2Cgcr%2Csiu%2Cbui%2Cvprv%2Csvpuc%2Cmime%2Cns%2Crqh%2Cgir%2Cclen%2Cdur%2Clmt&sig=AJfQdSswRgIhAJ7adgCjgAjgBj54T39RNVofBmhHHKIKbu5dsBFuLx4AAiEAoSam5CSScQWtf8sYQFSKMfdLCOhmAoLrt9xg5s2c67o%3D&lsparams=cps%2Cmet%2Cmh%2Cmm%2Cmn%2Cms%2Cmv%2Cmvi%2Cpl%2Crms%2Cinitcwndbps&lsig=APaTxxMwRQIhAMXE6W9mvMPRBabSAJies6rXSM5DlL-A5pCH7WTblf0hAiBuYoFxTgDX8ct_cXwb0auJz1qDIfETWltyan_j6LQmwg%3D%3D\", \"available_at\": 1767361743, \"downloader_options\": {\"http_chunk_size\": 10485760}, \"protocol\": \"https\", \"video_ext\": \"mp4\", \"audio_ext\": \"none\", \"abr\": 0, \"vbr\": 457.062, \"resolution\": \"854x480\", \"aspect_ratio\": 1.78, \"http_headers\": {\"User-Agent\": \"Mozilla/5.0 (Windows NT 10.0; Win64; x64) AppleWebKit/537.36 (KHTML, like Gecko) Chrome/139.0.0.0 Safari/537.36\", \"Accept\": \"text/html,application/xhtml+xml,application/xml;q=0.9,*/*;q=0.8\", \"Accept-Language\": \"en-us,en;q=0.5\", \"Sec-Fetch-Mode\": \"navigate\"}, \"format\": \"397 - 854x480 (480p)\"}, {\"format_id\": \"95\", \"format_index\": null, \"url\": \"https://manifest.googlevideo.com/api/manifest/hls_playlist/expire/1767383343/ei/z8xXadXZLYKC6dsP6s2LuQs/ip/46.205.207.15/id/7b3bf90eebc29341/itag/95/source/youtube/requiressl/yes/ratebypass/yes/pfa/1/sgoap/clen%3D9032481%3Bdur%3D558.068%3Bgir%3Dyes%3Bitag%3D140%3Blmt%3D1767308695701520/sgovp/clen%3D60307026%3Bdur%3D558.000%3Bgir%3Dyes%3Bitag%3D136%3Blmt%3D1767311395579917/rqh/1/hls_chunk_host/rr6---sn-2auhvcpax-2v1e.googlevideo.com/xpc/EgVo2aDSNQ%3D%3D/cps/474/met/1767361743,/mh/WY/mm/31,29/mn/sn-2auhvcpax-2v1e,sn-f5fz7n7s/ms/au,rdu/mv/m/mvi/6/pl/22/rms/au,au/gcr/pl/initcwndbps/1620000/siu/1/bui/AYUSA3Bch62AWxeuOacjtAC0Vx47_vmXlw-PWKxf9Dj-C7VIYZ3kW8vqMH9D8Pt0bOP-3PQC3A/spc/wH4Qq8vGZUDr1xWp4ouqOSJjg0u1YfTvhkivttJGDbcg42yrkqOJZdASDRLLQxIBXbZQCRIzcwi6DrwbE_2J_o3v/vprv/1/ns/zrKr0x4RPvi4F8x5OfW7_GgR/playlist_type/CLEAN/dover/11/txp/5535534/mt/1767361280/fvip/4/keepalive/yes/fexp/51355912,51514994,51552689,51565116,51565682,51580968/n/hPCeaAAUtjnR-T1isr/sparams/expire,ei,ip,id,itag,source,requiressl,ratebypass,pfa,sgoap,sgovp,rqh,xpc,gcr,siu,bui,spc,vprv,ns,playlist_type/sig/AJfQdSswRQIhAPgUCh7MednI6OkQBeEdb42W2YMNZlYsbGWyO7M47rPUAiBZA3MRgHDlxb0UFGNlZ3AEt0lbWXvTApoHCgNZgSNOkA%3D%3D/lsparams/hls_chunk_host,cps,met,mh,mm,mn,ms,mv,mvi,pl,rms,initcwndbps/lsig/APaTxxMwRAIgbzDyddaPycokLZ8bOdIoXMBFuBuJnnUIWVFYK10wQP4CIHlCQvX-RHaaAVOKxCiCfMEESuyzwtD5cYCHULEF1OQ8/playlist/index.m3u8\", \"manifest_url\": \"https://manifest.googlevideo.com/api/manifest/hls_variant/expire/1767383343/ei/z8xXadXZLYKC6dsP6s2LuQs/ip/46.205.207.15/id/7b3bf90eebc29341/source/youtube/requiressl/yes/xpc/EgVo2aDSNQ%3D%3D/playback_host/rr6---sn-2auhvcpax-2v1e.googlevideo.com/cps/474/met/1767361743%2C/mh/WY/mm/31%2C29/mn/sn-2auhvcpax-2v1e%2Csn-f5fz7n7s/ms/au%2Crdu/mv/m/mvi/6/pl/22/rms/au%2Cau/tx/51539830/txs/51539830%2C51539831/hfr/1/maxh/4320/tts_caps/1/maudio/1/gcr/pl/initcwndbps/1620000/siu/1/bui/AYUSA3Bch62AWxeuOacjtAC0Vx47_vmXlw-PWKxf9Dj-C7VIYZ3kW8vqMH9D8Pt0bOP-3PQC3A/spc/wH4Qq8vGZUDr1xWp4ouqOSJjg0u1YfTvhkivttJGDbcg42yrkqOJZdASDRLLQxIBXbZQCRIzcwi6DrwbE_2J_o3v/vprv/1/go/1/ns/zrKr0x4RPvi4F8x5OfW7_GgR/rqh/5/mt/1767361280/fvip/4/nvgoi/1/ncsapi/1/keepalive/yes/fexp/51355912%2C51514994%2C51552689%2C51565116%2C51565682%2C51580968/dover/11/n/hPCeaAAUtjnR-T1isr/itag/0/playlist_type/CLEAN/sparams/expire%2Cei%2Cip%2Cid%2Csource%2Crequiressl%2Cxpc%2Ctx%2Ctxs%2Chfr%2Cmaxh%2Ctts_caps%2Cmaudio%2Cgcr%2Csiu%2Cbui%2Cspc%2Cvprv%2Cgo%2Cns%2Crqh%2Citag%2Cplaylist_type/sig/AJfQdSswRAIgQizdhGj0w1-NIvna1V8Xnk-O9to8Wh-plX94ZVyZrgsCIBy2zJWCyzChQiPdAC-gM_94We7u111auGdgmaTDdjqm/lsparams/playback_host%2Ccps%2Cmet%2Cmh%2Cmm%2Cmn%2Cms%2Cmv%2Cmvi%2Cpl%2Crms%2Cinitcwndbps/lsig/APaTxxMwRQIgAJtZQNUz6EHkeu176RYO83EIZ3tebUASLY90IUt14zcCIQCVnf7XkNRs1NjLhc5hvkSfgPdHSRYjIH6LIdGbOIbtGw%3D%3D/file/index.m3u8\", \"tbr\": 1812.41, \"ext\": \"mp4\", \"fps\": 25.0, \"protocol\": \"m3u8_native\", \"preference\": null, \"quality\": 8, \"has_drm\": false, \"width\": 1280, \"height\": 720, \"vcodec\": \"avc1.4D401F\", \"acodec\": \"mp4a.40.2\", \"dynamic_range\": \"SDR\", \"available_at\": 1767361750, \"source_preference\": -2, \"language\": \"pl\", \"__needs_testing\": true, \"video_ext\": \"mp4\", \"audio_ext\": \"none\", \"vbr\": null, \"abr\": null, \"resolution\": \"1280x720\", \"aspect_ratio\": 1.78, \"http_headers\": {\"User-Agent\": \"Mozilla/5.0 (Windows NT 10.0; Win64; x64) AppleWebKit/537.36 (KHTML, like Gecko) Chrome/139.0.0.0 Safari/537.36\", \"Accept\": \"text/html,application/xhtml+xml,application/xml;q=0.9,*/*;q=0.8\", \"Accept-Language\": \"en-us,en;q=0.5\", \"Sec-Fetch-Mode\": \"navigate\"}, \"format\": \"95 - 1280x720\"}, {\"asr\": null, \"filesize\": 60307026, \"format_id\": \"136\", \"format_note\": \"720p\", \"source_preference\": -1, \"fps\": 25, \"audio_channels\": null, \"height\": 720, \"quality\": 8.0, \"has_drm\": false, \"tbr\": 864.616, \"filesize_approx\": 60306966, \"width\": 1280, \"language\": null, \"language_preference\": -1, \"preference\": null, \"ext\": \"mp4\", \"vcodec\": \"avc1.4d401f\", \"acodec\": \"none\", \"dynamic_range\": \"SDR\", \"container\": \"mp4_dash\", \"url\": \"https://rr6---sn-2auhvcpax-2v1e.googlevideo.com/videoplayback?expire=1767383343&ei=z8xXafHFHv6Z6dsP-9P_uAs&ip=46.205.207.15&id=o-ANpmlSAWJKetI8zfHYV2qc9SCgLGBRh_JJHChubGwP84&itag=136&aitags=133%2C134%2C135%2C136%2C137%2C160%2C242%2C243%2C244%2C247%2C248%2C278%2C394%2C395%2C396%2C397%2C398%2C399&source=youtube&requiressl=yes&xpc=EgVo2aDSNQ%3D%3D&cps=380&met=1767361743%2C&mh=WY&mm=31%2C29&mn=sn-2auhvcpax-2v1e%2Csn-f5fz7n7s&ms=au%2Crdu&mv=m&mvi=6&pl=22&rms=au%2Cau&gcr=pl&initcwndbps=1620000&siu=1&bui=AYUSA3Btz6F-qZyhP6ZJxlvABaoREQWAj0ECRoGz6L0LFQ_5vDUFOuc3dHdYOSjuKGC8vj1Bow&vprv=1&svpuc=1&mime=video%2Fmp4&ns=eNYzGU6cvmsJz2TBfIeGsh8R&rqh=1&gir=yes&clen=60307026&dur=558.000&lmt=1767311395579917&mt=1767361280&fvip=4&keepalive=yes&lmw=1&fexp=51514994%2C51557447%2C51565116%2C51565682%2C51580970&c=TVHTML5&sefc=1&txp=5535534&n=yLaEsSVVaXyEDg&sparams=expire%2Cei%2Cip%2Cid%2Caitags%2Csource%2Crequiressl%2Cxpc%2Cgcr%2Csiu%2Cbui%2Cvprv%2Csvpuc%2Cmime%2Cns%2Crqh%2Cgir%2Cclen%2Cdur%2Clmt&sig=AJfQdSswRQIgPw4apg0tXT8Mj83ufANBHF7I3BSpgrJgiXSWBhpteDACIQDMz_qsPPd6yZ3xEoeuJr-ipOrQFT6sZG84JDg_wiYnrQ%3D%3D&lsparams=cps%2Cmet%2Cmh%2Cmm%2Cmn%2Cms%2Cmv%2Cmvi%2Cpl%2Crms%2Cinitcwndbps&lsig=APaTxxMwRQIhAMXE6W9mvMPRBabSAJies6rXSM5DlL-A5pCH7WTblf0hAiBuYoFxTgDX8ct_cXwb0auJz1qDIfETWltyan_j6LQmwg%3D%3D\", \"available_at\": 1767361743, \"downloader_options\": {\"http_chunk_size\": 10485760}, \"protocol\": \"https\", \"video_ext\": \"mp4\", \"audio_ext\": \"none\", \"abr\": 0, \"vbr\": 864.616, \"resolution\": \"1280x720\", \"aspect_ratio\": 1.78, \"http_headers\": {\"User-Agent\": \"Mozilla/5.0 (Windows NT 10.0; Win64; x64) AppleWebKit/537.36 (KHTML, like Gecko) Chrome/139.0.0.0 Safari/537.36\", \"Accept\": \"text/html,application/xhtml+xml,application/xml;q=0.9,*/*;q=0.8\", \"Accept-Language\": \"en-us,en;q=0.5\", \"Sec-Fetch-Mode\": \"navigate\"}, \"format\": \"136 - 1280x720 (720p)\"}, {\"asr\": null, \"filesize\": 67117407, \"format_id\": \"247\", \"format_note\": \"720p\", \"source_preference\": -1, \"fps\": 25, \"audio_channels\": null, \"height\": 720, \"quality\": 8.0, \"has_drm\": false, \"tbr\": 962.256, \"filesize_approx\": 67117356, \"width\": 1280, \"language\": null, \"language_preference\": -1, \"preference\": null, \"ext\": \"webm\", \"vcodec\": \"vp9\", \"acodec\": \"none\", \"dynamic_range\": \"SDR\", \"container\": \"webm_dash\", \"url\": \"https://rr6---sn-2auhvcpax-2v1e.googlevideo.com/videoplayback?expire=1767383343&ei=z8xXafHFHv6Z6dsP-9P_uAs&ip=46.205.207.15&id=o-ANpmlSAWJKetI8zfHYV2qc9SCgLGBRh_JJHChubGwP84&itag=247&aitags=133%2C134%2C135%2C136%2C137%2C160%2C242%2C243%2C244%2C247%2C248%2C278%2C394%2C395%2C396%2C397%2C398%2C399&source=youtube&requiressl=yes&xpc=EgVo2aDSNQ%3D%3D&cps=380&met=1767361743%2C&mh=WY&mm=31%2C29&mn=sn-2auhvcpax-2v1e%2Csn-f5fz7n7s&ms=au%2Crdu&mv=m&mvi=6&pl=22&rms=au%2Cau&gcr=pl&initcwndbps=1620000&siu=1&bui=AYUSA3Btz6F-qZyhP6ZJxlvABaoREQWAj0ECRoGz6L0LFQ_5vDUFOuc3dHdYOSjuKGC8vj1Bow&vprv=1&svpuc=1&mime=video%2Fwebm&ns=eNYzGU6cvmsJz2TBfIeGsh8R&rqh=1&gir=yes&clen=67117407&dur=558.000&lmt=1767313630101606&mt=1767361280&fvip=4&keepalive=yes&lmw=1&fexp=51514994%2C51557447%2C51565116%2C51565682%2C51580970&c=TVHTML5&sefc=1&txp=5532534&n=yLaEsSVVaXyEDg&sparams=expire%2Cei%2Cip%2Cid%2Caitags%2Csource%2Crequiressl%2Cxpc%2Cgcr%2Csiu%2Cbui%2Cvprv%2Csvpuc%2Cmime%2Cns%2Crqh%2Cgir%2Cclen%2Cdur%2Clmt&sig=AJfQdSswRgIhAIFp8qnWJe2p7aIPKhpHyMuaZjWyDybVfnklOcbtafaJAiEA3qa-xKczFOxJnCl-gega-TLFp1_zG5T18i-6i0R4-W4%3D&lsparams=cps%2Cmet%2Cmh%2Cmm%2Cmn%2Cms%2Cmv%2Cmvi%2Cpl%2Crms%2Cinitcwndbps&lsig=APaTxxMwRQIhAMXE6W9mvMPRBabSAJies6rXSM5DlL-A5pCH7WTblf0hAiBuYoFxTgDX8ct_cXwb0auJz1qDIfETWltyan_j6LQmwg%3D%3D\", \"available_at\": 1767361743, \"downloader_options\": {\"http_chunk_size\": 10485760}, \"protocol\": \"https\", \"video_ext\": \"webm\", \"audio_ext\": \"none\", \"abr\": 0, \"vbr\": 962.256, \"resolution\": \"1280x720\", \"aspect_ratio\": 1.78, \"http_headers\": {\"User-Agent\": \"Mozilla/5.0 (Windows NT 10.0; Win64; x64) AppleWebKit/537.36 (KHTML, like Gecko) Chrome/139.0.0.0 Safari/537.36\", \"Accept\": \"text/html,application/xhtml+xml,application/xml;q=0.9,*/*;q=0.8\", \"Accept-Language\": \"en-us,en;q=0.5\", \"Sec-Fetch-Mode\": \"navigate\"}, \"format\": \"247 - 1280x720 (720p)\"}, {\"asr\": null, \"filesize\": 57390345, \"format_id\": \"398\", \"format_note\": \"720p\", \"source_preference\": -1, \"fps\": 25, \"audio_channels\": null, \"height\": 720, \"quality\": 8.0, \"has_drm\": false, \"tbr\": 822.8, \"filesize_approx\": 57390299, \"width\": 1280, \"language\": null, \"language_preference\": -1, \"preference\": null, \"ext\": \"mp4\", \"vcodec\": \"av01.0.05M.08\", \"acodec\": \"none\", \"dynamic_range\": \"SDR\", \"container\": \"mp4_dash\", \"url\": \"https://rr6---sn-2auhvcpax-2v1e.googlevideo.com/videoplayback?expire=1767383343&ei=z8xXafHFHv6Z6dsP-9P_uAs&ip=46.205.207.15&id=o-ANpmlSAWJKetI8zfHYV2qc9SCgLGBRh_JJHChubGwP84&itag=398&aitags=133%2C134%2C135%2C136%2C137%2C160%2C242%2C243%2C244%2C247%2C248%2C278%2C394%2C395%2C396%2C397%2C398%2C399&source=youtube&requiressl=yes&xpc=EgVo2aDSNQ%3D%3D&cps=380&met=1767361743%2C&mh=WY&mm=31%2C29&mn=sn-2auhvcpax-2v1e%2Csn-f5fz7n7s&ms=au%2Crdu&mv=m&mvi=6&pl=22&rms=au%2Cau&gcr=pl&initcwndbps=1620000&siu=1&bui=AYUSA3Btz6F-qZyhP6ZJxlvABaoREQWAj0ECRoGz6L0LFQ_5vDUFOuc3dHdYOSjuKGC8vj1Bow&vprv=1&svpuc=1&mime=video%2Fmp4&ns=eNYzGU6cvmsJz2TBfIeGsh8R&rqh=1&gir=yes&clen=57390345&dur=558.000&lmt=1767310885971344&mt=1767361280&fvip=4&keepalive=yes&lmw=1&fexp=51514994%2C51557447%2C51565116%2C51565682%2C51580970&c=TVHTML5&sefc=1&txp=5537534&n=yLaEsSVVaXyEDg&sparams=expire%2Cei%2Cip%2Cid%2Caitags%2Csource%2Crequiressl%2Cxpc%2Cgcr%2Csiu%2Cbui%2Cvprv%2Csvpuc%2Cmime%2Cns%2Crqh%2Cgir%2Cclen%2Cdur%2Clmt&sig=AJfQdSswRgIhAJRpuHuxqgX3_lIeq6WG0jzrWICzLi9buPjQ16M_p_zpAiEAkGR3QRMvBrYYs-qEQS0SAabBa6i3gRtMCr7bYBwVZMo%3D&lsparams=cps%2Cmet%2Cmh%2Cmm%2Cmn%2Cms%2Cmv%2Cmvi%2Cpl%2Crms%2Cinitcwndbps&lsig=APaTxxMwRQIhAMXE6W9mvMPRBabSAJies6rXSM5DlL-A5pCH7WTblf0hAiBuYoFxTgDX8ct_cXwb0auJz1qDIfETWltyan_j6LQmwg%3D%3D\", \"available_at\": 1767361743, \"downloader_options\": {\"http_chunk_size\": 10485760}, \"protocol\": \"https\", \"video_ext\": \"mp4\", \"audio_ext\": \"none\", \"abr\": 0, \"vbr\": 822.8, \"resolution\": \"1280x720\", \"aspect_ratio\": 1.78, \"http_headers\": {\"User-Agent\": \"Mozilla/5.0 (Windows NT 10.0; Win64; x64) AppleWebKit/537.36 (KHTML, like Gecko) Chrome/139.0.0.0 Safari/537.36\", \"Accept\": \"text/html,application/xhtml+xml,application/xml;q=0.9,*/*;q=0.8\", \"Accept-Language\": \"en-us,en;q=0.5\", \"Sec-Fetch-Mode\": \"navigate\"}, \"format\": \"398 - 1280x720 (720p)\"}, {\"format_id\": \"96\", \"format_index\": null, \"url\": \"https://manifest.googlevideo.com/api/manifest/hls_playlist/expire/1767383343/ei/z8xXadXZLYKC6dsP6s2LuQs/ip/46.205.207.15/id/7b3bf90eebc29341/itag/96/source/youtube/requiressl/yes/ratebypass/yes/pfa/1/sgoap/clen%3D9032481%3Bdur%3D558.068%3Bgir%3Dyes%3Bitag%3D140%3Blmt%3D1767308695701520/sgovp/clen%3D227619047%3Bdur%3D558.000%3Bgir%3Dyes%3Bitag%3D137%3Blmt%3D1767313663216147/rqh/1/hls_chunk_host/rr6---sn-2auhvcpax-2v1e.googlevideo.com/xpc/EgVo2aDSNQ%3D%3D/cps/474/met/1767361743,/mh/WY/mm/31,29/mn/sn-2auhvcpax-2v1e,sn-f5fz7n7s/ms/au,rdu/mv/m/mvi/6/pl/22/rms/au,au/gcr/pl/initcwndbps/1620000/siu/1/bui/AYUSA3Bch62AWxeuOacjtAC0Vx47_vmXlw-PWKxf9Dj-C7VIYZ3kW8vqMH9D8Pt0bOP-3PQC3A/spc/wH4Qq8vGZUDr1xWp4ouqOSJjg0u1YfTvhkivttJGDbcg42yrkqOJZdASDRLLQxIBXbZQCRIzcwi6DrwbE_2J_o3v/vprv/1/ns/zrKr0x4RPvi4F8x5OfW7_GgR/playlist_type/CLEAN/dover/11/txp/5535534/mt/1767361280/fvip/4/keepalive/yes/fexp/51355912,51514994,51552689,51565116,51565682,51580968/n/hPCeaAAUtjnR-T1isr/sparams/expire,ei,ip,id,itag,source,requiressl,ratebypass,pfa,sgoap,sgovp,rqh,xpc,gcr,siu,bui,spc,vprv,ns,playlist_type/sig/AJfQdSswRgIhALB_FkSpUBrjG3mh1_G-PAHXez0slxUdRogGXXdAYraiAiEAksWvS3qMxv6b7pkEQnxB9sdHI-oGkIBXk7sR63JmHdg%3D/lsparams/hls_chunk_host,cps,met,mh,mm,mn,ms,mv,mvi,pl,rms,initcwndbps/lsig/APaTxxMwRQIhAOM_XKmG-5T6pUT8cij5tDMPs3KKXwS9pA9pYzJdn3E1AiATAcB7gLc5Thu-7layNf12HvhNO8sYxSyYlTnSlNyu_w%3D%3D/playlist/index.m3u8\", \"manifest_url\": \"https://manifest.googlevideo.com/api/manifest/hls_variant/expire/1767383343/ei/z8xXadXZLYKC6dsP6s2LuQs/ip/46.205.207.15/id/7b3bf90eebc29341/source/youtube/requiressl/yes/xpc/EgVo2aDSNQ%3D%3D/playback_host/rr6---sn-2auhvcpax-2v1e.googlevideo.com/cps/474/met/1767361743%2C/mh/WY/mm/31%2C29/mn/sn-2auhvcpax-2v1e%2Csn-f5fz7n7s/ms/au%2Crdu/mv/m/mvi/6/pl/22/rms/au%2Cau/tx/51539830/txs/51539830%2C51539831/hfr/1/maxh/4320/tts_caps/1/maudio/1/gcr/pl/initcwndbps/1620000/siu/1/bui/AYUSA3Bch62AWxeuOacjtAC0Vx47_vmXlw-PWKxf9Dj-C7VIYZ3kW8vqMH9D8Pt0bOP-3PQC3A/spc/wH4Qq8vGZUDr1xWp4ouqOSJjg0u1YfTvhkivttJGDbcg42yrkqOJZdASDRLLQxIBXbZQCRIzcwi6DrwbE_2J_o3v/vprv/1/go/1/ns/zrKr0x4RPvi4F8x5OfW7_GgR/rqh/5/mt/1767361280/fvip/4/nvgoi/1/ncsapi/1/keepalive/yes/fexp/51355912%2C51514994%2C51552689%2C51565116%2C51565682%2C51580968/dover/11/n/hPCeaAAUtjnR-T1isr/itag/0/playlist_type/CLEAN/sparams/expire%2Cei%2Cip%2Cid%2Csource%2Crequiressl%2Cxpc%2Ctx%2Ctxs%2Chfr%2Cmaxh%2Ctts_caps%2Cmaudio%2Cgcr%2Csiu%2Cbui%2Cspc%2Cvprv%2Cgo%2Cns%2Crqh%2Citag%2Cplaylist_type/sig/AJfQdSswRAIgQizdhGj0w1-NIvna1V8Xnk-O9to8Wh-plX94ZVyZrgsCIBy2zJWCyzChQiPdAC-gM_94We7u111auGdgmaTDdjqm/lsparams/playback_host%2Ccps%2Cmet%2Cmh%2Cmm%2Cmn%2Cms%2Cmv%2Cmvi%2Cpl%2Crms%2Cinitcwndbps/lsig/APaTxxMwRQIgAJtZQNUz6EHkeu176RYO83EIZ3tebUASLY90IUt14zcCIQCVnf7XkNRs1NjLhc5hvkSfgPdHSRYjIH6LIdGbOIbtGw%3D%3D/file/index.m3u8\", \"tbr\": 4801.195, \"ext\": \"mp4\", \"fps\": 25.0, \"protocol\": \"m3u8_native\", \"preference\": null, \"quality\": 9, \"has_drm\": false, \"width\": 1920, \"height\": 1080, \"vcodec\": \"avc1.640028\", \"acodec\": \"mp4a.40.2\", \"dynamic_range\": \"SDR\", \"available_at\": 1767361750, \"source_preference\": -2, \"language\": \"pl\", \"__needs_testing\": true, \"video_ext\": \"mp4\", \"audio_ext\": \"none\", \"vbr\": null, \"abr\": null, \"resolution\": \"1920x1080\", \"aspect_ratio\": 1.78, \"http_headers\": {\"User-Agent\": \"Mozilla/5.0 (Windows NT 10.0; Win64; x64) AppleWebKit/537.36 (KHTML, like Gecko) Chrome/139.0.0.0 Safari/537.36\", \"Accept\": \"text/html,application/xhtml+xml,application/xml;q=0.9,*/*;q=0.8\", \"Accept-Language\": \"en-us,en;q=0.5\", \"Sec-Fetch-Mode\": \"navigate\"}, \"format\": \"96 - 1920x1080\"}, {\"asr\": null, \"filesize\": 227619047, \"format_id\": \"137\", \"format_note\": \"1080p\", \"source_preference\": -1, \"fps\": 25, \"audio_channels\": null, \"height\": 1080, \"quality\": 9.0, \"has_drm\": false, \"tbr\": 3263.355, \"filesize_approx\": 227619011, \"width\": 1920, \"language\": null, \"language_preference\": -1, \"preference\": null, \"ext\": \"mp4\", \"vcodec\": \"avc1.640028\", \"acodec\": \"none\", \"dynamic_range\": \"SDR\", \"container\": \"mp4_dash\", \"url\": \"https://rr6---sn-2auhvcpax-2v1e.googlevideo.com/videoplayback?expire=1767383343&ei=z8xXafHFHv6Z6dsP-9P_uAs&ip=46.205.207.15&id=o-ANpmlSAWJKetI8zfHYV2qc9SCgLGBRh_JJHChubGwP84&itag=137&aitags=133%2C134%2C135%2C136%2C137%2C160%2C242%2C243%2C244%2C247%2C248%2C278%2C394%2C395%2C396%2C397%2C398%2C399&source=youtube&requiressl=yes&xpc=EgVo2aDSNQ%3D%3D&cps=380&met=1767361743%2C&mh=WY&mm=31%2C29&mn=sn-2auhvcpax-2v1e%2Csn-f5fz7n7s&ms=au%2Crdu&mv=m&mvi=6&pl=22&rms=au%2Cau&gcr=pl&initcwndbps=1620000&siu=1&bui=AYUSA3Btz6F-qZyhP6ZJxlvABaoREQWAj0ECRoGz6L0LFQ_5vDUFOuc3dHdYOSjuKGC8vj1Bow&vprv=1&svpuc=1&mime=video%2Fmp4&ns=eNYzGU6cvmsJz2TBfIeGsh8R&rqh=1&gir=yes&clen=227619047&dur=558.000&lmt=1767313663216147&mt=1767361280&fvip=4&keepalive=yes&lmw=1&fexp=51514994%2C51557447%2C51565116%2C51565682%2C51580970&c=TVHTML5&sefc=1&txp=5535534&n=yLaEsSVVaXyEDg&sparams=expire%2Cei%2Cip%2Cid%2Caitags%2Csource%2Crequiressl%2Cxpc%2Cgcr%2Csiu%2Cbui%2Cvprv%2Csvpuc%2Cmime%2Cns%2Crqh%2Cgir%2Cclen%2Cdur%2Clmt&sig=AJfQdSswRAIgBpD9alyTVpx_lqqmBI27VIienz_6D0Mk644bSpzqaVoCIG5tbIcWYFOZo7z44y2J_aTVRjOezaSZ4dzb5wGIeyMp&lsparams=cps%2Cmet%2Cmh%2Cmm%2Cmn%2Cms%2Cmv%2Cmvi%2Cpl%2Crms%2Cinitcwndbps&lsig=APaTxxMwRQIhAMXE6W9mvMPRBabSAJies6rXSM5DlL-A5pCH7WTblf0hAiBuYoFxTgDX8ct_cXwb0auJz1qDIfETWltyan_j6LQmwg%3D%3D\", \"available_at\": 1767361743, \"downloader_options\": {\"http_chunk_size\": 10485760}, \"protocol\": \"https\", \"video_ext\": \"mp4\", \"audio_ext\": \"none\", \"abr\": 0, \"vbr\": 3263.355, \"resolution\": \"1920x1080\", \"aspect_ratio\": 1.78, \"http_headers\": {\"User-Agent\": \"Mozilla/5.0 (Windows NT 10.0; Win64; x64) AppleWebKit/537.36 (KHTML, like Gecko) Chrome/139.0.0.0 Safari/537.36\", \"Accept\": \"text/html,application/xhtml+xml,application/xml;q=0.9,*/*;q=0.8\", \"Accept-Language\": \"en-us,en;q=0.5\", \"Sec-Fetch-Mode\": \"navigate\"}, \"format\": \"137 - 1920x1080 (1080p)\"}, {\"asr\": null, \"filesize\": 111664592, \"format_id\": \"248\", \"format_note\": \"1080p\", \"source_preference\": -1, \"fps\": 25, \"audio_channels\": null, \"height\": 1080, \"quality\": 9.0, \"has_drm\": false, \"tbr\": 1600.926, \"filesize_approx\": 111664588, \"width\": 1920, \"language\": null, \"language_preference\": -1, \"preference\": null, \"ext\": \"webm\", \"vcodec\": \"vp9\", \"acodec\": \"none\", \"dynamic_range\": \"SDR\", \"container\": \"webm_dash\", \"url\": \"https://rr6---sn-2auhvcpax-2v1e.googlevideo.com/videoplayback?expire=1767383343&ei=z8xXafHFHv6Z6dsP-9P_uAs&ip=46.205.207.15&id=o-ANpmlSAWJKetI8zfHYV2qc9SCgLGBRh_JJHChubGwP84&itag=248&aitags=133%2C134%2C135%2C136%2C137%2C160%2C242%2C243%2C244%2C247%2C248%2C278%2C394%2C395%2C396%2C397%2C398%2C399&source=youtube&requiressl=yes&xpc=EgVo2aDSNQ%3D%3D&cps=380&met=1767361743%2C&mh=WY&mm=31%2C29&mn=sn-2auhvcpax-2v1e%2Csn-f5fz7n7s&ms=au%2Crdu&mv=m&mvi=6&pl=22&rms=au%2Cau&gcr=pl&initcwndbps=1620000&siu=1&bui=AYUSA3Btz6F-qZyhP6ZJxlvABaoREQWAj0ECRoGz6L0LFQ_5vDUFOuc3dHdYOSjuKGC8vj1Bow&vprv=1&svpuc=1&mime=video%2Fwebm&ns=eNYzGU6cvmsJz2TBfIeGsh8R&rqh=1&gir=yes&clen=111664592&dur=558.000&lmt=1767314233739486&mt=1767361280&fvip=4&keepalive=yes&lmw=1&fexp=51514994%2C51557447%2C51565116%2C51565682%2C51580970&c=TVHTML5&sefc=1&txp=5532534&n=yLaEsSVVaXyEDg&sparams=expire%2Cei%2Cip%2Cid%2Caitags%2Csource%2Crequiressl%2Cxpc%2Cgcr%2Csiu%2Cbui%2Cvprv%2Csvpuc%2Cmime%2Cns%2Crqh%2Cgir%2Cclen%2Cdur%2Clmt&sig=AJfQdSswRAIgK_OOlIqmi5qMm4gZ8knZexfEc1-xJLyKZ7npxzTu8VMCIDIR4BQVCySeUyuD1dMd0CmRyEBNDCYftuCqXVB03OwI&lsparams=cps%2Cmet%2Cmh%2Cmm%2Cmn%2Cms%2Cmv%2Cmvi%2Cpl%2Crms%2Cinitcwndbps&lsig=APaTxxMwRQIhAMXE6W9mvMPRBabSAJies6rXSM5DlL-A5pCH7WTblf0hAiBuYoFxTgDX8ct_cXwb0auJz1qDIfETWltyan_j6LQmwg%3D%3D\", \"available_at\": 1767361743, \"downloader_options\": {\"http_chunk_size\": 10485760}, \"protocol\": \"https\", \"video_ext\": \"webm\", \"audio_ext\": \"none\", \"abr\": 0, \"vbr\": 1600.926, \"resolution\": \"1920x1080\", \"aspect_ratio\": 1.78, \"http_headers\": {\"User-Agent\": \"Mozilla/5.0 (Windows NT 10.0; Win64; x64) AppleWebKit/537.36 (KHTML, like Gecko) Chrome/139.0.0.0 Safari/537.36\", \"Accept\": \"text/html,application/xhtml+xml,application/xml;q=0.9,*/*;q=0.8\", \"Accept-Language\": \"en-us,en;q=0.5\", \"Sec-Fetch-Mode\": \"navigate\"}, \"format\": \"248 - 1920x1080 (1080p)\"}, {\"asr\": null, \"filesize\": 113121546, \"format_id\": \"399\", \"format_note\": \"1080p\", \"source_preference\": -1, \"fps\": 25, \"audio_channels\": null, \"height\": 1080, \"quality\": 9.0, \"has_drm\": false, \"tbr\": 1621.814, \"filesize_approx\": 113121526, \"width\": 1920, \"language\": null, \"language_preference\": -1, \"preference\": null, \"ext\": \"mp4\", \"vcodec\": \"av01.0.08M.08\", \"acodec\": \"none\", \"dynamic_range\": \"SDR\", \"container\": \"mp4_dash\", \"url\": \"https://rr6---sn-2auhvcpax-2v1e.googlevideo.com/videoplayback?expire=1767383343&ei=z8xXafHFHv6Z6dsP-9P_uAs&ip=46.205.207.15&id=o-ANpmlSAWJKetI8zfHYV2qc9SCgLGBRh_JJHChubGwP84&itag=399&aitags=133%2C134%2C135%2C136%2C137%2C160%2C242%2C243%2C244%2C247%2C248%2C278%2C394%2C395%2C396%2C397%2C398%2C399&source=youtube&requiressl=yes&xpc=EgVo2aDSNQ%3D%3D&cps=380&met=1767361743%2C&mh=WY&mm=31%2C29&mn=sn-2auhvcpax-2v1e%2Csn-f5fz7n7s&ms=au%2Crdu&mv=m&mvi=6&pl=22&rms=au%2Cau&gcr=pl&initcwndbps=1620000&siu=1&bui=AYUSA3Btz6F-qZyhP6ZJxlvABaoREQWAj0ECRoGz6L0LFQ_5vDUFOuc3dHdYOSjuKGC8vj1Bow&vprv=1&svpuc=1&mime=video%2Fmp4&ns=eNYzGU6cvmsJz2TBfIeGsh8R&rqh=1&gir=yes&clen=113121546&dur=558.000&lmt=1767317866074609&mt=1767361280&fvip=4&keepalive=yes&lmw=1&fexp=51514994%2C51557447%2C51565116%2C51565682%2C51580970&c=TVHTML5&sefc=1&txp=5537534&n=yLaEsSVVaXyEDg&sparams=expire%2Cei%2Cip%2Cid%2Caitags%2Csource%2Crequiressl%2Cxpc%2Cgcr%2Csiu%2Cbui%2Cvprv%2Csvpuc%2Cmime%2Cns%2Crqh%2Cgir%2Cclen%2Cdur%2Clmt&sig=AJfQdSswRAIgHh9XN380aRsq8A_OlreMpoxbq-83x-30Y1e6DmSBl8kCIGDLeLzwZRSwCu3clZNxI64K2kxa_pA2tGBOWTJ3_0h_&lsparams=cps%2Cmet%2Cmh%2Cmm%2Cmn%2Cms%2Cmv%2Cmvi%2Cpl%2Crms%2Cinitcwndbps&lsig=APaTxxMwRQIhAMXE6W9mvMPRBabSAJies6rXSM5DlL-A5pCH7WTblf0hAiBuYoFxTgDX8ct_cXwb0auJz1qDIfETWltyan_j6LQmwg%3D%3D\", \"available_at\": 1767361743, \"downloader_options\": {\"http_chunk_size\": 10485760}, \"protocol\": \"https\", \"video_ext\": \"mp4\", \"audio_ext\": \"none\", \"abr\": 0, \"vbr\": 1621.814, \"resolution\": \"1920x1080\", \"aspect_ratio\": 1.78, \"http_headers\": {\"User-Agent\": \"Mozilla/5.0 (Windows NT 10.0; Win64; x64) AppleWebKit/537.36 (KHTML, like Gecko) Chrome/139.0.0.0 Safari/537.36\", \"Accept\": \"text/html,application/xhtml+xml,application/xml;q=0.9,*/*;q=0.8\", \"Accept-Language\": \"en-us,en;q=0.5\", \"Sec-Fetch-Mode\": \"navigate\"}, \"format\": \"399 - 1920x1080 (1080p)\"}], \"thumbnails\": [{\"url\": \"https://i.ytimg.com/vi/ezv5DuvCk0E/3.jpg\", \"preference\": -37, \"id\": \"0\"}, {\"url\": \"https://i.ytimg.com/vi_webp/ezv5DuvCk0E/3.webp\", \"preference\": -36, \"id\": \"1\"}, {\"url\": \"https://i.ytimg.com/vi/ezv5DuvCk0E/2.jpg\", \"preference\": -35, \"id\": \"2\"}, {\"url\": \"https://i.ytimg.com/vi_webp/ezv5DuvCk0E/2.webp\", \"preference\": -34, \"id\": \"3\"}, {\"url\": \"https://i.ytimg.com/vi/ezv5DuvCk0E/1.jpg\", \"preference\": -33, \"id\": \"4\"}, {\"url\": \"https://i.ytimg.com/vi_webp/ezv5DuvCk0E/1.webp\", \"preference\": -32, \"id\": \"5\"}, {\"url\": \"https://i.ytimg.com/vi/ezv5DuvCk0E/mq3.jpg\", \"preference\": -31, \"id\": \"6\"}, {\"url\": \"https://i.ytimg.com/vi_webp/ezv5DuvCk0E/mq3.webp\", \"preference\": -30, \"id\": \"7\"}, {\"url\": \"https://i.ytimg.com/vi/ezv5DuvCk0E/mq2.jpg\", \"preference\": -29, \"id\": \"8\"}, {\"url\": \"https://i.ytimg.com/vi_webp/ezv5DuvCk0E/mq2.webp\", \"preference\": -28, \"id\": \"9\"}, {\"url\": \"https://i.ytimg.com/vi/ezv5DuvCk0E/mq1.jpg\", \"preference\": -27, \"id\": \"10\"}, {\"url\": \"https://i.ytimg.com/vi_webp/ezv5DuvCk0E/mq1.webp\", \"preference\": -26, \"id\": \"11\"}, {\"url\": \"https://i.ytimg.com/vi/ezv5DuvCk0E/hq3.jpg\", \"preference\": -25, \"id\": \"12\"}, {\"url\": \"https://i.ytimg.com/vi_webp/ezv5DuvCk0E/hq3.webp\", \"preference\": -24, \"id\": \"13\"}, {\"url\": \"https://i.ytimg.com/vi/ezv5DuvCk0E/hq2.jpg\", \"preference\": -23, \"id\": \"14\"}, {\"url\": \"https://i.ytimg.com/vi_webp/ezv5DuvCk0E/hq2.webp\", \"preference\": -22, \"id\": \"15\"}, {\"url\": \"https://i.ytimg.com/vi/ezv5DuvCk0E/hq1.jpg\", \"preference\": -21, \"id\": \"16\"}, {\"url\": \"https://i.ytimg.com/vi_webp/ezv5DuvCk0E/hq1.webp\", \"preference\": -20, \"id\": \"17\"}, {\"url\": \"https://i.ytimg.com/vi/ezv5DuvCk0E/sd3.jpg\", \"preference\": -19, \"id\": \"18\"}, {\"url\": \"https://i.ytimg.com/vi_webp/ezv5DuvCk0E/sd3.webp\", \"preference\": -18, \"id\": \"19\"}, {\"url\": \"https://i.ytimg.com/vi/ezv5DuvCk0E/sd2.jpg\", \"preference\": -17, \"id\": \"20\"}, {\"url\": \"https://i.ytimg.com/vi_webp/ezv5DuvCk0E/sd2.webp\", \"preference\": -16, \"id\": \"21\"}, {\"url\": \"https://i.ytimg.com/vi/ezv5DuvCk0E/sd1.jpg\", \"preference\": -15, \"id\": \"22\"}, {\"url\": \"https://i.ytimg.com/vi_webp/ezv5DuvCk0E/sd1.webp\", \"preference\": -14, \"id\": \"23\"}, {\"url\": \"https://i.ytimg.com/vi/ezv5DuvCk0E/default.jpg\", \"preference\": -13, \"id\": \"24\"}, {\"url\": \"https://i.ytimg.com/vi_webp/ezv5DuvCk0E/default.webp\", \"preference\": -12, \"id\": \"25\"}, {\"url\": \"https://i.ytimg.com/vi/ezv5DuvCk0E/mqdefault.jpg\", \"preference\": -11, \"id\": \"26\"}, {\"url\": \"https://i.ytimg.com/vi_webp/ezv5DuvCk0E/mqdefault.webp\", \"preference\": -10, \"id\": \"27\"}, {\"url\": \"https://i.ytimg.com/vi/ezv5DuvCk0E/0.jpg\", \"preference\": -9, \"id\": \"28\"}, {\"url\": \"https://i.ytimg.com/vi_webp/ezv5DuvCk0E/0.webp\", \"preference\": -8, \"id\": \"29\"}, {\"url\": \"https://i.ytimg.com/vi/ezv5DuvCk0E/hqdefault.jpg?sqp=-oaymwEbCKgBEF5IVfKriqkDDggBFQAAiEIYAXABwAEG&rs=AOn4CLCpjXL2V_R_jry9vaqZzmX_u7oeEA\", \"height\": 94, \"width\": 168, \"preference\": -7, \"id\": \"30\", \"resolution\": \"168x94\"}, {\"url\": \"https://i.ytimg.com/vi/ezv5DuvCk0E/hqdefault.jpg?sqp=-oaymwEiCKgBEF5IWvKriqkDFQgBFQAAAAAYASUAAMhCPQCAokN4AQ==&rs=AOn4CLCI7pL_0MFeBKaQ-QlAAp6pNc1URA\", \"height\": 94, \"width\": 168, \"preference\": -7, \"id\": \"31\", \"resolution\": \"168x94\"}, {\"url\": \"https://i.ytimg.com/vi/ezv5DuvCk0E/hqdefault.jpg?sqp=-oaymwEbCMQBEG5IVfKriqkDDggBFQAAiEIYAXABwAEG&rs=AOn4CLAfEsx3QTG5BuQiMjqn62ORCWTnEA\", \"height\": 110, \"width\": 196, \"preference\": -7, \"id\": \"32\", \"resolution\": \"196x110\"}, {\"url\": \"https://i.ytimg.com/vi/ezv5DuvCk0E/hqdefault.jpg?sqp=-oaymwEiCMQBEG5IWvKriqkDFQgBFQAAAAAYASUAAMhCPQCAokN4AQ==&rs=AOn4CLDejWkIOcSxf_-rm4McKzOxtx-Vbw\", \"height\": 110, \"width\": 196, \"preference\": -7, \"id\": \"33\", \"resolution\": \"196x110\"}, {\"url\": \"https://i.ytimg.com/vi/ezv5DuvCk0E/hqdefault.jpg?sqp=-oaymwEcCPYBEIoBSFXyq4qpAw4IARUAAIhCGAFwAcABBg==&rs=AOn4CLCtjtfDtz5X6jFhh741q26y5ycXwA\", \"height\": 138, \"width\": 246, \"preference\": -7, \"id\": \"34\", \"resolution\": \"246x138\"}, {\"url\": \"https://i.ytimg.com/vi/ezv5DuvCk0E/hqdefault.jpg?sqp=-oaymwEjCPYBEIoBSFryq4qpAxUIARUAAAAAGAElAADIQj0AgKJDeAE=&rs=AOn4CLABg6KU8Sx4SVonrlVuVc6g9S8paA\", \"height\": 138, \"width\": 246, \"preference\": -7, \"id\": \"35\", \"resolution\": \"246x138\"}, {\"url\": \"https://i.ytimg.com/vi/ezv5DuvCk0E/hqdefault.jpg?sqp=-oaymwEcCNACELwBSFXyq4qpAw4IARUAAIhCGAFwAcABBg==&rs=AOn4CLCJXSeOaKzbXnyXpaaibbAPJKaCMQ\", \"height\": 188, \"width\": 336, \"preference\": -7, \"id\": \"36\", \"resolution\": \"336x188\"}, {\"url\": \"https://i.ytimg.com/vi/ezv5DuvCk0E/hqdefault.jpg?sqp=-oaymwEjCNACELwBSFryq4qpAxUIARUAAAAAGAElAADIQj0AgKJDeAE=&rs=AOn4CLANA-bV2wg9KpIlCAVkdJZT8s6e0w\", \"height\": 188, \"width\": 336, \"preference\": -7, \"id\": \"37\", \"resolution\": \"336x188\"}, {\"url\": \"https://i.ytimg.com/vi/ezv5DuvCk0E/hqdefault.jpg\", \"height\": 360, \"width\": 480, \"preference\": -7, \"id\": \"38\", \"resolution\": \"480x360\"}, {\"url\": \"https://i.ytimg.com/vi_webp/ezv5DuvCk0E/hqdefault.webp\", \"preference\": -6, \"id\": \"39\"}, {\"url\": \"https://i.ytimg.com/vi/ezv5DuvCk0E/sddefault.jpg\", \"preference\": -5, \"id\": \"40\"}, {\"url\": \"https://i.ytimg.com/vi_webp/ezv5DuvCk0E/sddefault.webp\", \"preference\": -4, \"id\": \"41\"}, {\"url\": \"https://i.ytimg.com/vi/ezv5DuvCk0E/hq720.jpg\", \"preference\": -3, \"id\": \"42\"}, {\"url\": \"https://i.ytimg.com/vi_webp/ezv5DuvCk0E/hq720.webp\", \"preference\": -2, \"id\": \"43\"}, {\"url\": \"https://i.ytimg.com/vi/ezv5DuvCk0E/maxresdefault.jpg\", \"height\": 1080, \"width\": 1920, \"preference\": -1, \"id\": \"44\", \"resolution\": \"1920x1080\"}, {\"url\": \"https://i.ytimg.com/vi_webp/ezv5DuvCk0E/maxresdefault.webp\", \"height\": 1080, \"width\": 1920, \"preference\": 0, \"id\": \"45\", \"resolution\": \"1920x1080\"}], \"thumbnail\": \"https://i.ytimg.com/vi_webp/ezv5DuvCk0E/maxresdefault.webp\", \"description\": \"REKLAMA: Rejestruj\\u0105c si\\u0119 na Superbet z kodem C34, mo\\u017cesz odebra\\u0107 do 255 PLN na start! \\ud83d\\udc49https://superbet.pl/lp/suuuuuuper-wo-canal-plus\\n\\nSuperbet jest laureatem nagr\\u00f3d Najlepszy Bukmacher (w plebiscycie Legalni Bukmacherzy 2024) i Najlepsza Aplikacja bukmacherska (Legalni Bukmacherzy 2024).\\n\\nSUPERBET TO LEGALNY BUKMACHER. GRA U NIELEGALNYCH PODLEGA KARZE. HAZARD MO\\u017bE UZALE\\u017bNIA\\u0106. 18+\\n\\n#premierleague  #sunderland  #manchestercity\", \"channel_id\": \"UCTVB8m2FcbwBsi6DHsGSuVw\", \"channel_url\": \"https://www.youtube.com/channel/UCTVB8m2FcbwBsi6DHsGSuVw\", \"duration\": 558, \"view_count\": 43230, \"average_rating\": null, \"age_limit\": 0, \"webpage_url\": \"https://www.youtube.com/watch?v=ezv5DuvCk0E\", \"categories\": [\"Sports\"], \"tags\": [\"canal+\", \"canal plus sport\", \"canal+ sport\", \"pi\\u0142ka no\\u017cna\", \"futbol\", \"cana\\u0142 plus sport\", \"premier league\", \"liga angielska\", \"premier league 2026\", \"sunderland mecz\", \"sunderland 2026\", \"man city 2026\", \"man city mecz\", \"sunderland man city\", \"sunderland man city mecz\", \"sunderland man city skr\\u00f3t\", \"liga angielska skr\\u00f3ty\", \"premier league mecz\", \"man city\", \"manchester city\", \"city\", \"haaland\", \"erling haaland\", \"pep guardiola\", \"guardiola\", \"nowy rok premier league\", \"nowy rok mecz\", \"cherki\", \"rayan cherki\"], \"playable_in_embed\": true, \"live_status\": \"not_live\", \"media_type\": \"video\", \"release_timestamp\": null, \"_format_sort_fields\": [\"quality\", \"res\", \"fps\", \"hdr:12\", \"source\", \"vcodec\", \"channels\", \"acodec\", \"lang\", \"proto\"], \"automatic_captions\": {\"ab\": [{\"ext\": \"json3\", \"url\": \"https://www.youtube.com/api/timedtext?v=ezv5DuvCk0E&ei=z8xXafHFHv6Z6dsP-9P_uAs&caps=asr&opi=112496729&xoaf=5&xowf=1&xospf=1&hl=en&ip=0.0.0.0&ipbits=0&expire=1767386943&sparams=ip%2Cipbits%2Cexpire%2Cv%2Cei%2Ccaps%2Copi%2Cxoaf&signature=31ACC713C92BF468B0604D892289468DE459EB82.25E594A16AE4D763A16583FBA9E0634898D041F5&key=yt8&kind=asr&lang=pl&variant=ec&tlang=ab&fmt=json3\", \"name\": \"Abkhazian\", \"impersonate\": true, \"__yt_dlp_client\": \"tv_downgraded\"}, {\"ext\": \"srv1\", \"url\": \"https://www.youtube.com/api/timedtext?v=ezv5DuvCk0E&ei=z8xXafHFHv6Z6dsP-9P_uAs&caps=asr&opi=112496729&xoaf=5&xowf=1&xospf=1&hl=en&ip=0.0.0.0&ipbits=0&expire=1767386943&sparams=ip%2Cipbits%2Cexpire%2Cv%2Cei%2Ccaps%2Copi%2Cxoaf&signature=31ACC713C92BF468B0604D892289468DE459EB82.25E594A16AE4D763A16583FBA9E0634898D041F5&key=yt8&kind=asr&lang=pl&variant=ec&tlang=ab&fmt=srv1\", \"name\": \"Abkhazian\", \"impersonate\": true, \"__yt_dlp_client\": \"tv_downgraded\"}, {\"ext\": \"srv2\", \"url\": \"https://www.youtube.com/api/timedtext?v=ezv5DuvCk0E&ei=z8xXafHFHv6Z6dsP-9P_uAs&caps=asr&opi=112496729&xoaf=5&xowf=1&xospf=1&hl=en&ip=0.0.0.0&ipbits=0&expire=1767386943&sparams=ip%2Cipbits%2Cexpire%2Cv%2Cei%2Ccaps%2Copi%2Cxoaf&signature=31ACC713C92BF468B0604D892289468DE459EB82.25E594A16AE4D763A16583FBA9E0634898D041F5&key=yt8&kind=asr&lang=pl&variant=ec&tlang=ab&fmt=srv2\", \"name\": \"Abkhazian\", \"impersonate\": true, \"__yt_dlp_client\": \"tv_downgraded\"}, {\"ext\": \"srv3\", \"url\": \"https://www.youtube.com/api/timedtext?v=ezv5DuvCk0E&ei=z8xXafHFHv6Z6dsP-9P_uAs&caps=asr&opi=112496729&xoaf=5&xowf=1&xospf=1&hl=en&ip=0.0.0.0&ipbits=0&expire=1767386943&sparams=ip%2Cipbits%2Cexpire%2Cv%2Cei%2Ccaps%2Copi%2Cxoaf&signature=31ACC713C92BF468B0604D892289468DE459EB82.25E594A16AE4D763A16583FBA9E0634898D041F5&key=yt8&kind=asr&lang=pl&variant=ec&tlang=ab&fmt=srv3\", \"name\": \"Abkhazian\", \"impersonate\": true, \"__yt_dlp_client\": \"tv_downgraded\"}, {\"ext\": \"ttml\", \"url\": \"https://www.youtube.com/api/timedtext?v=ezv5DuvCk0E&ei=z8xXafHFHv6Z6dsP-9P_uAs&caps=asr&opi=112496729&xoaf=5&xowf=1&xospf=1&hl=en&ip=0.0.0.0&ipbits=0&expire=1767386943&sparams=ip%2Cipbits%2Cexpire%2Cv%2Cei%2Ccaps%2Copi%2Cxoaf&signature=31ACC713C92BF468B0604D892289468DE459EB82.25E594A16AE4D763A16583FBA9E0634898D041F5&key=yt8&kind=asr&lang=pl&variant=ec&tlang=ab&fmt=ttml\", \"name\": \"Abkhazian\", \"impersonate\": true, \"__yt_dlp_client\": \"tv_downgraded\"}, {\"ext\": \"srt\", \"url\": \"https://www.youtube.com/api/timedtext?v=ezv5DuvCk0E&ei=z8xXafHFHv6Z6dsP-9P_uAs&caps=asr&opi=112496729&xoaf=5&xowf=1&xospf=1&hl=en&ip=0.0.0.0&ipbits=0&expire=1767386943&sparams=ip%2Cipbits%2Cexpire%2Cv%2Cei%2Ccaps%2Copi%2Cxoaf&signature=31ACC713C92BF468B0604D892289468DE459EB82.25E594A16AE4D763A16583FBA9E0634898D041F5&key=yt8&kind=asr&lang=pl&variant=ec&tlang=ab&fmt=srt\", \"name\": \"Abkhazian\", \"impersonate\": true, \"__yt_dlp_client\": \"tv_downgraded\"}, {\"ext\": \"vtt\", \"url\": \"https://www.youtube.com/api/timedtext?v=ezv5DuvCk0E&ei=z8xXafHFHv6Z6dsP-9P_uAs&caps=asr&opi=112496729&xoaf=5&xowf=1&xospf=1&hl=en&ip=0.0.0.0&ipbits=0&expire=1767386943&sparams=ip%2Cipbits%2Cexpire%2Cv%2Cei%2Ccaps%2Copi%2Cxoaf&signature=31ACC713C92BF468B0604D892289468DE459EB82.25E594A16AE4D763A16583FBA9E0634898D041F5&key=yt8&kind=asr&lang=pl&variant=ec&tlang=ab&fmt=vtt\", \"name\": \"Abkhazian\", \"impersonate\": true, \"__yt_dlp_client\": \"tv_downgraded\"}], \"aa\": [{\"ext\": \"json3\", \"url\": \"https://www.youtube.com/api/timedtext?v=ezv5DuvCk0E&ei=z8xXafHFHv6Z6dsP-9P_uAs&caps=asr&opi=112496729&xoaf=5&xowf=1&xospf=1&hl=en&ip=0.0.0.0&ipbits=0&expire=1767386943&sparams=ip%2Cipbits%2Cexpire%2Cv%2Cei%2Ccaps%2Copi%2Cxoaf&signature=31ACC713C92BF468B0604D892289468DE459EB82.25E594A16AE4D763A16583FBA9E0634898D041F5&key=yt8&kind=asr&lang=pl&variant=ec&tlang=aa&fmt=json3\", \"name\": \"Afar\", \"impersonate\": true, \"__yt_dlp_client\": \"tv_downgraded\"}, {\"ext\": \"srv1\", \"url\": \"https://www.youtube.com/api/timedtext?v=ezv5DuvCk0E&ei=z8xXafHFHv6Z6dsP-9P_uAs&caps=asr&opi=112496729&xoaf=5&xowf=1&xospf=1&hl=en&ip=0.0.0.0&ipbits=0&expire=1767386943&sparams=ip%2Cipbits%2Cexpire%2Cv%2Cei%2Ccaps%2Copi%2Cxoaf&signature=31ACC713C92BF468B0604D892289468DE459EB82.25E594A16AE4D763A16583FBA9E0634898D041F5&key=yt8&kind=asr&lang=pl&variant=ec&tlang=aa&fmt=srv1\", \"name\": \"Afar\", \"impersonate\": true, \"__yt_dlp_client\": \"tv_downgraded\"}, {\"ext\": \"srv2\", \"url\": \"https://www.youtube.com/api/timedtext?v=ezv5DuvCk0E&ei=z8xXafHFHv6Z6dsP-9P_uAs&caps=asr&opi=112496729&xoaf=5&xowf=1&xospf=1&hl=en&ip=0.0.0.0&ipbits=0&expire=1767386943&sparams=ip%2Cipbits%2Cexpire%2Cv%2Cei%2Ccaps%2Copi%2Cxoaf&signature=31ACC713C92BF468B0604D892289468DE459EB82.25E594A16AE4D763A16583FBA9E0634898D041F5&key=yt8&kind=asr&lang=pl&variant=ec&tlang=aa&fmt=srv2\", \"name\": \"Afar\", \"impersonate\": true, \"__yt_dlp_client\": \"tv_downgraded\"}, {\"ext\": \"srv3\", \"url\": \"https://www.youtube.com/api/timedtext?v=ezv5DuvCk0E&ei=z8xXafHFHv6Z6dsP-9P_uAs&caps=asr&opi=112496729&xoaf=5&xowf=1&xospf=1&hl=en&ip=0.0.0.0&ipbits=0&expire=1767386943&sparams=ip%2Cipbits%2Cexpire%2Cv%2Cei%2Ccaps%2Copi%2Cxoaf&signature=31ACC713C92BF468B0604D892289468DE459EB82.25E594A16AE4D763A16583FBA9E0634898D041F5&key=yt8&kind=asr&lang=pl&variant=ec&tlang=aa&fmt=srv3\", \"name\": \"Afar\", \"impersonate\": true, \"__yt_dlp_client\": \"tv_downgraded\"}, {\"ext\": \"ttml\", \"url\": \"https://www.youtube.com/api/timedtext?v=ezv5DuvCk0E&ei=z8xXafHFHv6Z6dsP-9P_uAs&caps=asr&opi=112496729&xoaf=5&xowf=1&xospf=1&hl=en&ip=0.0.0.0&ipbits=0&expire=1767386943&sparams=ip%2Cipbits%2Cexpire%2Cv%2Cei%2Ccaps%2Copi%2Cxoaf&signature=31ACC713C92BF468B0604D892289468DE459EB82.25E594A16AE4D763A16583FBA9E0634898D041F5&key=yt8&kind=asr&lang=pl&variant=ec&tlang=aa&fmt=ttml\", \"name\": \"Afar\", \"impersonate\": true, \"__yt_dlp_client\": \"tv_downgraded\"}, {\"ext\": \"srt\", \"url\": \"https://www.youtube.com/api/timedtext?v=ezv5DuvCk0E&ei=z8xXafHFHv6Z6dsP-9P_uAs&caps=asr&opi=112496729&xoaf=5&xowf=1&xospf=1&hl=en&ip=0.0.0.0&ipbits=0&expire=1767386943&sparams=ip%2Cipbits%2Cexpire%2Cv%2Cei%2Ccaps%2Copi%2Cxoaf&signature=31ACC713C92BF468B0604D892289468DE459EB82.25E594A16AE4D763A16583FBA9E0634898D041F5&key=yt8&kind=asr&lang=pl&variant=ec&tlang=aa&fmt=srt\", \"name\": \"Afar\", \"impersonate\": true, \"__yt_dlp_client\": \"tv_downgraded\"}, {\"ext\": \"vtt\", \"url\": \"https://www.youtube.com/api/timedtext?v=ezv5DuvCk0E&ei=z8xXafHFHv6Z6dsP-9P_uAs&caps=asr&opi=112496729&xoaf=5&xowf=1&xospf=1&hl=en&ip=0.0.0.0&ipbits=0&expire=1767386943&sparams=ip%2Cipbits%2Cexpire%2Cv%2Cei%2Ccaps%2Copi%2Cxoaf&signature=31ACC713C92BF468B0604D892289468DE459EB82.25E594A16AE4D763A16583FBA9E0634898D041F5&key=yt8&kind=asr&lang=pl&variant=ec&tlang=aa&fmt=vtt\", \"name\": \"Afar\", \"impersonate\": true, \"__yt_dlp_client\": \"tv_downgraded\"}], \"af\": [{\"ext\": \"json3\", \"url\": \"https://www.youtube.com/api/timedtext?v=ezv5DuvCk0E&ei=z8xXafHFHv6Z6dsP-9P_uAs&caps=asr&opi=112496729&xoaf=5&xowf=1&xospf=1&hl=en&ip=0.0.0.0&ipbits=0&expire=1767386943&sparams=ip%2Cipbits%2Cexpire%2Cv%2Cei%2Ccaps%2Copi%2Cxoaf&signature=31ACC713C92BF468B0604D892289468DE459EB82.25E594A16AE4D763A16583FBA9E0634898D041F5&key=yt8&kind=asr&lang=pl&variant=ec&tlang=af&fmt=json3\", \"name\": \"Afrikaans\", \"impersonate\": true, \"__yt_dlp_client\": \"tv_downgraded\"}, {\"ext\": \"srv1\", \"url\": \"https://www.youtube.com/api/timedtext?v=ezv5DuvCk0E&ei=z8xXafHFHv6Z6dsP-9P_uAs&caps=asr&opi=112496729&xoaf=5&xowf=1&xospf=1&hl=en&ip=0.0.0.0&ipbits=0&expire=1767386943&sparams=ip%2Cipbits%2Cexpire%2Cv%2Cei%2Ccaps%2Copi%2Cxoaf&signature=31ACC713C92BF468B0604D892289468DE459EB82.25E594A16AE4D763A16583FBA9E0634898D041F5&key=yt8&kind=asr&lang=pl&variant=ec&tlang=af&fmt=srv1\", \"name\": \"Afrikaans\", \"impersonate\": true, \"__yt_dlp_client\": \"tv_downgraded\"}, {\"ext\": \"srv2\", \"url\": \"https://www.youtube.com/api/timedtext?v=ezv5DuvCk0E&ei=z8xXafHFHv6Z6dsP-9P_uAs&caps=asr&opi=112496729&xoaf=5&xowf=1&xospf=1&hl=en&ip=0.0.0.0&ipbits=0&expire=1767386943&sparams=ip%2Cipbits%2Cexpire%2Cv%2Cei%2Ccaps%2Copi%2Cxoaf&signature=31ACC713C92BF468B0604D892289468DE459EB82.25E594A16AE4D763A16583FBA9E0634898D041F5&key=yt8&kind=asr&lang=pl&variant=ec&tlang=af&fmt=srv2\", \"name\": \"Afrikaans\", \"impersonate\": true, \"__yt_dlp_client\": \"tv_downgraded\"}, {\"ext\": \"srv3\", \"url\": \"https://www.youtube.com/api/timedtext?v=ezv5DuvCk0E&ei=z8xXafHFHv6Z6dsP-9P_uAs&caps=asr&opi=112496729&xoaf=5&xowf=1&xospf=1&hl=en&ip=0.0.0.0&ipbits=0&expire=1767386943&sparams=ip%2Cipbits%2Cexpire%2Cv%2Cei%2Ccaps%2Copi%2Cxoaf&signature=31ACC713C92BF468B0604D892289468DE459EB82.25E594A16AE4D763A16583FBA9E0634898D041F5&key=yt8&kind=asr&lang=pl&variant=ec&tlang=af&fmt=srv3\", \"name\": \"Afrikaans\", \"impersonate\": true, \"__yt_dlp_client\": \"tv_downgraded\"}, {\"ext\": \"ttml\", \"url\": \"https://www.youtube.com/api/timedtext?v=ezv5DuvCk0E&ei=z8xXafHFHv6Z6dsP-9P_uAs&caps=asr&opi=112496729&xoaf=5&xowf=1&xospf=1&hl=en&ip=0.0.0.0&ipbits=0&expire=1767386943&sparams=ip%2Cipbits%2Cexpire%2Cv%2Cei%2Ccaps%2Copi%2Cxoaf&signature=31ACC713C92BF468B0604D892289468DE459EB82.25E594A16AE4D763A16583FBA9E0634898D041F5&key=yt8&kind=asr&lang=pl&variant=ec&tlang=af&fmt=ttml\", \"name\": \"Afrikaans\", \"impersonate\": true, \"__yt_dlp_client\": \"tv_downgraded\"}, {\"ext\": \"srt\", \"url\": \"https://www.youtube.com/api/timedtext?v=ezv5DuvCk0E&ei=z8xXafHFHv6Z6dsP-9P_uAs&caps=asr&opi=112496729&xoaf=5&xowf=1&xospf=1&hl=en&ip=0.0.0.0&ipbits=0&expire=1767386943&sparams=ip%2Cipbits%2Cexpire%2Cv%2Cei%2Ccaps%2Copi%2Cxoaf&signature=31ACC713C92BF468B0604D892289468DE459EB82.25E594A16AE4D763A16583FBA9E0634898D041F5&key=yt8&kind=asr&lang=pl&variant=ec&tlang=af&fmt=srt\", \"name\": \"Afrikaans\", \"impersonate\": true, \"__yt_dlp_client\": \"tv_downgraded\"}, {\"ext\": \"vtt\", \"url\": \"https://www.youtube.com/api/timedtext?v=ezv5DuvCk0E&ei=z8xXafHFHv6Z6dsP-9P_uAs&caps=asr&opi=112496729&xoaf=5&xowf=1&xospf=1&hl=en&ip=0.0.0.0&ipbits=0&expire=1767386943&sparams=ip%2Cipbits%2Cexpire%2Cv%2Cei%2Ccaps%2Copi%2Cxoaf&signature=31ACC713C92BF468B0604D892289468DE459EB82.25E594A16AE4D763A16583FBA9E0634898D041F5&key=yt8&kind=asr&lang=pl&variant=ec&tlang=af&fmt=vtt\", \"name\": \"Afrikaans\", \"impersonate\": true, \"__yt_dlp_client\": \"tv_downgraded\"}], \"ak\": [{\"ext\": \"json3\", \"url\": \"https://www.youtube.com/api/timedtext?v=ezv5DuvCk0E&ei=z8xXafHFHv6Z6dsP-9P_uAs&caps=asr&opi=112496729&xoaf=5&xowf=1&xospf=1&hl=en&ip=0.0.0.0&ipbits=0&expire=1767386943&sparams=ip%2Cipbits%2Cexpire%2Cv%2Cei%2Ccaps%2Copi%2Cxoaf&signature=31ACC713C92BF468B0604D892289468DE459EB82.25E594A16AE4D763A16583FBA9E0634898D041F5&key=yt8&kind=asr&lang=pl&variant=ec&tlang=ak&fmt=json3\", \"name\": \"Akan\", \"impersonate\": true, \"__yt_dlp_client\": \"tv_downgraded\"}, {\"ext\": \"srv1\", \"url\": \"https://www.youtube.com/api/timedtext?v=ezv5DuvCk0E&ei=z8xXafHFHv6Z6dsP-9P_uAs&caps=asr&opi=112496729&xoaf=5&xowf=1&xospf=1&hl=en&ip=0.0.0.0&ipbits=0&expire=1767386943&sparams=ip%2Cipbits%2Cexpire%2Cv%2Cei%2Ccaps%2Copi%2Cxoaf&signature=31ACC713C92BF468B0604D892289468DE459EB82.25E594A16AE4D763A16583FBA9E0634898D041F5&key=yt8&kind=asr&lang=pl&variant=ec&tlang=ak&fmt=srv1\", \"name\": \"Akan\", \"impersonate\": true, \"__yt_dlp_client\": \"tv_downgraded\"}, {\"ext\": \"srv2\", \"url\": \"https://www.youtube.com/api/timedtext?v=ezv5DuvCk0E&ei=z8xXafHFHv6Z6dsP-9P_uAs&caps=asr&opi=112496729&xoaf=5&xowf=1&xospf=1&hl=en&ip=0.0.0.0&ipbits=0&expire=1767386943&sparams=ip%2Cipbits%2Cexpire%2Cv%2Cei%2Ccaps%2Copi%2Cxoaf&signature=31ACC713C92BF468B0604D892289468DE459EB82.25E594A16AE4D763A16583FBA9E0634898D041F5&key=yt8&kind=asr&lang=pl&variant=ec&tlang=ak&fmt=srv2\", \"name\": \"Akan\", \"impersonate\": true, \"__yt_dlp_client\": \"tv_downgraded\"}, {\"ext\": \"srv3\", \"url\": \"https://www.youtube.com/api/timedtext?v=ezv5DuvCk0E&ei=z8xXafHFHv6Z6dsP-9P_uAs&caps=asr&opi=112496729&xoaf=5&xowf=1&xospf=1&hl=en&ip=0.0.0.0&ipbits=0&expire=1767386943&sparams=ip%2Cipbits%2Cexpire%2Cv%2Cei%2Ccaps%2Copi%2Cxoaf&signature=31ACC713C92BF468B0604D892289468DE459EB82.25E594A16AE4D763A16583FBA9E0634898D041F5&key=yt8&kind=asr&lang=pl&variant=ec&tlang=ak&fmt=srv3\", \"name\": \"Akan\", \"impersonate\": true, \"__yt_dlp_client\": \"tv_downgraded\"}, {\"ext\": \"ttml\", \"url\": \"https://www.youtube.com/api/timedtext?v=ezv5DuvCk0E&ei=z8xXafHFHv6Z6dsP-9P_uAs&caps=asr&opi=112496729&xoaf=5&xowf=1&xospf=1&hl=en&ip=0.0.0.0&ipbits=0&expire=1767386943&sparams=ip%2Cipbits%2Cexpire%2Cv%2Cei%2Ccaps%2Copi%2Cxoaf&signature=31ACC713C92BF468B0604D892289468DE459EB82.25E594A16AE4D763A16583FBA9E0634898D041F5&key=yt8&kind=asr&lang=pl&variant=ec&tlang=ak&fmt=ttml\", \"name\": \"Akan\", \"impersonate\": true, \"__yt_dlp_client\": \"tv_downgraded\"}, {\"ext\": \"srt\", \"url\": \"https://www.youtube.com/api/timedtext?v=ezv5DuvCk0E&ei=z8xXafHFHv6Z6dsP-9P_uAs&caps=asr&opi=112496729&xoaf=5&xowf=1&xospf=1&hl=en&ip=0.0.0.0&ipbits=0&expire=1767386943&sparams=ip%2Cipbits%2Cexpire%2Cv%2Cei%2Ccaps%2Copi%2Cxoaf&signature=31ACC713C92BF468B0604D892289468DE459EB82.25E594A16AE4D763A16583FBA9E0634898D041F5&key=yt8&kind=asr&lang=pl&variant=ec&tlang=ak&fmt=srt\", \"name\": \"Akan\", \"impersonate\": true, \"__yt_dlp_client\": \"tv_downgraded\"}, {\"ext\": \"vtt\", \"url\": \"https://www.youtube.com/api/timedtext?v=ezv5DuvCk0E&ei=z8xXafHFHv6Z6dsP-9P_uAs&caps=asr&opi=112496729&xoaf=5&xowf=1&xospf=1&hl=en&ip=0.0.0.0&ipbits=0&expire=1767386943&sparams=ip%2Cipbits%2Cexpire%2Cv%2Cei%2Ccaps%2Copi%2Cxoaf&signature=31ACC713C92BF468B0604D892289468DE459EB82.25E594A16AE4D763A16583FBA9E0634898D041F5&key=yt8&kind=asr&lang=pl&variant=ec&tlang=ak&fmt=vtt\", \"name\": \"Akan\", \"impersonate\": true, \"__yt_dlp_client\": \"tv_downgraded\"}], \"sq\": [{\"ext\": \"json3\", \"url\": \"https://www.youtube.com/api/timedtext?v=ezv5DuvCk0E&ei=z8xXafHFHv6Z6dsP-9P_uAs&caps=asr&opi=112496729&xoaf=5&xowf=1&xospf=1&hl=en&ip=0.0.0.0&ipbits=0&expire=1767386943&sparams=ip%2Cipbits%2Cexpire%2Cv%2Cei%2Ccaps%2Copi%2Cxoaf&signature=31ACC713C92BF468B0604D892289468DE459EB82.25E594A16AE4D763A16583FBA9E0634898D041F5&key=yt8&kind=asr&lang=pl&variant=ec&tlang=sq&fmt=json3\", \"name\": \"Albanian\", \"impersonate\": true, \"__yt_dlp_client\": \"tv_downgraded\"}, {\"ext\": \"srv1\", \"url\": \"https://www.youtube.com/api/timedtext?v=ezv5DuvCk0E&ei=z8xXafHFHv6Z6dsP-9P_uAs&caps=asr&opi=112496729&xoaf=5&xowf=1&xospf=1&hl=en&ip=0.0.0.0&ipbits=0&expire=1767386943&sparams=ip%2Cipbits%2Cexpire%2Cv%2Cei%2Ccaps%2Copi%2Cxoaf&signature=31ACC713C92BF468B0604D892289468DE459EB82.25E594A16AE4D763A16583FBA9E0634898D041F5&key=yt8&kind=asr&lang=pl&variant=ec&tlang=sq&fmt=srv1\", \"name\": \"Albanian\", \"impersonate\": true, \"__yt_dlp_client\": \"tv_downgraded\"}, {\"ext\": \"srv2\", \"url\": \"https://www.youtube.com/api/timedtext?v=ezv5DuvCk0E&ei=z8xXafHFHv6Z6dsP-9P_uAs&caps=asr&opi=112496729&xoaf=5&xowf=1&xospf=1&hl=en&ip=0.0.0.0&ipbits=0&expire=1767386943&sparams=ip%2Cipbits%2Cexpire%2Cv%2Cei%2Ccaps%2Copi%2Cxoaf&signature=31ACC713C92BF468B0604D892289468DE459EB82.25E594A16AE4D763A16583FBA9E0634898D041F5&key=yt8&kind=asr&lang=pl&variant=ec&tlang=sq&fmt=srv2\", \"name\": \"Albanian\", \"impersonate\": true, \"__yt_dlp_client\": \"tv_downgraded\"}, {\"ext\": \"srv3\", \"url\": \"https://www.youtube.com/api/timedtext?v=ezv5DuvCk0E&ei=z8xXafHFHv6Z6dsP-9P_uAs&caps=asr&opi=112496729&xoaf=5&xowf=1&xospf=1&hl=en&ip=0.0.0.0&ipbits=0&expire=1767386943&sparams=ip%2Cipbits%2Cexpire%2Cv%2Cei%2Ccaps%2Copi%2Cxoaf&signature=31ACC713C92BF468B0604D892289468DE459EB82.25E594A16AE4D763A16583FBA9E0634898D041F5&key=yt8&kind=asr&lang=pl&variant=ec&tlang=sq&fmt=srv3\", \"name\": \"Albanian\", \"impersonate\": true, \"__yt_dlp_client\": \"tv_downgraded\"}, {\"ext\": \"ttml\", \"url\": \"https://www.youtube.com/api/timedtext?v=ezv5DuvCk0E&ei=z8xXafHFHv6Z6dsP-9P_uAs&caps=asr&opi=112496729&xoaf=5&xowf=1&xospf=1&hl=en&ip=0.0.0.0&ipbits=0&expire=1767386943&sparams=ip%2Cipbits%2Cexpire%2Cv%2Cei%2Ccaps%2Copi%2Cxoaf&signature=31ACC713C92BF468B0604D892289468DE459EB82.25E594A16AE4D763A16583FBA9E0634898D041F5&key=yt8&kind=asr&lang=pl&variant=ec&tlang=sq&fmt=ttml\", \"name\": \"Albanian\", \"impersonate\": true, \"__yt_dlp_client\": \"tv_downgraded\"}, {\"ext\": \"srt\", \"url\": \"https://www.youtube.com/api/timedtext?v=ezv5DuvCk0E&ei=z8xXafHFHv6Z6dsP-9P_uAs&caps=asr&opi=112496729&xoaf=5&xowf=1&xospf=1&hl=en&ip=0.0.0.0&ipbits=0&expire=1767386943&sparams=ip%2Cipbits%2Cexpire%2Cv%2Cei%2Ccaps%2Copi%2Cxoaf&signature=31ACC713C92BF468B0604D892289468DE459EB82.25E594A16AE4D763A16583FBA9E0634898D041F5&key=yt8&kind=asr&lang=pl&variant=ec&tlang=sq&fmt=srt\", \"name\": \"Albanian\", \"impersonate\": true, \"__yt_dlp_client\": \"tv_downgraded\"}, {\"ext\": \"vtt\", \"url\": \"https://www.youtube.com/api/timedtext?v=ezv5DuvCk0E&ei=z8xXafHFHv6Z6dsP-9P_uAs&caps=asr&opi=112496729&xoaf=5&xowf=1&xospf=1&hl=en&ip=0.0.0.0&ipbits=0&expire=1767386943&sparams=ip%2Cipbits%2Cexpire%2Cv%2Cei%2Ccaps%2Copi%2Cxoaf&signature=31ACC713C92BF468B0604D892289468DE459EB82.25E594A16AE4D763A16583FBA9E0634898D041F5&key=yt8&kind=asr&lang=pl&variant=ec&tlang=sq&fmt=vtt\", \"name\": \"Albanian\", \"impersonate\": true, \"__yt_dlp_client\": \"tv_downgraded\"}], \"am\": [{\"ext\": \"json3\", \"url\": \"https://www.youtube.com/api/timedtext?v=ezv5DuvCk0E&ei=z8xXafHFHv6Z6dsP-9P_uAs&caps=asr&opi=112496729&xoaf=5&xowf=1&xospf=1&hl=en&ip=0.0.0.0&ipbits=0&expire=1767386943&sparams=ip%2Cipbits%2Cexpire%2Cv%2Cei%2Ccaps%2Copi%2Cxoaf&signature=31ACC713C92BF468B0604D892289468DE459EB82.25E594A16AE4D763A16583FBA9E0634898D041F5&key=yt8&kind=asr&lang=pl&variant=ec&tlang=am&fmt=json3\", \"name\": \"Amharic\", \"impersonate\": true, \"__yt_dlp_client\": \"tv_downgraded\"}, {\"ext\": \"srv1\", \"url\": \"https://www.youtube.com/api/timedtext?v=ezv5DuvCk0E&ei=z8xXafHFHv6Z6dsP-9P_uAs&caps=asr&opi=112496729&xoaf=5&xowf=1&xospf=1&hl=en&ip=0.0.0.0&ipbits=0&expire=1767386943&sparams=ip%2Cipbits%2Cexpire%2Cv%2Cei%2Ccaps%2Copi%2Cxoaf&signature=31ACC713C92BF468B0604D892289468DE459EB82.25E594A16AE4D763A16583FBA9E0634898D041F5&key=yt8&kind=asr&lang=pl&variant=ec&tlang=am&fmt=srv1\", \"name\": \"Amharic\", \"impersonate\": true, \"__yt_dlp_client\": \"tv_downgraded\"}, {\"ext\": \"srv2\", \"url\": \"https://www.youtube.com/api/timedtext?v=ezv5DuvCk0E&ei=z8xXafHFHv6Z6dsP-9P_uAs&caps=asr&opi=112496729&xoaf=5&xowf=1&xospf=1&hl=en&ip=0.0.0.0&ipbits=0&expire=1767386943&sparams=ip%2Cipbits%2Cexpire%2Cv%2Cei%2Ccaps%2Copi%2Cxoaf&signature=31ACC713C92BF468B0604D892289468DE459EB82.25E594A16AE4D763A16583FBA9E0634898D041F5&key=yt8&kind=asr&lang=pl&variant=ec&tlang=am&fmt=srv2\", \"name\": \"Amharic\", \"impersonate\": true, \"__yt_dlp_client\": \"tv_downgraded\"}, {\"ext\": \"srv3\", \"url\": \"https://www.youtube.com/api/timedtext?v=ezv5DuvCk0E&ei=z8xXafHFHv6Z6dsP-9P_uAs&caps=asr&opi=112496729&xoaf=5&xowf=1&xospf=1&hl=en&ip=0.0.0.0&ipbits=0&expire=1767386943&sparams=ip%2Cipbits%2Cexpire%2Cv%2Cei%2Ccaps%2Copi%2Cxoaf&signature=31ACC713C92BF468B0604D892289468DE459EB82.25E594A16AE4D763A16583FBA9E0634898D041F5&key=yt8&kind=asr&lang=pl&variant=ec&tlang=am&fmt=srv3\", \"name\": \"Amharic\", \"impersonate\": true, \"__yt_dlp_client\": \"tv_downgraded\"}, {\"ext\": \"ttml\", \"url\": \"https://www.youtube.com/api/timedtext?v=ezv5DuvCk0E&ei=z8xXafHFHv6Z6dsP-9P_uAs&caps=asr&opi=112496729&xoaf=5&xowf=1&xospf=1&hl=en&ip=0.0.0.0&ipbits=0&expire=1767386943&sparams=ip%2Cipbits%2Cexpire%2Cv%2Cei%2Ccaps%2Copi%2Cxoaf&signature=31ACC713C92BF468B0604D892289468DE459EB82.25E594A16AE4D763A16583FBA9E0634898D041F5&key=yt8&kind=asr&lang=pl&variant=ec&tlang=am&fmt=ttml\", \"name\": \"Amharic\", \"impersonate\": true, \"__yt_dlp_client\": \"tv_downgraded\"}, {\"ext\": \"srt\", \"url\": \"https://www.youtube.com/api/timedtext?v=ezv5DuvCk0E&ei=z8xXafHFHv6Z6dsP-9P_uAs&caps=asr&opi=112496729&xoaf=5&xowf=1&xospf=1&hl=en&ip=0.0.0.0&ipbits=0&expire=1767386943&sparams=ip%2Cipbits%2Cexpire%2Cv%2Cei%2Ccaps%2Copi%2Cxoaf&signature=31ACC713C92BF468B0604D892289468DE459EB82.25E594A16AE4D763A16583FBA9E0634898D041F5&key=yt8&kind=asr&lang=pl&variant=ec&tlang=am&fmt=srt\", \"name\": \"Amharic\", \"impersonate\": true, \"__yt_dlp_client\": \"tv_downgraded\"}, {\"ext\": \"vtt\", \"url\": \"https://www.youtube.com/api/timedtext?v=ezv5DuvCk0E&ei=z8xXafHFHv6Z6dsP-9P_uAs&caps=asr&opi=112496729&xoaf=5&xowf=1&xospf=1&hl=en&ip=0.0.0.0&ipbits=0&expire=1767386943&sparams=ip%2Cipbits%2Cexpire%2Cv%2Cei%2Ccaps%2Copi%2Cxoaf&signature=31ACC713C92BF468B0604D892289468DE459EB82.25E594A16AE4D763A16583FBA9E0634898D041F5&key=yt8&kind=asr&lang=pl&variant=ec&tlang=am&fmt=vtt\", \"name\": \"Amharic\", \"impersonate\": true, \"__yt_dlp_client\": \"tv_downgraded\"}], \"ar\": [{\"ext\": \"json3\", \"url\": \"https://www.youtube.com/api/timedtext?v=ezv5DuvCk0E&ei=z8xXafHFHv6Z6dsP-9P_uAs&caps=asr&opi=112496729&xoaf=5&xowf=1&xospf=1&hl=en&ip=0.0.0.0&ipbits=0&expire=1767386943&sparams=ip%2Cipbits%2Cexpire%2Cv%2Cei%2Ccaps%2Copi%2Cxoaf&signature=31ACC713C92BF468B0604D892289468DE459EB82.25E594A16AE4D763A16583FBA9E0634898D041F5&key=yt8&kind=asr&lang=pl&variant=ec&tlang=ar&fmt=json3\", \"name\": \"Arabic\", \"impersonate\": true, \"__yt_dlp_client\": \"tv_downgraded\"}, {\"ext\": \"srv1\", \"url\": \"https://www.youtube.com/api/timedtext?v=ezv5DuvCk0E&ei=z8xXafHFHv6Z6dsP-9P_uAs&caps=asr&opi=112496729&xoaf=5&xowf=1&xospf=1&hl=en&ip=0.0.0.0&ipbits=0&expire=1767386943&sparams=ip%2Cipbits%2Cexpire%2Cv%2Cei%2Ccaps%2Copi%2Cxoaf&signature=31ACC713C92BF468B0604D892289468DE459EB82.25E594A16AE4D763A16583FBA9E0634898D041F5&key=yt8&kind=asr&lang=pl&variant=ec&tlang=ar&fmt=srv1\", \"name\": \"Arabic\", \"impersonate\": true, \"__yt_dlp_client\": \"tv_downgraded\"}, {\"ext\": \"srv2\", \"url\": \"https://www.youtube.com/api/timedtext?v=ezv5DuvCk0E&ei=z8xXafHFHv6Z6dsP-9P_uAs&caps=asr&opi=112496729&xoaf=5&xowf=1&xospf=1&hl=en&ip=0.0.0.0&ipbits=0&expire=1767386943&sparams=ip%2Cipbits%2Cexpire%2Cv%2Cei%2Ccaps%2Copi%2Cxoaf&signature=31ACC713C92BF468B0604D892289468DE459EB82.25E594A16AE4D763A16583FBA9E0634898D041F5&key=yt8&kind=asr&lang=pl&variant=ec&tlang=ar&fmt=srv2\", \"name\": \"Arabic\", \"impersonate\": true, \"__yt_dlp_client\": \"tv_downgraded\"}, {\"ext\": \"srv3\", \"url\": \"https://www.youtube.com/api/timedtext?v=ezv5DuvCk0E&ei=z8xXafHFHv6Z6dsP-9P_uAs&caps=asr&opi=112496729&xoaf=5&xowf=1&xospf=1&hl=en&ip=0.0.0.0&ipbits=0&expire=1767386943&sparams=ip%2Cipbits%2Cexpire%2Cv%2Cei%2Ccaps%2Copi%2Cxoaf&signature=31ACC713C92BF468B0604D892289468DE459EB82.25E594A16AE4D763A16583FBA9E0634898D041F5&key=yt8&kind=asr&lang=pl&variant=ec&tlang=ar&fmt=srv3\", \"name\": \"Arabic\", \"impersonate\": true, \"__yt_dlp_client\": \"tv_downgraded\"}, {\"ext\": \"ttml\", \"url\": \"https://www.youtube.com/api/timedtext?v=ezv5DuvCk0E&ei=z8xXafHFHv6Z6dsP-9P_uAs&caps=asr&opi=112496729&xoaf=5&xowf=1&xospf=1&hl=en&ip=0.0.0.0&ipbits=0&expire=1767386943&sparams=ip%2Cipbits%2Cexpire%2Cv%2Cei%2Ccaps%2Copi%2Cxoaf&signature=31ACC713C92BF468B0604D892289468DE459EB82.25E594A16AE4D763A16583FBA9E0634898D041F5&key=yt8&kind=asr&lang=pl&variant=ec&tlang=ar&fmt=ttml\", \"name\": \"Arabic\", \"impersonate\": true, \"__yt_dlp_client\": \"tv_downgraded\"}, {\"ext\": \"srt\", \"url\": \"https://www.youtube.com/api/timedtext?v=ezv5DuvCk0E&ei=z8xXafHFHv6Z6dsP-9P_uAs&caps=asr&opi=112496729&xoaf=5&xowf=1&xospf=1&hl=en&ip=0.0.0.0&ipbits=0&expire=1767386943&sparams=ip%2Cipbits%2Cexpire%2Cv%2Cei%2Ccaps%2Copi%2Cxoaf&signature=31ACC713C92BF468B0604D892289468DE459EB82.25E594A16AE4D763A16583FBA9E0634898D041F5&key=yt8&kind=asr&lang=pl&variant=ec&tlang=ar&fmt=srt\", \"name\": \"Arabic\", \"impersonate\": true, \"__yt_dlp_client\": \"tv_downgraded\"}, {\"ext\": \"vtt\", \"url\": \"https://www.youtube.com/api/timedtext?v=ezv5DuvCk0E&ei=z8xXafHFHv6Z6dsP-9P_uAs&caps=asr&opi=112496729&xoaf=5&xowf=1&xospf=1&hl=en&ip=0.0.0.0&ipbits=0&expire=1767386943&sparams=ip%2Cipbits%2Cexpire%2Cv%2Cei%2Ccaps%2Copi%2Cxoaf&signature=31ACC713C92BF468B0604D892289468DE459EB82.25E594A16AE4D763A16583FBA9E0634898D041F5&key=yt8&kind=asr&lang=pl&variant=ec&tlang=ar&fmt=vtt\", \"name\": \"Arabic\", \"impersonate\": true, \"__yt_dlp_client\": \"tv_downgraded\"}], \"hy\": [{\"ext\": \"json3\", \"url\": \"https://www.youtube.com/api/timedtext?v=ezv5DuvCk0E&ei=z8xXafHFHv6Z6dsP-9P_uAs&caps=asr&opi=112496729&xoaf=5&xowf=1&xospf=1&hl=en&ip=0.0.0.0&ipbits=0&expire=1767386943&sparams=ip%2Cipbits%2Cexpire%2Cv%2Cei%2Ccaps%2Copi%2Cxoaf&signature=31ACC713C92BF468B0604D892289468DE459EB82.25E594A16AE4D763A16583FBA9E0634898D041F5&key=yt8&kind=asr&lang=pl&variant=ec&tlang=hy&fmt=json3\", \"name\": \"Armenian\", \"impersonate\": true, \"__yt_dlp_client\": \"tv_downgraded\"}, {\"ext\": \"srv1\", \"url\": \"https://www.youtube.com/api/timedtext?v=ezv5DuvCk0E&ei=z8xXafHFHv6Z6dsP-9P_uAs&caps=asr&opi=112496729&xoaf=5&xowf=1&xospf=1&hl=en&ip=0.0.0.0&ipbits=0&expire=1767386943&sparams=ip%2Cipbits%2Cexpire%2Cv%2Cei%2Ccaps%2Copi%2Cxoaf&signature=31ACC713C92BF468B0604D892289468DE459EB82.25E594A16AE4D763A16583FBA9E0634898D041F5&key=yt8&kind=asr&lang=pl&variant=ec&tlang=hy&fmt=srv1\", \"name\": \"Armenian\", \"impersonate\": true, \"__yt_dlp_client\": \"tv_downgraded\"}, {\"ext\": \"srv2\", \"url\": \"https://www.youtube.com/api/timedtext?v=ezv5DuvCk0E&ei=z8xXafHFHv6Z6dsP-9P_uAs&caps=asr&opi=112496729&xoaf=5&xowf=1&xospf=1&hl=en&ip=0.0.0.0&ipbits=0&expire=1767386943&sparams=ip%2Cipbits%2Cexpire%2Cv%2Cei%2Ccaps%2Copi%2Cxoaf&signature=31ACC713C92BF468B0604D892289468DE459EB82.25E594A16AE4D763A16583FBA9E0634898D041F5&key=yt8&kind=asr&lang=pl&variant=ec&tlang=hy&fmt=srv2\", \"name\": \"Armenian\", \"impersonate\": true, \"__yt_dlp_client\": \"tv_downgraded\"}, {\"ext\": \"srv3\", \"url\": \"https://www.youtube.com/api/timedtext?v=ezv5DuvCk0E&ei=z8xXafHFHv6Z6dsP-9P_uAs&caps=asr&opi=112496729&xoaf=5&xowf=1&xospf=1&hl=en&ip=0.0.0.0&ipbits=0&expire=1767386943&sparams=ip%2Cipbits%2Cexpire%2Cv%2Cei%2Ccaps%2Copi%2Cxoaf&signature=31ACC713C92BF468B0604D892289468DE459EB82.25E594A16AE4D763A16583FBA9E0634898D041F5&key=yt8&kind=asr&lang=pl&variant=ec&tlang=hy&fmt=srv3\", \"name\": \"Armenian\", \"impersonate\": true, \"__yt_dlp_client\": \"tv_downgraded\"}, {\"ext\": \"ttml\", \"url\": \"https://www.youtube.com/api/timedtext?v=ezv5DuvCk0E&ei=z8xXafHFHv6Z6dsP-9P_uAs&caps=asr&opi=112496729&xoaf=5&xowf=1&xospf=1&hl=en&ip=0.0.0.0&ipbits=0&expire=1767386943&sparams=ip%2Cipbits%2Cexpire%2Cv%2Cei%2Ccaps%2Copi%2Cxoaf&signature=31ACC713C92BF468B0604D892289468DE459EB82.25E594A16AE4D763A16583FBA9E0634898D041F5&key=yt8&kind=asr&lang=pl&variant=ec&tlang=hy&fmt=ttml\", \"name\": \"Armenian\", \"impersonate\": true, \"__yt_dlp_client\": \"tv_downgraded\"}, {\"ext\": \"srt\", \"url\": \"https://www.youtube.com/api/timedtext?v=ezv5DuvCk0E&ei=z8xXafHFHv6Z6dsP-9P_uAs&caps=asr&opi=112496729&xoaf=5&xowf=1&xospf=1&hl=en&ip=0.0.0.0&ipbits=0&expire=1767386943&sparams=ip%2Cipbits%2Cexpire%2Cv%2Cei%2Ccaps%2Copi%2Cxoaf&signature=31ACC713C92BF468B0604D892289468DE459EB82.25E594A16AE4D763A16583FBA9E0634898D041F5&key=yt8&kind=asr&lang=pl&variant=ec&tlang=hy&fmt=srt\", \"name\": \"Armenian\", \"impersonate\": true, \"__yt_dlp_client\": \"tv_downgraded\"}, {\"ext\": \"vtt\", \"url\": \"https://www.youtube.com/api/timedtext?v=ezv5DuvCk0E&ei=z8xXafHFHv6Z6dsP-9P_uAs&caps=asr&opi=112496729&xoaf=5&xowf=1&xospf=1&hl=en&ip=0.0.0.0&ipbits=0&expire=1767386943&sparams=ip%2Cipbits%2Cexpire%2Cv%2Cei%2Ccaps%2Copi%2Cxoaf&signature=31ACC713C92BF468B0604D892289468DE459EB82.25E594A16AE4D763A16583FBA9E0634898D041F5&key=yt8&kind=asr&lang=pl&variant=ec&tlang=hy&fmt=vtt\", \"name\": \"Armenian\", \"impersonate\": true, \"__yt_dlp_client\": \"tv_downgraded\"}], \"as\": [{\"ext\": \"json3\", \"url\": \"https://www.youtube.com/api/timedtext?v=ezv5DuvCk0E&ei=z8xXafHFHv6Z6dsP-9P_uAs&caps=asr&opi=112496729&xoaf=5&xowf=1&xospf=1&hl=en&ip=0.0.0.0&ipbits=0&expire=1767386943&sparams=ip%2Cipbits%2Cexpire%2Cv%2Cei%2Ccaps%2Copi%2Cxoaf&signature=31ACC713C92BF468B0604D892289468DE459EB82.25E594A16AE4D763A16583FBA9E0634898D041F5&key=yt8&kind=asr&lang=pl&variant=ec&tlang=as&fmt=json3\", \"name\": \"Assamese\", \"impersonate\": true, \"__yt_dlp_client\": \"tv_downgraded\"}, {\"ext\": \"srv1\", \"url\": \"https://www.youtube.com/api/timedtext?v=ezv5DuvCk0E&ei=z8xXafHFHv6Z6dsP-9P_uAs&caps=asr&opi=112496729&xoaf=5&xowf=1&xospf=1&hl=en&ip=0.0.0.0&ipbits=0&expire=1767386943&sparams=ip%2Cipbits%2Cexpire%2Cv%2Cei%2Ccaps%2Copi%2Cxoaf&signature=31ACC713C92BF468B0604D892289468DE459EB82.25E594A16AE4D763A16583FBA9E0634898D041F5&key=yt8&kind=asr&lang=pl&variant=ec&tlang=as&fmt=srv1\", \"name\": \"Assamese\", \"impersonate\": true, \"__yt_dlp_client\": \"tv_downgraded\"}, {\"ext\": \"srv2\", \"url\": \"https://www.youtube.com/api/timedtext?v=ezv5DuvCk0E&ei=z8xXafHFHv6Z6dsP-9P_uAs&caps=asr&opi=112496729&xoaf=5&xowf=1&xospf=1&hl=en&ip=0.0.0.0&ipbits=0&expire=1767386943&sparams=ip%2Cipbits%2Cexpire%2Cv%2Cei%2Ccaps%2Copi%2Cxoaf&signature=31ACC713C92BF468B0604D892289468DE459EB82.25E594A16AE4D763A16583FBA9E0634898D041F5&key=yt8&kind=asr&lang=pl&variant=ec&tlang=as&fmt=srv2\", \"name\": \"Assamese\", \"impersonate\": true, \"__yt_dlp_client\": \"tv_downgraded\"}, {\"ext\": \"srv3\", \"url\": \"https://www.youtube.com/api/timedtext?v=ezv5DuvCk0E&ei=z8xXafHFHv6Z6dsP-9P_uAs&caps=asr&opi=112496729&xoaf=5&xowf=1&xospf=1&hl=en&ip=0.0.0.0&ipbits=0&expire=1767386943&sparams=ip%2Cipbits%2Cexpire%2Cv%2Cei%2Ccaps%2Copi%2Cxoaf&signature=31ACC713C92BF468B0604D892289468DE459EB82.25E594A16AE4D763A16583FBA9E0634898D041F5&key=yt8&kind=asr&lang=pl&variant=ec&tlang=as&fmt=srv3\", \"name\": \"Assamese\", \"impersonate\": true, \"__yt_dlp_client\": \"tv_downgraded\"}, {\"ext\": \"ttml\", \"url\": \"https://www.youtube.com/api/timedtext?v=ezv5DuvCk0E&ei=z8xXafHFHv6Z6dsP-9P_uAs&caps=asr&opi=112496729&xoaf=5&xowf=1&xospf=1&hl=en&ip=0.0.0.0&ipbits=0&expire=1767386943&sparams=ip%2Cipbits%2Cexpire%2Cv%2Cei%2Ccaps%2Copi%2Cxoaf&signature=31ACC713C92BF468B0604D892289468DE459EB82.25E594A16AE4D763A16583FBA9E0634898D041F5&key=yt8&kind=asr&lang=pl&variant=ec&tlang=as&fmt=ttml\", \"name\": \"Assamese\", \"impersonate\": true, \"__yt_dlp_client\": \"tv_downgraded\"}, {\"ext\": \"srt\", \"url\": \"https://www.youtube.com/api/timedtext?v=ezv5DuvCk0E&ei=z8xXafHFHv6Z6dsP-9P_uAs&caps=asr&opi=112496729&xoaf=5&xowf=1&xospf=1&hl=en&ip=0.0.0.0&ipbits=0&expire=1767386943&sparams=ip%2Cipbits%2Cexpire%2Cv%2Cei%2Ccaps%2Copi%2Cxoaf&signature=31ACC713C92BF468B0604D892289468DE459EB82.25E594A16AE4D763A16583FBA9E0634898D041F5&key=yt8&kind=asr&lang=pl&variant=ec&tlang=as&fmt=srt\", \"name\": \"Assamese\", \"impersonate\": true, \"__yt_dlp_client\": \"tv_downgraded\"}, {\"ext\": \"vtt\", \"url\": \"https://www.youtube.com/api/timedtext?v=ezv5DuvCk0E&ei=z8xXafHFHv6Z6dsP-9P_uAs&caps=asr&opi=112496729&xoaf=5&xowf=1&xospf=1&hl=en&ip=0.0.0.0&ipbits=0&expire=1767386943&sparams=ip%2Cipbits%2Cexpire%2Cv%2Cei%2Ccaps%2Copi%2Cxoaf&signature=31ACC713C92BF468B0604D892289468DE459EB82.25E594A16AE4D763A16583FBA9E0634898D041F5&key=yt8&kind=asr&lang=pl&variant=ec&tlang=as&fmt=vtt\", \"name\": \"Assamese\", \"impersonate\": true, \"__yt_dlp_client\": \"tv_downgraded\"}], \"ay\": [{\"ext\": \"json3\", \"url\": \"https://www.youtube.com/api/timedtext?v=ezv5DuvCk0E&ei=z8xXafHFHv6Z6dsP-9P_uAs&caps=asr&opi=112496729&xoaf=5&xowf=1&xospf=1&hl=en&ip=0.0.0.0&ipbits=0&expire=1767386943&sparams=ip%2Cipbits%2Cexpire%2Cv%2Cei%2Ccaps%2Copi%2Cxoaf&signature=31ACC713C92BF468B0604D892289468DE459EB82.25E594A16AE4D763A16583FBA9E0634898D041F5&key=yt8&kind=asr&lang=pl&variant=ec&tlang=ay&fmt=json3\", \"name\": \"Aymara\", \"impersonate\": true, \"__yt_dlp_client\": \"tv_downgraded\"}, {\"ext\": \"srv1\", \"url\": \"https://www.youtube.com/api/timedtext?v=ezv5DuvCk0E&ei=z8xXafHFHv6Z6dsP-9P_uAs&caps=asr&opi=112496729&xoaf=5&xowf=1&xospf=1&hl=en&ip=0.0.0.0&ipbits=0&expire=1767386943&sparams=ip%2Cipbits%2Cexpire%2Cv%2Cei%2Ccaps%2Copi%2Cxoaf&signature=31ACC713C92BF468B0604D892289468DE459EB82.25E594A16AE4D763A16583FBA9E0634898D041F5&key=yt8&kind=asr&lang=pl&variant=ec&tlang=ay&fmt=srv1\", \"name\": \"Aymara\", \"impersonate\": true, \"__yt_dlp_client\": \"tv_downgraded\"}, {\"ext\": \"srv2\", \"url\": \"https://www.youtube.com/api/timedtext?v=ezv5DuvCk0E&ei=z8xXafHFHv6Z6dsP-9P_uAs&caps=asr&opi=112496729&xoaf=5&xowf=1&xospf=1&hl=en&ip=0.0.0.0&ipbits=0&expire=1767386943&sparams=ip%2Cipbits%2Cexpire%2Cv%2Cei%2Ccaps%2Copi%2Cxoaf&signature=31ACC713C92BF468B0604D892289468DE459EB82.25E594A16AE4D763A16583FBA9E0634898D041F5&key=yt8&kind=asr&lang=pl&variant=ec&tlang=ay&fmt=srv2\", \"name\": \"Aymara\", \"impersonate\": true, \"__yt_dlp_client\": \"tv_downgraded\"}, {\"ext\": \"srv3\", \"url\": \"https://www.youtube.com/api/timedtext?v=ezv5DuvCk0E&ei=z8xXafHFHv6Z6dsP-9P_uAs&caps=asr&opi=112496729&xoaf=5&xowf=1&xospf=1&hl=en&ip=0.0.0.0&ipbits=0&expire=1767386943&sparams=ip%2Cipbits%2Cexpire%2Cv%2Cei%2Ccaps%2Copi%2Cxoaf&signature=31ACC713C92BF468B0604D892289468DE459EB82.25E594A16AE4D763A16583FBA9E0634898D041F5&key=yt8&kind=asr&lang=pl&variant=ec&tlang=ay&fmt=srv3\", \"name\": \"Aymara\", \"impersonate\": true, \"__yt_dlp_client\": \"tv_downgraded\"}, {\"ext\": \"ttml\", \"url\": \"https://www.youtube.com/api/timedtext?v=ezv5DuvCk0E&ei=z8xXafHFHv6Z6dsP-9P_uAs&caps=asr&opi=112496729&xoaf=5&xowf=1&xospf=1&hl=en&ip=0.0.0.0&ipbits=0&expire=1767386943&sparams=ip%2Cipbits%2Cexpire%2Cv%2Cei%2Ccaps%2Copi%2Cxoaf&signature=31ACC713C92BF468B0604D892289468DE459EB82.25E594A16AE4D763A16583FBA9E0634898D041F5&key=yt8&kind=asr&lang=pl&variant=ec&tlang=ay&fmt=ttml\", \"name\": \"Aymara\", \"impersonate\": true, \"__yt_dlp_client\": \"tv_downgraded\"}, {\"ext\": \"srt\", \"url\": \"https://www.youtube.com/api/timedtext?v=ezv5DuvCk0E&ei=z8xXafHFHv6Z6dsP-9P_uAs&caps=asr&opi=112496729&xoaf=5&xowf=1&xospf=1&hl=en&ip=0.0.0.0&ipbits=0&expire=1767386943&sparams=ip%2Cipbits%2Cexpire%2Cv%2Cei%2Ccaps%2Copi%2Cxoaf&signature=31ACC713C92BF468B0604D892289468DE459EB82.25E594A16AE4D763A16583FBA9E0634898D041F5&key=yt8&kind=asr&lang=pl&variant=ec&tlang=ay&fmt=srt\", \"name\": \"Aymara\", \"impersonate\": true, \"__yt_dlp_client\": \"tv_downgraded\"}, {\"ext\": \"vtt\", \"url\": \"https://www.youtube.com/api/timedtext?v=ezv5DuvCk0E&ei=z8xXafHFHv6Z6dsP-9P_uAs&caps=asr&opi=112496729&xoaf=5&xowf=1&xospf=1&hl=en&ip=0.0.0.0&ipbits=0&expire=1767386943&sparams=ip%2Cipbits%2Cexpire%2Cv%2Cei%2Ccaps%2Copi%2Cxoaf&signature=31ACC713C92BF468B0604D892289468DE459EB82.25E594A16AE4D763A16583FBA9E0634898D041F5&key=yt8&kind=asr&lang=pl&variant=ec&tlang=ay&fmt=vtt\", \"name\": \"Aymara\", \"impersonate\": true, \"__yt_dlp_client\": \"tv_downgraded\"}], \"az\": [{\"ext\": \"json3\", \"url\": \"https://www.youtube.com/api/timedtext?v=ezv5DuvCk0E&ei=z8xXafHFHv6Z6dsP-9P_uAs&caps=asr&opi=112496729&xoaf=5&xowf=1&xospf=1&hl=en&ip=0.0.0.0&ipbits=0&expire=1767386943&sparams=ip%2Cipbits%2Cexpire%2Cv%2Cei%2Ccaps%2Copi%2Cxoaf&signature=31ACC713C92BF468B0604D892289468DE459EB82.25E594A16AE4D763A16583FBA9E0634898D041F5&key=yt8&kind=asr&lang=pl&variant=ec&tlang=az&fmt=json3\", \"name\": \"Azerbaijani\", \"impersonate\": true, \"__yt_dlp_client\": \"tv_downgraded\"}, {\"ext\": \"srv1\", \"url\": \"https://www.youtube.com/api/timedtext?v=ezv5DuvCk0E&ei=z8xXafHFHv6Z6dsP-9P_uAs&caps=asr&opi=112496729&xoaf=5&xowf=1&xospf=1&hl=en&ip=0.0.0.0&ipbits=0&expire=1767386943&sparams=ip%2Cipbits%2Cexpire%2Cv%2Cei%2Ccaps%2Copi%2Cxoaf&signature=31ACC713C92BF468B0604D892289468DE459EB82.25E594A16AE4D763A16583FBA9E0634898D041F5&key=yt8&kind=asr&lang=pl&variant=ec&tlang=az&fmt=srv1\", \"name\": \"Azerbaijani\", \"impersonate\": true, \"__yt_dlp_client\": \"tv_downgraded\"}, {\"ext\": \"srv2\", \"url\": \"https://www.youtube.com/api/timedtext?v=ezv5DuvCk0E&ei=z8xXafHFHv6Z6dsP-9P_uAs&caps=asr&opi=112496729&xoaf=5&xowf=1&xospf=1&hl=en&ip=0.0.0.0&ipbits=0&expire=1767386943&sparams=ip%2Cipbits%2Cexpire%2Cv%2Cei%2Ccaps%2Copi%2Cxoaf&signature=31ACC713C92BF468B0604D892289468DE459EB82.25E594A16AE4D763A16583FBA9E0634898D041F5&key=yt8&kind=asr&lang=pl&variant=ec&tlang=az&fmt=srv2\", \"name\": \"Azerbaijani\", \"impersonate\": true, \"__yt_dlp_client\": \"tv_downgraded\"}, {\"ext\": \"srv3\", \"url\": \"https://www.youtube.com/api/timedtext?v=ezv5DuvCk0E&ei=z8xXafHFHv6Z6dsP-9P_uAs&caps=asr&opi=112496729&xoaf=5&xowf=1&xospf=1&hl=en&ip=0.0.0.0&ipbits=0&expire=1767386943&sparams=ip%2Cipbits%2Cexpire%2Cv%2Cei%2Ccaps%2Copi%2Cxoaf&signature=31ACC713C92BF468B0604D892289468DE459EB82.25E594A16AE4D763A16583FBA9E0634898D041F5&key=yt8&kind=asr&lang=pl&variant=ec&tlang=az&fmt=srv3\", \"name\": \"Azerbaijani\", \"impersonate\": true, \"__yt_dlp_client\": \"tv_downgraded\"}, {\"ext\": \"ttml\", \"url\": \"https://www.youtube.com/api/timedtext?v=ezv5DuvCk0E&ei=z8xXafHFHv6Z6dsP-9P_uAs&caps=asr&opi=112496729&xoaf=5&xowf=1&xospf=1&hl=en&ip=0.0.0.0&ipbits=0&expire=1767386943&sparams=ip%2Cipbits%2Cexpire%2Cv%2Cei%2Ccaps%2Copi%2Cxoaf&signature=31ACC713C92BF468B0604D892289468DE459EB82.25E594A16AE4D763A16583FBA9E0634898D041F5&key=yt8&kind=asr&lang=pl&variant=ec&tlang=az&fmt=ttml\", \"name\": \"Azerbaijani\", \"impersonate\": true, \"__yt_dlp_client\": \"tv_downgraded\"}, {\"ext\": \"srt\", \"url\": \"https://www.youtube.com/api/timedtext?v=ezv5DuvCk0E&ei=z8xXafHFHv6Z6dsP-9P_uAs&caps=asr&opi=112496729&xoaf=5&xowf=1&xospf=1&hl=en&ip=0.0.0.0&ipbits=0&expire=1767386943&sparams=ip%2Cipbits%2Cexpire%2Cv%2Cei%2Ccaps%2Copi%2Cxoaf&signature=31ACC713C92BF468B0604D892289468DE459EB82.25E594A16AE4D763A16583FBA9E0634898D041F5&key=yt8&kind=asr&lang=pl&variant=ec&tlang=az&fmt=srt\", \"name\": \"Azerbaijani\", \"impersonate\": true, \"__yt_dlp_client\": \"tv_downgraded\"}, {\"ext\": \"vtt\", \"url\": \"https://www.youtube.com/api/timedtext?v=ezv5DuvCk0E&ei=z8xXafHFHv6Z6dsP-9P_uAs&caps=asr&opi=112496729&xoaf=5&xowf=1&xospf=1&hl=en&ip=0.0.0.0&ipbits=0&expire=1767386943&sparams=ip%2Cipbits%2Cexpire%2Cv%2Cei%2Ccaps%2Copi%2Cxoaf&signature=31ACC713C92BF468B0604D892289468DE459EB82.25E594A16AE4D763A16583FBA9E0634898D041F5&key=yt8&kind=asr&lang=pl&variant=ec&tlang=az&fmt=vtt\", \"name\": \"Azerbaijani\", \"impersonate\": true, \"__yt_dlp_client\": \"tv_downgraded\"}], \"bn\": [{\"ext\": \"json3\", \"url\": \"https://www.youtube.com/api/timedtext?v=ezv5DuvCk0E&ei=z8xXafHFHv6Z6dsP-9P_uAs&caps=asr&opi=112496729&xoaf=5&xowf=1&xospf=1&hl=en&ip=0.0.0.0&ipbits=0&expire=1767386943&sparams=ip%2Cipbits%2Cexpire%2Cv%2Cei%2Ccaps%2Copi%2Cxoaf&signature=31ACC713C92BF468B0604D892289468DE459EB82.25E594A16AE4D763A16583FBA9E0634898D041F5&key=yt8&kind=asr&lang=pl&variant=ec&tlang=bn&fmt=json3\", \"name\": \"Bangla\", \"impersonate\": true, \"__yt_dlp_client\": \"tv_downgraded\"}, {\"ext\": \"srv1\", \"url\": \"https://www.youtube.com/api/timedtext?v=ezv5DuvCk0E&ei=z8xXafHFHv6Z6dsP-9P_uAs&caps=asr&opi=112496729&xoaf=5&xowf=1&xospf=1&hl=en&ip=0.0.0.0&ipbits=0&expire=1767386943&sparams=ip%2Cipbits%2Cexpire%2Cv%2Cei%2Ccaps%2Copi%2Cxoaf&signature=31ACC713C92BF468B0604D892289468DE459EB82.25E594A16AE4D763A16583FBA9E0634898D041F5&key=yt8&kind=asr&lang=pl&variant=ec&tlang=bn&fmt=srv1\", \"name\": \"Bangla\", \"impersonate\": true, \"__yt_dlp_client\": \"tv_downgraded\"}, {\"ext\": \"srv2\", \"url\": \"https://www.youtube.com/api/timedtext?v=ezv5DuvCk0E&ei=z8xXafHFHv6Z6dsP-9P_uAs&caps=asr&opi=112496729&xoaf=5&xowf=1&xospf=1&hl=en&ip=0.0.0.0&ipbits=0&expire=1767386943&sparams=ip%2Cipbits%2Cexpire%2Cv%2Cei%2Ccaps%2Copi%2Cxoaf&signature=31ACC713C92BF468B0604D892289468DE459EB82.25E594A16AE4D763A16583FBA9E0634898D041F5&key=yt8&kind=asr&lang=pl&variant=ec&tlang=bn&fmt=srv2\", \"name\": \"Bangla\", \"impersonate\": true, \"__yt_dlp_client\": \"tv_downgraded\"}, {\"ext\": \"srv3\", \"url\": \"https://www.youtube.com/api/timedtext?v=ezv5DuvCk0E&ei=z8xXafHFHv6Z6dsP-9P_uAs&caps=asr&opi=112496729&xoaf=5&xowf=1&xospf=1&hl=en&ip=0.0.0.0&ipbits=0&expire=1767386943&sparams=ip%2Cipbits%2Cexpire%2Cv%2Cei%2Ccaps%2Copi%2Cxoaf&signature=31ACC713C92BF468B0604D892289468DE459EB82.25E594A16AE4D763A16583FBA9E0634898D041F5&key=yt8&kind=asr&lang=pl&variant=ec&tlang=bn&fmt=srv3\", \"name\": \"Bangla\", \"impersonate\": true, \"__yt_dlp_client\": \"tv_downgraded\"}, {\"ext\": \"ttml\", \"url\": \"https://www.youtube.com/api/timedtext?v=ezv5DuvCk0E&ei=z8xXafHFHv6Z6dsP-9P_uAs&caps=asr&opi=112496729&xoaf=5&xowf=1&xospf=1&hl=en&ip=0.0.0.0&ipbits=0&expire=1767386943&sparams=ip%2Cipbits%2Cexpire%2Cv%2Cei%2Ccaps%2Copi%2Cxoaf&signature=31ACC713C92BF468B0604D892289468DE459EB82.25E594A16AE4D763A16583FBA9E0634898D041F5&key=yt8&kind=asr&lang=pl&variant=ec&tlang=bn&fmt=ttml\", \"name\": \"Bangla\", \"impersonate\": true, \"__yt_dlp_client\": \"tv_downgraded\"}, {\"ext\": \"srt\", \"url\": \"https://www.youtube.com/api/timedtext?v=ezv5DuvCk0E&ei=z8xXafHFHv6Z6dsP-9P_uAs&caps=asr&opi=112496729&xoaf=5&xowf=1&xospf=1&hl=en&ip=0.0.0.0&ipbits=0&expire=1767386943&sparams=ip%2Cipbits%2Cexpire%2Cv%2Cei%2Ccaps%2Copi%2Cxoaf&signature=31ACC713C92BF468B0604D892289468DE459EB82.25E594A16AE4D763A16583FBA9E0634898D041F5&key=yt8&kind=asr&lang=pl&variant=ec&tlang=bn&fmt=srt\", \"name\": \"Bangla\", \"impersonate\": true, \"__yt_dlp_client\": \"tv_downgraded\"}, {\"ext\": \"vtt\", \"url\": \"https://www.youtube.com/api/timedtext?v=ezv5DuvCk0E&ei=z8xXafHFHv6Z6dsP-9P_uAs&caps=asr&opi=112496729&xoaf=5&xowf=1&xospf=1&hl=en&ip=0.0.0.0&ipbits=0&expire=1767386943&sparams=ip%2Cipbits%2Cexpire%2Cv%2Cei%2Ccaps%2Copi%2Cxoaf&signature=31ACC713C92BF468B0604D892289468DE459EB82.25E594A16AE4D763A16583FBA9E0634898D041F5&key=yt8&kind=asr&lang=pl&variant=ec&tlang=bn&fmt=vtt\", \"name\": \"Bangla\", \"impersonate\": true, \"__yt_dlp_client\": \"tv_downgraded\"}], \"ba\": [{\"ext\": \"json3\", \"url\": \"https://www.youtube.com/api/timedtext?v=ezv5DuvCk0E&ei=z8xXafHFHv6Z6dsP-9P_uAs&caps=asr&opi=112496729&xoaf=5&xowf=1&xospf=1&hl=en&ip=0.0.0.0&ipbits=0&expire=1767386943&sparams=ip%2Cipbits%2Cexpire%2Cv%2Cei%2Ccaps%2Copi%2Cxoaf&signature=31ACC713C92BF468B0604D892289468DE459EB82.25E594A16AE4D763A16583FBA9E0634898D041F5&key=yt8&kind=asr&lang=pl&variant=ec&tlang=ba&fmt=json3\", \"name\": \"Bashkir\", \"impersonate\": true, \"__yt_dlp_client\": \"tv_downgraded\"}, {\"ext\": \"srv1\", \"url\": \"https://www.youtube.com/api/timedtext?v=ezv5DuvCk0E&ei=z8xXafHFHv6Z6dsP-9P_uAs&caps=asr&opi=112496729&xoaf=5&xowf=1&xospf=1&hl=en&ip=0.0.0.0&ipbits=0&expire=1767386943&sparams=ip%2Cipbits%2Cexpire%2Cv%2Cei%2Ccaps%2Copi%2Cxoaf&signature=31ACC713C92BF468B0604D892289468DE459EB82.25E594A16AE4D763A16583FBA9E0634898D041F5&key=yt8&kind=asr&lang=pl&variant=ec&tlang=ba&fmt=srv1\", \"name\": \"Bashkir\", \"impersonate\": true, \"__yt_dlp_client\": \"tv_downgraded\"}, {\"ext\": \"srv2\", \"url\": \"https://www.youtube.com/api/timedtext?v=ezv5DuvCk0E&ei=z8xXafHFHv6Z6dsP-9P_uAs&caps=asr&opi=112496729&xoaf=5&xowf=1&xospf=1&hl=en&ip=0.0.0.0&ipbits=0&expire=1767386943&sparams=ip%2Cipbits%2Cexpire%2Cv%2Cei%2Ccaps%2Copi%2Cxoaf&signature=31ACC713C92BF468B0604D892289468DE459EB82.25E594A16AE4D763A16583FBA9E0634898D041F5&key=yt8&kind=asr&lang=pl&variant=ec&tlang=ba&fmt=srv2\", \"name\": \"Bashkir\", \"impersonate\": true, \"__yt_dlp_client\": \"tv_downgraded\"}, {\"ext\": \"srv3\", \"url\": \"https://www.youtube.com/api/timedtext?v=ezv5DuvCk0E&ei=z8xXafHFHv6Z6dsP-9P_uAs&caps=asr&opi=112496729&xoaf=5&xowf=1&xospf=1&hl=en&ip=0.0.0.0&ipbits=0&expire=1767386943&sparams=ip%2Cipbits%2Cexpire%2Cv%2Cei%2Ccaps%2Copi%2Cxoaf&signature=31ACC713C92BF468B0604D892289468DE459EB82.25E594A16AE4D763A16583FBA9E0634898D041F5&key=yt8&kind=asr&lang=pl&variant=ec&tlang=ba&fmt=srv3\", \"name\": \"Bashkir\", \"impersonate\": true, \"__yt_dlp_client\": \"tv_downgraded\"}, {\"ext\": \"ttml\", \"url\": \"https://www.youtube.com/api/timedtext?v=ezv5DuvCk0E&ei=z8xXafHFHv6Z6dsP-9P_uAs&caps=asr&opi=112496729&xoaf=5&xowf=1&xospf=1&hl=en&ip=0.0.0.0&ipbits=0&expire=1767386943&sparams=ip%2Cipbits%2Cexpire%2Cv%2Cei%2Ccaps%2Copi%2Cxoaf&signature=31ACC713C92BF468B0604D892289468DE459EB82.25E594A16AE4D763A16583FBA9E0634898D041F5&key=yt8&kind=asr&lang=pl&variant=ec&tlang=ba&fmt=ttml\", \"name\": \"Bashkir\", \"impersonate\": true, \"__yt_dlp_client\": \"tv_downgraded\"}, {\"ext\": \"srt\", \"url\": \"https://www.youtube.com/api/timedtext?v=ezv5DuvCk0E&ei=z8xXafHFHv6Z6dsP-9P_uAs&caps=asr&opi=112496729&xoaf=5&xowf=1&xospf=1&hl=en&ip=0.0.0.0&ipbits=0&expire=1767386943&sparams=ip%2Cipbits%2Cexpire%2Cv%2Cei%2Ccaps%2Copi%2Cxoaf&signature=31ACC713C92BF468B0604D892289468DE459EB82.25E594A16AE4D763A16583FBA9E0634898D041F5&key=yt8&kind=asr&lang=pl&variant=ec&tlang=ba&fmt=srt\", \"name\": \"Bashkir\", \"impersonate\": true, \"__yt_dlp_client\": \"tv_downgraded\"}, {\"ext\": \"vtt\", \"url\": \"https://www.youtube.com/api/timedtext?v=ezv5DuvCk0E&ei=z8xXafHFHv6Z6dsP-9P_uAs&caps=asr&opi=112496729&xoaf=5&xowf=1&xospf=1&hl=en&ip=0.0.0.0&ipbits=0&expire=1767386943&sparams=ip%2Cipbits%2Cexpire%2Cv%2Cei%2Ccaps%2Copi%2Cxoaf&signature=31ACC713C92BF468B0604D892289468DE459EB82.25E594A16AE4D763A16583FBA9E0634898D041F5&key=yt8&kind=asr&lang=pl&variant=ec&tlang=ba&fmt=vtt\", \"name\": \"Bashkir\", \"impersonate\": true, \"__yt_dlp_client\": \"tv_downgraded\"}], \"eu\": [{\"ext\": \"json3\", \"url\": \"https://www.youtube.com/api/timedtext?v=ezv5DuvCk0E&ei=z8xXafHFHv6Z6dsP-9P_uAs&caps=asr&opi=112496729&xoaf=5&xowf=1&xospf=1&hl=en&ip=0.0.0.0&ipbits=0&expire=1767386943&sparams=ip%2Cipbits%2Cexpire%2Cv%2Cei%2Ccaps%2Copi%2Cxoaf&signature=31ACC713C92BF468B0604D892289468DE459EB82.25E594A16AE4D763A16583FBA9E0634898D041F5&key=yt8&kind=asr&lang=pl&variant=ec&tlang=eu&fmt=json3\", \"name\": \"Basque\", \"impersonate\": true, \"__yt_dlp_client\": \"tv_downgraded\"}, {\"ext\": \"srv1\", \"url\": \"https://www.youtube.com/api/timedtext?v=ezv5DuvCk0E&ei=z8xXafHFHv6Z6dsP-9P_uAs&caps=asr&opi=112496729&xoaf=5&xowf=1&xospf=1&hl=en&ip=0.0.0.0&ipbits=0&expire=1767386943&sparams=ip%2Cipbits%2Cexpire%2Cv%2Cei%2Ccaps%2Copi%2Cxoaf&signature=31ACC713C92BF468B0604D892289468DE459EB82.25E594A16AE4D763A16583FBA9E0634898D041F5&key=yt8&kind=asr&lang=pl&variant=ec&tlang=eu&fmt=srv1\", \"name\": \"Basque\", \"impersonate\": true, \"__yt_dlp_client\": \"tv_downgraded\"}, {\"ext\": \"srv2\", \"url\": \"https://www.youtube.com/api/timedtext?v=ezv5DuvCk0E&ei=z8xXafHFHv6Z6dsP-9P_uAs&caps=asr&opi=112496729&xoaf=5&xowf=1&xospf=1&hl=en&ip=0.0.0.0&ipbits=0&expire=1767386943&sparams=ip%2Cipbits%2Cexpire%2Cv%2Cei%2Ccaps%2Copi%2Cxoaf&signature=31ACC713C92BF468B0604D892289468DE459EB82.25E594A16AE4D763A16583FBA9E0634898D041F5&key=yt8&kind=asr&lang=pl&variant=ec&tlang=eu&fmt=srv2\", \"name\": \"Basque\", \"impersonate\": true, \"__yt_dlp_client\": \"tv_downgraded\"}, {\"ext\": \"srv3\", \"url\": \"https://www.youtube.com/api/timedtext?v=ezv5DuvCk0E&ei=z8xXafHFHv6Z6dsP-9P_uAs&caps=asr&opi=112496729&xoaf=5&xowf=1&xospf=1&hl=en&ip=0.0.0.0&ipbits=0&expire=1767386943&sparams=ip%2Cipbits%2Cexpire%2Cv%2Cei%2Ccaps%2Copi%2Cxoaf&signature=31ACC713C92BF468B0604D892289468DE459EB82.25E594A16AE4D763A16583FBA9E0634898D041F5&key=yt8&kind=asr&lang=pl&variant=ec&tlang=eu&fmt=srv3\", \"name\": \"Basque\", \"impersonate\": true, \"__yt_dlp_client\": \"tv_downgraded\"}, {\"ext\": \"ttml\", \"url\": \"https://www.youtube.com/api/timedtext?v=ezv5DuvCk0E&ei=z8xXafHFHv6Z6dsP-9P_uAs&caps=asr&opi=112496729&xoaf=5&xowf=1&xospf=1&hl=en&ip=0.0.0.0&ipbits=0&expire=1767386943&sparams=ip%2Cipbits%2Cexpire%2Cv%2Cei%2Ccaps%2Copi%2Cxoaf&signature=31ACC713C92BF468B0604D892289468DE459EB82.25E594A16AE4D763A16583FBA9E0634898D041F5&key=yt8&kind=asr&lang=pl&variant=ec&tlang=eu&fmt=ttml\", \"name\": \"Basque\", \"impersonate\": true, \"__yt_dlp_client\": \"tv_downgraded\"}, {\"ext\": \"srt\", \"url\": \"https://www.youtube.com/api/timedtext?v=ezv5DuvCk0E&ei=z8xXafHFHv6Z6dsP-9P_uAs&caps=asr&opi=112496729&xoaf=5&xowf=1&xospf=1&hl=en&ip=0.0.0.0&ipbits=0&expire=1767386943&sparams=ip%2Cipbits%2Cexpire%2Cv%2Cei%2Ccaps%2Copi%2Cxoaf&signature=31ACC713C92BF468B0604D892289468DE459EB82.25E594A16AE4D763A16583FBA9E0634898D041F5&key=yt8&kind=asr&lang=pl&variant=ec&tlang=eu&fmt=srt\", \"name\": \"Basque\", \"impersonate\": true, \"__yt_dlp_client\": \"tv_downgraded\"}, {\"ext\": \"vtt\", \"url\": \"https://www.youtube.com/api/timedtext?v=ezv5DuvCk0E&ei=z8xXafHFHv6Z6dsP-9P_uAs&caps=asr&opi=112496729&xoaf=5&xowf=1&xospf=1&hl=en&ip=0.0.0.0&ipbits=0&expire=1767386943&sparams=ip%2Cipbits%2Cexpire%2Cv%2Cei%2Ccaps%2Copi%2Cxoaf&signature=31ACC713C92BF468B0604D892289468DE459EB82.25E594A16AE4D763A16583FBA9E0634898D041F5&key=yt8&kind=asr&lang=pl&variant=ec&tlang=eu&fmt=vtt\", \"name\": \"Basque\", \"impersonate\": true, \"__yt_dlp_client\": \"tv_downgraded\"}], \"be\": [{\"ext\": \"json3\", \"url\": \"https://www.youtube.com/api/timedtext?v=ezv5DuvCk0E&ei=z8xXafHFHv6Z6dsP-9P_uAs&caps=asr&opi=112496729&xoaf=5&xowf=1&xospf=1&hl=en&ip=0.0.0.0&ipbits=0&expire=1767386943&sparams=ip%2Cipbits%2Cexpire%2Cv%2Cei%2Ccaps%2Copi%2Cxoaf&signature=31ACC713C92BF468B0604D892289468DE459EB82.25E594A16AE4D763A16583FBA9E0634898D041F5&key=yt8&kind=asr&lang=pl&variant=ec&tlang=be&fmt=json3\", \"name\": \"Belarusian\", \"impersonate\": true, \"__yt_dlp_client\": \"tv_downgraded\"}, {\"ext\": \"srv1\", \"url\": \"https://www.youtube.com/api/timedtext?v=ezv5DuvCk0E&ei=z8xXafHFHv6Z6dsP-9P_uAs&caps=asr&opi=112496729&xoaf=5&xowf=1&xospf=1&hl=en&ip=0.0.0.0&ipbits=0&expire=1767386943&sparams=ip%2Cipbits%2Cexpire%2Cv%2Cei%2Ccaps%2Copi%2Cxoaf&signature=31ACC713C92BF468B0604D892289468DE459EB82.25E594A16AE4D763A16583FBA9E0634898D041F5&key=yt8&kind=asr&lang=pl&variant=ec&tlang=be&fmt=srv1\", \"name\": \"Belarusian\", \"impersonate\": true, \"__yt_dlp_client\": \"tv_downgraded\"}, {\"ext\": \"srv2\", \"url\": \"https://www.youtube.com/api/timedtext?v=ezv5DuvCk0E&ei=z8xXafHFHv6Z6dsP-9P_uAs&caps=asr&opi=112496729&xoaf=5&xowf=1&xospf=1&hl=en&ip=0.0.0.0&ipbits=0&expire=1767386943&sparams=ip%2Cipbits%2Cexpire%2Cv%2Cei%2Ccaps%2Copi%2Cxoaf&signature=31ACC713C92BF468B0604D892289468DE459EB82.25E594A16AE4D763A16583FBA9E0634898D041F5&key=yt8&kind=asr&lang=pl&variant=ec&tlang=be&fmt=srv2\", \"name\": \"Belarusian\", \"impersonate\": true, \"__yt_dlp_client\": \"tv_downgraded\"}, {\"ext\": \"srv3\", \"url\": \"https://www.youtube.com/api/timedtext?v=ezv5DuvCk0E&ei=z8xXafHFHv6Z6dsP-9P_uAs&caps=asr&opi=112496729&xoaf=5&xowf=1&xospf=1&hl=en&ip=0.0.0.0&ipbits=0&expire=1767386943&sparams=ip%2Cipbits%2Cexpire%2Cv%2Cei%2Ccaps%2Copi%2Cxoaf&signature=31ACC713C92BF468B0604D892289468DE459EB82.25E594A16AE4D763A16583FBA9E0634898D041F5&key=yt8&kind=asr&lang=pl&variant=ec&tlang=be&fmt=srv3\", \"name\": \"Belarusian\", \"impersonate\": true, \"__yt_dlp_client\": \"tv_downgraded\"}, {\"ext\": \"ttml\", \"url\": \"https://www.youtube.com/api/timedtext?v=ezv5DuvCk0E&ei=z8xXafHFHv6Z6dsP-9P_uAs&caps=asr&opi=112496729&xoaf=5&xowf=1&xospf=1&hl=en&ip=0.0.0.0&ipbits=0&expire=1767386943&sparams=ip%2Cipbits%2Cexpire%2Cv%2Cei%2Ccaps%2Copi%2Cxoaf&signature=31ACC713C92BF468B0604D892289468DE459EB82.25E594A16AE4D763A16583FBA9E0634898D041F5&key=yt8&kind=asr&lang=pl&variant=ec&tlang=be&fmt=ttml\", \"name\": \"Belarusian\", \"impersonate\": true, \"__yt_dlp_client\": \"tv_downgraded\"}, {\"ext\": \"srt\", \"url\": \"https://www.youtube.com/api/timedtext?v=ezv5DuvCk0E&ei=z8xXafHFHv6Z6dsP-9P_uAs&caps=asr&opi=112496729&xoaf=5&xowf=1&xospf=1&hl=en&ip=0.0.0.0&ipbits=0&expire=1767386943&sparams=ip%2Cipbits%2Cexpire%2Cv%2Cei%2Ccaps%2Copi%2Cxoaf&signature=31ACC713C92BF468B0604D892289468DE459EB82.25E594A16AE4D763A16583FBA9E0634898D041F5&key=yt8&kind=asr&lang=pl&variant=ec&tlang=be&fmt=srt\", \"name\": \"Belarusian\", \"impersonate\": true, \"__yt_dlp_client\": \"tv_downgraded\"}, {\"ext\": \"vtt\", \"url\": \"https://www.youtube.com/api/timedtext?v=ezv5DuvCk0E&ei=z8xXafHFHv6Z6dsP-9P_uAs&caps=asr&opi=112496729&xoaf=5&xowf=1&xospf=1&hl=en&ip=0.0.0.0&ipbits=0&expire=1767386943&sparams=ip%2Cipbits%2Cexpire%2Cv%2Cei%2Ccaps%2Copi%2Cxoaf&signature=31ACC713C92BF468B0604D892289468DE459EB82.25E594A16AE4D763A16583FBA9E0634898D041F5&key=yt8&kind=asr&lang=pl&variant=ec&tlang=be&fmt=vtt\", \"name\": \"Belarusian\", \"impersonate\": true, \"__yt_dlp_client\": \"tv_downgraded\"}], \"bho\": [{\"ext\": \"json3\", \"url\": \"https://www.youtube.com/api/timedtext?v=ezv5DuvCk0E&ei=z8xXafHFHv6Z6dsP-9P_uAs&caps=asr&opi=112496729&xoaf=5&xowf=1&xospf=1&hl=en&ip=0.0.0.0&ipbits=0&expire=1767386943&sparams=ip%2Cipbits%2Cexpire%2Cv%2Cei%2Ccaps%2Copi%2Cxoaf&signature=31ACC713C92BF468B0604D892289468DE459EB82.25E594A16AE4D763A16583FBA9E0634898D041F5&key=yt8&kind=asr&lang=pl&variant=ec&tlang=bho&fmt=json3\", \"name\": \"Bhojpuri\", \"impersonate\": true, \"__yt_dlp_client\": \"tv_downgraded\"}, {\"ext\": \"srv1\", \"url\": \"https://www.youtube.com/api/timedtext?v=ezv5DuvCk0E&ei=z8xXafHFHv6Z6dsP-9P_uAs&caps=asr&opi=112496729&xoaf=5&xowf=1&xospf=1&hl=en&ip=0.0.0.0&ipbits=0&expire=1767386943&sparams=ip%2Cipbits%2Cexpire%2Cv%2Cei%2Ccaps%2Copi%2Cxoaf&signature=31ACC713C92BF468B0604D892289468DE459EB82.25E594A16AE4D763A16583FBA9E0634898D041F5&key=yt8&kind=asr&lang=pl&variant=ec&tlang=bho&fmt=srv1\", \"name\": \"Bhojpuri\", \"impersonate\": true, \"__yt_dlp_client\": \"tv_downgraded\"}, {\"ext\": \"srv2\", \"url\": \"https://www.youtube.com/api/timedtext?v=ezv5DuvCk0E&ei=z8xXafHFHv6Z6dsP-9P_uAs&caps=asr&opi=112496729&xoaf=5&xowf=1&xospf=1&hl=en&ip=0.0.0.0&ipbits=0&expire=1767386943&sparams=ip%2Cipbits%2Cexpire%2Cv%2Cei%2Ccaps%2Copi%2Cxoaf&signature=31ACC713C92BF468B0604D892289468DE459EB82.25E594A16AE4D763A16583FBA9E0634898D041F5&key=yt8&kind=asr&lang=pl&variant=ec&tlang=bho&fmt=srv2\", \"name\": \"Bhojpuri\", \"impersonate\": true, \"__yt_dlp_client\": \"tv_downgraded\"}, {\"ext\": \"srv3\", \"url\": \"https://www.youtube.com/api/timedtext?v=ezv5DuvCk0E&ei=z8xXafHFHv6Z6dsP-9P_uAs&caps=asr&opi=112496729&xoaf=5&xowf=1&xospf=1&hl=en&ip=0.0.0.0&ipbits=0&expire=1767386943&sparams=ip%2Cipbits%2Cexpire%2Cv%2Cei%2Ccaps%2Copi%2Cxoaf&signature=31ACC713C92BF468B0604D892289468DE459EB82.25E594A16AE4D763A16583FBA9E0634898D041F5&key=yt8&kind=asr&lang=pl&variant=ec&tlang=bho&fmt=srv3\", \"name\": \"Bhojpuri\", \"impersonate\": true, \"__yt_dlp_client\": \"tv_downgraded\"}, {\"ext\": \"ttml\", \"url\": \"https://www.youtube.com/api/timedtext?v=ezv5DuvCk0E&ei=z8xXafHFHv6Z6dsP-9P_uAs&caps=asr&opi=112496729&xoaf=5&xowf=1&xospf=1&hl=en&ip=0.0.0.0&ipbits=0&expire=1767386943&sparams=ip%2Cipbits%2Cexpire%2Cv%2Cei%2Ccaps%2Copi%2Cxoaf&signature=31ACC713C92BF468B0604D892289468DE459EB82.25E594A16AE4D763A16583FBA9E0634898D041F5&key=yt8&kind=asr&lang=pl&variant=ec&tlang=bho&fmt=ttml\", \"name\": \"Bhojpuri\", \"impersonate\": true, \"__yt_dlp_client\": \"tv_downgraded\"}, {\"ext\": \"srt\", \"url\": \"https://www.youtube.com/api/timedtext?v=ezv5DuvCk0E&ei=z8xXafHFHv6Z6dsP-9P_uAs&caps=asr&opi=112496729&xoaf=5&xowf=1&xospf=1&hl=en&ip=0.0.0.0&ipbits=0&expire=1767386943&sparams=ip%2Cipbits%2Cexpire%2Cv%2Cei%2Ccaps%2Copi%2Cxoaf&signature=31ACC713C92BF468B0604D892289468DE459EB82.25E594A16AE4D763A16583FBA9E0634898D041F5&key=yt8&kind=asr&lang=pl&variant=ec&tlang=bho&fmt=srt\", \"name\": \"Bhojpuri\", \"impersonate\": true, \"__yt_dlp_client\": \"tv_downgraded\"}, {\"ext\": \"vtt\", \"url\": \"https://www.youtube.com/api/timedtext?v=ezv5DuvCk0E&ei=z8xXafHFHv6Z6dsP-9P_uAs&caps=asr&opi=112496729&xoaf=5&xowf=1&xospf=1&hl=en&ip=0.0.0.0&ipbits=0&expire=1767386943&sparams=ip%2Cipbits%2Cexpire%2Cv%2Cei%2Ccaps%2Copi%2Cxoaf&signature=31ACC713C92BF468B0604D892289468DE459EB82.25E594A16AE4D763A16583FBA9E0634898D041F5&key=yt8&kind=asr&lang=pl&variant=ec&tlang=bho&fmt=vtt\", \"name\": \"Bhojpuri\", \"impersonate\": true, \"__yt_dlp_client\": \"tv_downgraded\"}], \"bs\": [{\"ext\": \"json3\", \"url\": \"https://www.youtube.com/api/timedtext?v=ezv5DuvCk0E&ei=z8xXafHFHv6Z6dsP-9P_uAs&caps=asr&opi=112496729&xoaf=5&xowf=1&xospf=1&hl=en&ip=0.0.0.0&ipbits=0&expire=1767386943&sparams=ip%2Cipbits%2Cexpire%2Cv%2Cei%2Ccaps%2Copi%2Cxoaf&signature=31ACC713C92BF468B0604D892289468DE459EB82.25E594A16AE4D763A16583FBA9E0634898D041F5&key=yt8&kind=asr&lang=pl&variant=ec&tlang=bs&fmt=json3\", \"name\": \"Bosnian\", \"impersonate\": true, \"__yt_dlp_client\": \"tv_downgraded\"}, {\"ext\": \"srv1\", \"url\": \"https://www.youtube.com/api/timedtext?v=ezv5DuvCk0E&ei=z8xXafHFHv6Z6dsP-9P_uAs&caps=asr&opi=112496729&xoaf=5&xowf=1&xospf=1&hl=en&ip=0.0.0.0&ipbits=0&expire=1767386943&sparams=ip%2Cipbits%2Cexpire%2Cv%2Cei%2Ccaps%2Copi%2Cxoaf&signature=31ACC713C92BF468B0604D892289468DE459EB82.25E594A16AE4D763A16583FBA9E0634898D041F5&key=yt8&kind=asr&lang=pl&variant=ec&tlang=bs&fmt=srv1\", \"name\": \"Bosnian\", \"impersonate\": true, \"__yt_dlp_client\": \"tv_downgraded\"}, {\"ext\": \"srv2\", \"url\": \"https://www.youtube.com/api/timedtext?v=ezv5DuvCk0E&ei=z8xXafHFHv6Z6dsP-9P_uAs&caps=asr&opi=112496729&xoaf=5&xowf=1&xospf=1&hl=en&ip=0.0.0.0&ipbits=0&expire=1767386943&sparams=ip%2Cipbits%2Cexpire%2Cv%2Cei%2Ccaps%2Copi%2Cxoaf&signature=31ACC713C92BF468B0604D892289468DE459EB82.25E594A16AE4D763A16583FBA9E0634898D041F5&key=yt8&kind=asr&lang=pl&variant=ec&tlang=bs&fmt=srv2\", \"name\": \"Bosnian\", \"impersonate\": true, \"__yt_dlp_client\": \"tv_downgraded\"}, {\"ext\": \"srv3\", \"url\": \"https://www.youtube.com/api/timedtext?v=ezv5DuvCk0E&ei=z8xXafHFHv6Z6dsP-9P_uAs&caps=asr&opi=112496729&xoaf=5&xowf=1&xospf=1&hl=en&ip=0.0.0.0&ipbits=0&expire=1767386943&sparams=ip%2Cipbits%2Cexpire%2Cv%2Cei%2Ccaps%2Copi%2Cxoaf&signature=31ACC713C92BF468B0604D892289468DE459EB82.25E594A16AE4D763A16583FBA9E0634898D041F5&key=yt8&kind=asr&lang=pl&variant=ec&tlang=bs&fmt=srv3\", \"name\": \"Bosnian\", \"impersonate\": true, \"__yt_dlp_client\": \"tv_downgraded\"}, {\"ext\": \"ttml\", \"url\": \"https://www.youtube.com/api/timedtext?v=ezv5DuvCk0E&ei=z8xXafHFHv6Z6dsP-9P_uAs&caps=asr&opi=112496729&xoaf=5&xowf=1&xospf=1&hl=en&ip=0.0.0.0&ipbits=0&expire=1767386943&sparams=ip%2Cipbits%2Cexpire%2Cv%2Cei%2Ccaps%2Copi%2Cxoaf&signature=31ACC713C92BF468B0604D892289468DE459EB82.25E594A16AE4D763A16583FBA9E0634898D041F5&key=yt8&kind=asr&lang=pl&variant=ec&tlang=bs&fmt=ttml\", \"name\": \"Bosnian\", \"impersonate\": true, \"__yt_dlp_client\": \"tv_downgraded\"}, {\"ext\": \"srt\", \"url\": \"https://www.youtube.com/api/timedtext?v=ezv5DuvCk0E&ei=z8xXafHFHv6Z6dsP-9P_uAs&caps=asr&opi=112496729&xoaf=5&xowf=1&xospf=1&hl=en&ip=0.0.0.0&ipbits=0&expire=1767386943&sparams=ip%2Cipbits%2Cexpire%2Cv%2Cei%2Ccaps%2Copi%2Cxoaf&signature=31ACC713C92BF468B0604D892289468DE459EB82.25E594A16AE4D763A16583FBA9E0634898D041F5&key=yt8&kind=asr&lang=pl&variant=ec&tlang=bs&fmt=srt\", \"name\": \"Bosnian\", \"impersonate\": true, \"__yt_dlp_client\": \"tv_downgraded\"}, {\"ext\": \"vtt\", \"url\": \"https://www.youtube.com/api/timedtext?v=ezv5DuvCk0E&ei=z8xXafHFHv6Z6dsP-9P_uAs&caps=asr&opi=112496729&xoaf=5&xowf=1&xospf=1&hl=en&ip=0.0.0.0&ipbits=0&expire=1767386943&sparams=ip%2Cipbits%2Cexpire%2Cv%2Cei%2Ccaps%2Copi%2Cxoaf&signature=31ACC713C92BF468B0604D892289468DE459EB82.25E594A16AE4D763A16583FBA9E0634898D041F5&key=yt8&kind=asr&lang=pl&variant=ec&tlang=bs&fmt=vtt\", \"name\": \"Bosnian\", \"impersonate\": true, \"__yt_dlp_client\": \"tv_downgraded\"}], \"br\": [{\"ext\": \"json3\", \"url\": \"https://www.youtube.com/api/timedtext?v=ezv5DuvCk0E&ei=z8xXafHFHv6Z6dsP-9P_uAs&caps=asr&opi=112496729&xoaf=5&xowf=1&xospf=1&hl=en&ip=0.0.0.0&ipbits=0&expire=1767386943&sparams=ip%2Cipbits%2Cexpire%2Cv%2Cei%2Ccaps%2Copi%2Cxoaf&signature=31ACC713C92BF468B0604D892289468DE459EB82.25E594A16AE4D763A16583FBA9E0634898D041F5&key=yt8&kind=asr&lang=pl&variant=ec&tlang=br&fmt=json3\", \"name\": \"Breton\", \"impersonate\": true, \"__yt_dlp_client\": \"tv_downgraded\"}, {\"ext\": \"srv1\", \"url\": \"https://www.youtube.com/api/timedtext?v=ezv5DuvCk0E&ei=z8xXafHFHv6Z6dsP-9P_uAs&caps=asr&opi=112496729&xoaf=5&xowf=1&xospf=1&hl=en&ip=0.0.0.0&ipbits=0&expire=1767386943&sparams=ip%2Cipbits%2Cexpire%2Cv%2Cei%2Ccaps%2Copi%2Cxoaf&signature=31ACC713C92BF468B0604D892289468DE459EB82.25E594A16AE4D763A16583FBA9E0634898D041F5&key=yt8&kind=asr&lang=pl&variant=ec&tlang=br&fmt=srv1\", \"name\": \"Breton\", \"impersonate\": true, \"__yt_dlp_client\": \"tv_downgraded\"}, {\"ext\": \"srv2\", \"url\": \"https://www.youtube.com/api/timedtext?v=ezv5DuvCk0E&ei=z8xXafHFHv6Z6dsP-9P_uAs&caps=asr&opi=112496729&xoaf=5&xowf=1&xospf=1&hl=en&ip=0.0.0.0&ipbits=0&expire=1767386943&sparams=ip%2Cipbits%2Cexpire%2Cv%2Cei%2Ccaps%2Copi%2Cxoaf&signature=31ACC713C92BF468B0604D892289468DE459EB82.25E594A16AE4D763A16583FBA9E0634898D041F5&key=yt8&kind=asr&lang=pl&variant=ec&tlang=br&fmt=srv2\", \"name\": \"Breton\", \"impersonate\": true, \"__yt_dlp_client\": \"tv_downgraded\"}, {\"ext\": \"srv3\", \"url\": \"https://www.youtube.com/api/timedtext?v=ezv5DuvCk0E&ei=z8xXafHFHv6Z6dsP-9P_uAs&caps=asr&opi=112496729&xoaf=5&xowf=1&xospf=1&hl=en&ip=0.0.0.0&ipbits=0&expire=1767386943&sparams=ip%2Cipbits%2Cexpire%2Cv%2Cei%2Ccaps%2Copi%2Cxoaf&signature=31ACC713C92BF468B0604D892289468DE459EB82.25E594A16AE4D763A16583FBA9E0634898D041F5&key=yt8&kind=asr&lang=pl&variant=ec&tlang=br&fmt=srv3\", \"name\": \"Breton\", \"impersonate\": true, \"__yt_dlp_client\": \"tv_downgraded\"}, {\"ext\": \"ttml\", \"url\": \"https://www.youtube.com/api/timedtext?v=ezv5DuvCk0E&ei=z8xXafHFHv6Z6dsP-9P_uAs&caps=asr&opi=112496729&xoaf=5&xowf=1&xospf=1&hl=en&ip=0.0.0.0&ipbits=0&expire=1767386943&sparams=ip%2Cipbits%2Cexpire%2Cv%2Cei%2Ccaps%2Copi%2Cxoaf&signature=31ACC713C92BF468B0604D892289468DE459EB82.25E594A16AE4D763A16583FBA9E0634898D041F5&key=yt8&kind=asr&lang=pl&variant=ec&tlang=br&fmt=ttml\", \"name\": \"Breton\", \"impersonate\": true, \"__yt_dlp_client\": \"tv_downgraded\"}, {\"ext\": \"srt\", \"url\": \"https://www.youtube.com/api/timedtext?v=ezv5DuvCk0E&ei=z8xXafHFHv6Z6dsP-9P_uAs&caps=asr&opi=112496729&xoaf=5&xowf=1&xospf=1&hl=en&ip=0.0.0.0&ipbits=0&expire=1767386943&sparams=ip%2Cipbits%2Cexpire%2Cv%2Cei%2Ccaps%2Copi%2Cxoaf&signature=31ACC713C92BF468B0604D892289468DE459EB82.25E594A16AE4D763A16583FBA9E0634898D041F5&key=yt8&kind=asr&lang=pl&variant=ec&tlang=br&fmt=srt\", \"name\": \"Breton\", \"impersonate\": true, \"__yt_dlp_client\": \"tv_downgraded\"}, {\"ext\": \"vtt\", \"url\": \"https://www.youtube.com/api/timedtext?v=ezv5DuvCk0E&ei=z8xXafHFHv6Z6dsP-9P_uAs&caps=asr&opi=112496729&xoaf=5&xowf=1&xospf=1&hl=en&ip=0.0.0.0&ipbits=0&expire=1767386943&sparams=ip%2Cipbits%2Cexpire%2Cv%2Cei%2Ccaps%2Copi%2Cxoaf&signature=31ACC713C92BF468B0604D892289468DE459EB82.25E594A16AE4D763A16583FBA9E0634898D041F5&key=yt8&kind=asr&lang=pl&variant=ec&tlang=br&fmt=vtt\", \"name\": \"Breton\", \"impersonate\": true, \"__yt_dlp_client\": \"tv_downgraded\"}], \"bg\": [{\"ext\": \"json3\", \"url\": \"https://www.youtube.com/api/timedtext?v=ezv5DuvCk0E&ei=z8xXafHFHv6Z6dsP-9P_uAs&caps=asr&opi=112496729&xoaf=5&xowf=1&xospf=1&hl=en&ip=0.0.0.0&ipbits=0&expire=1767386943&sparams=ip%2Cipbits%2Cexpire%2Cv%2Cei%2Ccaps%2Copi%2Cxoaf&signature=31ACC713C92BF468B0604D892289468DE459EB82.25E594A16AE4D763A16583FBA9E0634898D041F5&key=yt8&kind=asr&lang=pl&variant=ec&tlang=bg&fmt=json3\", \"name\": \"Bulgarian\", \"impersonate\": true, \"__yt_dlp_client\": \"tv_downgraded\"}, {\"ext\": \"srv1\", \"url\": \"https://www.youtube.com/api/timedtext?v=ezv5DuvCk0E&ei=z8xXafHFHv6Z6dsP-9P_uAs&caps=asr&opi=112496729&xoaf=5&xowf=1&xospf=1&hl=en&ip=0.0.0.0&ipbits=0&expire=1767386943&sparams=ip%2Cipbits%2Cexpire%2Cv%2Cei%2Ccaps%2Copi%2Cxoaf&signature=31ACC713C92BF468B0604D892289468DE459EB82.25E594A16AE4D763A16583FBA9E0634898D041F5&key=yt8&kind=asr&lang=pl&variant=ec&tlang=bg&fmt=srv1\", \"name\": \"Bulgarian\", \"impersonate\": true, \"__yt_dlp_client\": \"tv_downgraded\"}, {\"ext\": \"srv2\", \"url\": \"https://www.youtube.com/api/timedtext?v=ezv5DuvCk0E&ei=z8xXafHFHv6Z6dsP-9P_uAs&caps=asr&opi=112496729&xoaf=5&xowf=1&xospf=1&hl=en&ip=0.0.0.0&ipbits=0&expire=1767386943&sparams=ip%2Cipbits%2Cexpire%2Cv%2Cei%2Ccaps%2Copi%2Cxoaf&signature=31ACC713C92BF468B0604D892289468DE459EB82.25E594A16AE4D763A16583FBA9E0634898D041F5&key=yt8&kind=asr&lang=pl&variant=ec&tlang=bg&fmt=srv2\", \"name\": \"Bulgarian\", \"impersonate\": true, \"__yt_dlp_client\": \"tv_downgraded\"}, {\"ext\": \"srv3\", \"url\": \"https://www.youtube.com/api/timedtext?v=ezv5DuvCk0E&ei=z8xXafHFHv6Z6dsP-9P_uAs&caps=asr&opi=112496729&xoaf=5&xowf=1&xospf=1&hl=en&ip=0.0.0.0&ipbits=0&expire=1767386943&sparams=ip%2Cipbits%2Cexpire%2Cv%2Cei%2Ccaps%2Copi%2Cxoaf&signature=31ACC713C92BF468B0604D892289468DE459EB82.25E594A16AE4D763A16583FBA9E0634898D041F5&key=yt8&kind=asr&lang=pl&variant=ec&tlang=bg&fmt=srv3\", \"name\": \"Bulgarian\", \"impersonate\": true, \"__yt_dlp_client\": \"tv_downgraded\"}, {\"ext\": \"ttml\", \"url\": \"https://www.youtube.com/api/timedtext?v=ezv5DuvCk0E&ei=z8xXafHFHv6Z6dsP-9P_uAs&caps=asr&opi=112496729&xoaf=5&xowf=1&xospf=1&hl=en&ip=0.0.0.0&ipbits=0&expire=1767386943&sparams=ip%2Cipbits%2Cexpire%2Cv%2Cei%2Ccaps%2Copi%2Cxoaf&signature=31ACC713C92BF468B0604D892289468DE459EB82.25E594A16AE4D763A16583FBA9E0634898D041F5&key=yt8&kind=asr&lang=pl&variant=ec&tlang=bg&fmt=ttml\", \"name\": \"Bulgarian\", \"impersonate\": true, \"__yt_dlp_client\": \"tv_downgraded\"}, {\"ext\": \"srt\", \"url\": \"https://www.youtube.com/api/timedtext?v=ezv5DuvCk0E&ei=z8xXafHFHv6Z6dsP-9P_uAs&caps=asr&opi=112496729&xoaf=5&xowf=1&xospf=1&hl=en&ip=0.0.0.0&ipbits=0&expire=1767386943&sparams=ip%2Cipbits%2Cexpire%2Cv%2Cei%2Ccaps%2Copi%2Cxoaf&signature=31ACC713C92BF468B0604D892289468DE459EB82.25E594A16AE4D763A16583FBA9E0634898D041F5&key=yt8&kind=asr&lang=pl&variant=ec&tlang=bg&fmt=srt\", \"name\": \"Bulgarian\", \"impersonate\": true, \"__yt_dlp_client\": \"tv_downgraded\"}, {\"ext\": \"vtt\", \"url\": \"https://www.youtube.com/api/timedtext?v=ezv5DuvCk0E&ei=z8xXafHFHv6Z6dsP-9P_uAs&caps=asr&opi=112496729&xoaf=5&xowf=1&xospf=1&hl=en&ip=0.0.0.0&ipbits=0&expire=1767386943&sparams=ip%2Cipbits%2Cexpire%2Cv%2Cei%2Ccaps%2Copi%2Cxoaf&signature=31ACC713C92BF468B0604D892289468DE459EB82.25E594A16AE4D763A16583FBA9E0634898D041F5&key=yt8&kind=asr&lang=pl&variant=ec&tlang=bg&fmt=vtt\", \"name\": \"Bulgarian\", \"impersonate\": true, \"__yt_dlp_client\": \"tv_downgraded\"}], \"my\": [{\"ext\": \"json3\", \"url\": \"https://www.youtube.com/api/timedtext?v=ezv5DuvCk0E&ei=z8xXafHFHv6Z6dsP-9P_uAs&caps=asr&opi=112496729&xoaf=5&xowf=1&xospf=1&hl=en&ip=0.0.0.0&ipbits=0&expire=1767386943&sparams=ip%2Cipbits%2Cexpire%2Cv%2Cei%2Ccaps%2Copi%2Cxoaf&signature=31ACC713C92BF468B0604D892289468DE459EB82.25E594A16AE4D763A16583FBA9E0634898D041F5&key=yt8&kind=asr&lang=pl&variant=ec&tlang=my&fmt=json3\", \"name\": \"Burmese\", \"impersonate\": true, \"__yt_dlp_client\": \"tv_downgraded\"}, {\"ext\": \"srv1\", \"url\": \"https://www.youtube.com/api/timedtext?v=ezv5DuvCk0E&ei=z8xXafHFHv6Z6dsP-9P_uAs&caps=asr&opi=112496729&xoaf=5&xowf=1&xospf=1&hl=en&ip=0.0.0.0&ipbits=0&expire=1767386943&sparams=ip%2Cipbits%2Cexpire%2Cv%2Cei%2Ccaps%2Copi%2Cxoaf&signature=31ACC713C92BF468B0604D892289468DE459EB82.25E594A16AE4D763A16583FBA9E0634898D041F5&key=yt8&kind=asr&lang=pl&variant=ec&tlang=my&fmt=srv1\", \"name\": \"Burmese\", \"impersonate\": true, \"__yt_dlp_client\": \"tv_downgraded\"}, {\"ext\": \"srv2\", \"url\": \"https://www.youtube.com/api/timedtext?v=ezv5DuvCk0E&ei=z8xXafHFHv6Z6dsP-9P_uAs&caps=asr&opi=112496729&xoaf=5&xowf=1&xospf=1&hl=en&ip=0.0.0.0&ipbits=0&expire=1767386943&sparams=ip%2Cipbits%2Cexpire%2Cv%2Cei%2Ccaps%2Copi%2Cxoaf&signature=31ACC713C92BF468B0604D892289468DE459EB82.25E594A16AE4D763A16583FBA9E0634898D041F5&key=yt8&kind=asr&lang=pl&variant=ec&tlang=my&fmt=srv2\", \"name\": \"Burmese\", \"impersonate\": true, \"__yt_dlp_client\": \"tv_downgraded\"}, {\"ext\": \"srv3\", \"url\": \"https://www.youtube.com/api/timedtext?v=ezv5DuvCk0E&ei=z8xXafHFHv6Z6dsP-9P_uAs&caps=asr&opi=112496729&xoaf=5&xowf=1&xospf=1&hl=en&ip=0.0.0.0&ipbits=0&expire=1767386943&sparams=ip%2Cipbits%2Cexpire%2Cv%2Cei%2Ccaps%2Copi%2Cxoaf&signature=31ACC713C92BF468B0604D892289468DE459EB82.25E594A16AE4D763A16583FBA9E0634898D041F5&key=yt8&kind=asr&lang=pl&variant=ec&tlang=my&fmt=srv3\", \"name\": \"Burmese\", \"impersonate\": true, \"__yt_dlp_client\": \"tv_downgraded\"}, {\"ext\": \"ttml\", \"url\": \"https://www.youtube.com/api/timedtext?v=ezv5DuvCk0E&ei=z8xXafHFHv6Z6dsP-9P_uAs&caps=asr&opi=112496729&xoaf=5&xowf=1&xospf=1&hl=en&ip=0.0.0.0&ipbits=0&expire=1767386943&sparams=ip%2Cipbits%2Cexpire%2Cv%2Cei%2Ccaps%2Copi%2Cxoaf&signature=31ACC713C92BF468B0604D892289468DE459EB82.25E594A16AE4D763A16583FBA9E0634898D041F5&key=yt8&kind=asr&lang=pl&variant=ec&tlang=my&fmt=ttml\", \"name\": \"Burmese\", \"impersonate\": true, \"__yt_dlp_client\": \"tv_downgraded\"}, {\"ext\": \"srt\", \"url\": \"https://www.youtube.com/api/timedtext?v=ezv5DuvCk0E&ei=z8xXafHFHv6Z6dsP-9P_uAs&caps=asr&opi=112496729&xoaf=5&xowf=1&xospf=1&hl=en&ip=0.0.0.0&ipbits=0&expire=1767386943&sparams=ip%2Cipbits%2Cexpire%2Cv%2Cei%2Ccaps%2Copi%2Cxoaf&signature=31ACC713C92BF468B0604D892289468DE459EB82.25E594A16AE4D763A16583FBA9E0634898D041F5&key=yt8&kind=asr&lang=pl&variant=ec&tlang=my&fmt=srt\", \"name\": \"Burmese\", \"impersonate\": true, \"__yt_dlp_client\": \"tv_downgraded\"}, {\"ext\": \"vtt\", \"url\": \"https://www.youtube.com/api/timedtext?v=ezv5DuvCk0E&ei=z8xXafHFHv6Z6dsP-9P_uAs&caps=asr&opi=112496729&xoaf=5&xowf=1&xospf=1&hl=en&ip=0.0.0.0&ipbits=0&expire=1767386943&sparams=ip%2Cipbits%2Cexpire%2Cv%2Cei%2Ccaps%2Copi%2Cxoaf&signature=31ACC713C92BF468B0604D892289468DE459EB82.25E594A16AE4D763A16583FBA9E0634898D041F5&key=yt8&kind=asr&lang=pl&variant=ec&tlang=my&fmt=vtt\", \"name\": \"Burmese\", \"impersonate\": true, \"__yt_dlp_client\": \"tv_downgraded\"}], \"ca\": [{\"ext\": \"json3\", \"url\": \"https://www.youtube.com/api/timedtext?v=ezv5DuvCk0E&ei=z8xXafHFHv6Z6dsP-9P_uAs&caps=asr&opi=112496729&xoaf=5&xowf=1&xospf=1&hl=en&ip=0.0.0.0&ipbits=0&expire=1767386943&sparams=ip%2Cipbits%2Cexpire%2Cv%2Cei%2Ccaps%2Copi%2Cxoaf&signature=31ACC713C92BF468B0604D892289468DE459EB82.25E594A16AE4D763A16583FBA9E0634898D041F5&key=yt8&kind=asr&lang=pl&variant=ec&tlang=ca&fmt=json3\", \"name\": \"Catalan\", \"impersonate\": true, \"__yt_dlp_client\": \"tv_downgraded\"}, {\"ext\": \"srv1\", \"url\": \"https://www.youtube.com/api/timedtext?v=ezv5DuvCk0E&ei=z8xXafHFHv6Z6dsP-9P_uAs&caps=asr&opi=112496729&xoaf=5&xowf=1&xospf=1&hl=en&ip=0.0.0.0&ipbits=0&expire=1767386943&sparams=ip%2Cipbits%2Cexpire%2Cv%2Cei%2Ccaps%2Copi%2Cxoaf&signature=31ACC713C92BF468B0604D892289468DE459EB82.25E594A16AE4D763A16583FBA9E0634898D041F5&key=yt8&kind=asr&lang=pl&variant=ec&tlang=ca&fmt=srv1\", \"name\": \"Catalan\", \"impersonate\": true, \"__yt_dlp_client\": \"tv_downgraded\"}, {\"ext\": \"srv2\", \"url\": \"https://www.youtube.com/api/timedtext?v=ezv5DuvCk0E&ei=z8xXafHFHv6Z6dsP-9P_uAs&caps=asr&opi=112496729&xoaf=5&xowf=1&xospf=1&hl=en&ip=0.0.0.0&ipbits=0&expire=1767386943&sparams=ip%2Cipbits%2Cexpire%2Cv%2Cei%2Ccaps%2Copi%2Cxoaf&signature=31ACC713C92BF468B0604D892289468DE459EB82.25E594A16AE4D763A16583FBA9E0634898D041F5&key=yt8&kind=asr&lang=pl&variant=ec&tlang=ca&fmt=srv2\", \"name\": \"Catalan\", \"impersonate\": true, \"__yt_dlp_client\": \"tv_downgraded\"}, {\"ext\": \"srv3\", \"url\": \"https://www.youtube.com/api/timedtext?v=ezv5DuvCk0E&ei=z8xXafHFHv6Z6dsP-9P_uAs&caps=asr&opi=112496729&xoaf=5&xowf=1&xospf=1&hl=en&ip=0.0.0.0&ipbits=0&expire=1767386943&sparams=ip%2Cipbits%2Cexpire%2Cv%2Cei%2Ccaps%2Copi%2Cxoaf&signature=31ACC713C92BF468B0604D892289468DE459EB82.25E594A16AE4D763A16583FBA9E0634898D041F5&key=yt8&kind=asr&lang=pl&variant=ec&tlang=ca&fmt=srv3\", \"name\": \"Catalan\", \"impersonate\": true, \"__yt_dlp_client\": \"tv_downgraded\"}, {\"ext\": \"ttml\", \"url\": \"https://www.youtube.com/api/timedtext?v=ezv5DuvCk0E&ei=z8xXafHFHv6Z6dsP-9P_uAs&caps=asr&opi=112496729&xoaf=5&xowf=1&xospf=1&hl=en&ip=0.0.0.0&ipbits=0&expire=1767386943&sparams=ip%2Cipbits%2Cexpire%2Cv%2Cei%2Ccaps%2Copi%2Cxoaf&signature=31ACC713C92BF468B0604D892289468DE459EB82.25E594A16AE4D763A16583FBA9E0634898D041F5&key=yt8&kind=asr&lang=pl&variant=ec&tlang=ca&fmt=ttml\", \"name\": \"Catalan\", \"impersonate\": true, \"__yt_dlp_client\": \"tv_downgraded\"}, {\"ext\": \"srt\", \"url\": \"https://www.youtube.com/api/timedtext?v=ezv5DuvCk0E&ei=z8xXafHFHv6Z6dsP-9P_uAs&caps=asr&opi=112496729&xoaf=5&xowf=1&xospf=1&hl=en&ip=0.0.0.0&ipbits=0&expire=1767386943&sparams=ip%2Cipbits%2Cexpire%2Cv%2Cei%2Ccaps%2Copi%2Cxoaf&signature=31ACC713C92BF468B0604D892289468DE459EB82.25E594A16AE4D763A16583FBA9E0634898D041F5&key=yt8&kind=asr&lang=pl&variant=ec&tlang=ca&fmt=srt\", \"name\": \"Catalan\", \"impersonate\": true, \"__yt_dlp_client\": \"tv_downgraded\"}, {\"ext\": \"vtt\", \"url\": \"https://www.youtube.com/api/timedtext?v=ezv5DuvCk0E&ei=z8xXafHFHv6Z6dsP-9P_uAs&caps=asr&opi=112496729&xoaf=5&xowf=1&xospf=1&hl=en&ip=0.0.0.0&ipbits=0&expire=1767386943&sparams=ip%2Cipbits%2Cexpire%2Cv%2Cei%2Ccaps%2Copi%2Cxoaf&signature=31ACC713C92BF468B0604D892289468DE459EB82.25E594A16AE4D763A16583FBA9E0634898D041F5&key=yt8&kind=asr&lang=pl&variant=ec&tlang=ca&fmt=vtt\", \"name\": \"Catalan\", \"impersonate\": true, \"__yt_dlp_client\": \"tv_downgraded\"}], \"ceb\": [{\"ext\": \"json3\", \"url\": \"https://www.youtube.com/api/timedtext?v=ezv5DuvCk0E&ei=z8xXafHFHv6Z6dsP-9P_uAs&caps=asr&opi=112496729&xoaf=5&xowf=1&xospf=1&hl=en&ip=0.0.0.0&ipbits=0&expire=1767386943&sparams=ip%2Cipbits%2Cexpire%2Cv%2Cei%2Ccaps%2Copi%2Cxoaf&signature=31ACC713C92BF468B0604D892289468DE459EB82.25E594A16AE4D763A16583FBA9E0634898D041F5&key=yt8&kind=asr&lang=pl&variant=ec&tlang=ceb&fmt=json3\", \"name\": \"Cebuano\", \"impersonate\": true, \"__yt_dlp_client\": \"tv_downgraded\"}, {\"ext\": \"srv1\", \"url\": \"https://www.youtube.com/api/timedtext?v=ezv5DuvCk0E&ei=z8xXafHFHv6Z6dsP-9P_uAs&caps=asr&opi=112496729&xoaf=5&xowf=1&xospf=1&hl=en&ip=0.0.0.0&ipbits=0&expire=1767386943&sparams=ip%2Cipbits%2Cexpire%2Cv%2Cei%2Ccaps%2Copi%2Cxoaf&signature=31ACC713C92BF468B0604D892289468DE459EB82.25E594A16AE4D763A16583FBA9E0634898D041F5&key=yt8&kind=asr&lang=pl&variant=ec&tlang=ceb&fmt=srv1\", \"name\": \"Cebuano\", \"impersonate\": true, \"__yt_dlp_client\": \"tv_downgraded\"}, {\"ext\": \"srv2\", \"url\": \"https://www.youtube.com/api/timedtext?v=ezv5DuvCk0E&ei=z8xXafHFHv6Z6dsP-9P_uAs&caps=asr&opi=112496729&xoaf=5&xowf=1&xospf=1&hl=en&ip=0.0.0.0&ipbits=0&expire=1767386943&sparams=ip%2Cipbits%2Cexpire%2Cv%2Cei%2Ccaps%2Copi%2Cxoaf&signature=31ACC713C92BF468B0604D892289468DE459EB82.25E594A16AE4D763A16583FBA9E0634898D041F5&key=yt8&kind=asr&lang=pl&variant=ec&tlang=ceb&fmt=srv2\", \"name\": \"Cebuano\", \"impersonate\": true, \"__yt_dlp_client\": \"tv_downgraded\"}, {\"ext\": \"srv3\", \"url\": \"https://www.youtube.com/api/timedtext?v=ezv5DuvCk0E&ei=z8xXafHFHv6Z6dsP-9P_uAs&caps=asr&opi=112496729&xoaf=5&xowf=1&xospf=1&hl=en&ip=0.0.0.0&ipbits=0&expire=1767386943&sparams=ip%2Cipbits%2Cexpire%2Cv%2Cei%2Ccaps%2Copi%2Cxoaf&signature=31ACC713C92BF468B0604D892289468DE459EB82.25E594A16AE4D763A16583FBA9E0634898D041F5&key=yt8&kind=asr&lang=pl&variant=ec&tlang=ceb&fmt=srv3\", \"name\": \"Cebuano\", \"impersonate\": true, \"__yt_dlp_client\": \"tv_downgraded\"}, {\"ext\": \"ttml\", \"url\": \"https://www.youtube.com/api/timedtext?v=ezv5DuvCk0E&ei=z8xXafHFHv6Z6dsP-9P_uAs&caps=asr&opi=112496729&xoaf=5&xowf=1&xospf=1&hl=en&ip=0.0.0.0&ipbits=0&expire=1767386943&sparams=ip%2Cipbits%2Cexpire%2Cv%2Cei%2Ccaps%2Copi%2Cxoaf&signature=31ACC713C92BF468B0604D892289468DE459EB82.25E594A16AE4D763A16583FBA9E0634898D041F5&key=yt8&kind=asr&lang=pl&variant=ec&tlang=ceb&fmt=ttml\", \"name\": \"Cebuano\", \"impersonate\": true, \"__yt_dlp_client\": \"tv_downgraded\"}, {\"ext\": \"srt\", \"url\": \"https://www.youtube.com/api/timedtext?v=ezv5DuvCk0E&ei=z8xXafHFHv6Z6dsP-9P_uAs&caps=asr&opi=112496729&xoaf=5&xowf=1&xospf=1&hl=en&ip=0.0.0.0&ipbits=0&expire=1767386943&sparams=ip%2Cipbits%2Cexpire%2Cv%2Cei%2Ccaps%2Copi%2Cxoaf&signature=31ACC713C92BF468B0604D892289468DE459EB82.25E594A16AE4D763A16583FBA9E0634898D041F5&key=yt8&kind=asr&lang=pl&variant=ec&tlang=ceb&fmt=srt\", \"name\": \"Cebuano\", \"impersonate\": true, \"__yt_dlp_client\": \"tv_downgraded\"}, {\"ext\": \"vtt\", \"url\": \"https://www.youtube.com/api/timedtext?v=ezv5DuvCk0E&ei=z8xXafHFHv6Z6dsP-9P_uAs&caps=asr&opi=112496729&xoaf=5&xowf=1&xospf=1&hl=en&ip=0.0.0.0&ipbits=0&expire=1767386943&sparams=ip%2Cipbits%2Cexpire%2Cv%2Cei%2Ccaps%2Copi%2Cxoaf&signature=31ACC713C92BF468B0604D892289468DE459EB82.25E594A16AE4D763A16583FBA9E0634898D041F5&key=yt8&kind=asr&lang=pl&variant=ec&tlang=ceb&fmt=vtt\", \"name\": \"Cebuano\", \"impersonate\": true, \"__yt_dlp_client\": \"tv_downgraded\"}], \"zh-Hans\": [{\"ext\": \"json3\", \"url\": \"https://www.youtube.com/api/timedtext?v=ezv5DuvCk0E&ei=z8xXafHFHv6Z6dsP-9P_uAs&caps=asr&opi=112496729&xoaf=5&xowf=1&xospf=1&hl=en&ip=0.0.0.0&ipbits=0&expire=1767386943&sparams=ip%2Cipbits%2Cexpire%2Cv%2Cei%2Ccaps%2Copi%2Cxoaf&signature=31ACC713C92BF468B0604D892289468DE459EB82.25E594A16AE4D763A16583FBA9E0634898D041F5&key=yt8&kind=asr&lang=pl&variant=ec&tlang=zh-Hans&fmt=json3\", \"name\": \"Chinese (Simplified)\", \"impersonate\": true, \"__yt_dlp_client\": \"tv_downgraded\"}, {\"ext\": \"srv1\", \"url\": \"https://www.youtube.com/api/timedtext?v=ezv5DuvCk0E&ei=z8xXafHFHv6Z6dsP-9P_uAs&caps=asr&opi=112496729&xoaf=5&xowf=1&xospf=1&hl=en&ip=0.0.0.0&ipbits=0&expire=1767386943&sparams=ip%2Cipbits%2Cexpire%2Cv%2Cei%2Ccaps%2Copi%2Cxoaf&signature=31ACC713C92BF468B0604D892289468DE459EB82.25E594A16AE4D763A16583FBA9E0634898D041F5&key=yt8&kind=asr&lang=pl&variant=ec&tlang=zh-Hans&fmt=srv1\", \"name\": \"Chinese (Simplified)\", \"impersonate\": true, \"__yt_dlp_client\": \"tv_downgraded\"}, {\"ext\": \"srv2\", \"url\": \"https://www.youtube.com/api/timedtext?v=ezv5DuvCk0E&ei=z8xXafHFHv6Z6dsP-9P_uAs&caps=asr&opi=112496729&xoaf=5&xowf=1&xospf=1&hl=en&ip=0.0.0.0&ipbits=0&expire=1767386943&sparams=ip%2Cipbits%2Cexpire%2Cv%2Cei%2Ccaps%2Copi%2Cxoaf&signature=31ACC713C92BF468B0604D892289468DE459EB82.25E594A16AE4D763A16583FBA9E0634898D041F5&key=yt8&kind=asr&lang=pl&variant=ec&tlang=zh-Hans&fmt=srv2\", \"name\": \"Chinese (Simplified)\", \"impersonate\": true, \"__yt_dlp_client\": \"tv_downgraded\"}, {\"ext\": \"srv3\", \"url\": \"https://www.youtube.com/api/timedtext?v=ezv5DuvCk0E&ei=z8xXafHFHv6Z6dsP-9P_uAs&caps=asr&opi=112496729&xoaf=5&xowf=1&xospf=1&hl=en&ip=0.0.0.0&ipbits=0&expire=1767386943&sparams=ip%2Cipbits%2Cexpire%2Cv%2Cei%2Ccaps%2Copi%2Cxoaf&signature=31ACC713C92BF468B0604D892289468DE459EB82.25E594A16AE4D763A16583FBA9E0634898D041F5&key=yt8&kind=asr&lang=pl&variant=ec&tlang=zh-Hans&fmt=srv3\", \"name\": \"Chinese (Simplified)\", \"impersonate\": true, \"__yt_dlp_client\": \"tv_downgraded\"}, {\"ext\": \"ttml\", \"url\": \"https://www.youtube.com/api/timedtext?v=ezv5DuvCk0E&ei=z8xXafHFHv6Z6dsP-9P_uAs&caps=asr&opi=112496729&xoaf=5&xowf=1&xospf=1&hl=en&ip=0.0.0.0&ipbits=0&expire=1767386943&sparams=ip%2Cipbits%2Cexpire%2Cv%2Cei%2Ccaps%2Copi%2Cxoaf&signature=31ACC713C92BF468B0604D892289468DE459EB82.25E594A16AE4D763A16583FBA9E0634898D041F5&key=yt8&kind=asr&lang=pl&variant=ec&tlang=zh-Hans&fmt=ttml\", \"name\": \"Chinese (Simplified)\", \"impersonate\": true, \"__yt_dlp_client\": \"tv_downgraded\"}, {\"ext\": \"srt\", \"url\": \"https://www.youtube.com/api/timedtext?v=ezv5DuvCk0E&ei=z8xXafHFHv6Z6dsP-9P_uAs&caps=asr&opi=112496729&xoaf=5&xowf=1&xospf=1&hl=en&ip=0.0.0.0&ipbits=0&expire=1767386943&sparams=ip%2Cipbits%2Cexpire%2Cv%2Cei%2Ccaps%2Copi%2Cxoaf&signature=31ACC713C92BF468B0604D892289468DE459EB82.25E594A16AE4D763A16583FBA9E0634898D041F5&key=yt8&kind=asr&lang=pl&variant=ec&tlang=zh-Hans&fmt=srt\", \"name\": \"Chinese (Simplified)\", \"impersonate\": true, \"__yt_dlp_client\": \"tv_downgraded\"}, {\"ext\": \"vtt\", \"url\": \"https://www.youtube.com/api/timedtext?v=ezv5DuvCk0E&ei=z8xXafHFHv6Z6dsP-9P_uAs&caps=asr&opi=112496729&xoaf=5&xowf=1&xospf=1&hl=en&ip=0.0.0.0&ipbits=0&expire=1767386943&sparams=ip%2Cipbits%2Cexpire%2Cv%2Cei%2Ccaps%2Copi%2Cxoaf&signature=31ACC713C92BF468B0604D892289468DE459EB82.25E594A16AE4D763A16583FBA9E0634898D041F5&key=yt8&kind=asr&lang=pl&variant=ec&tlang=zh-Hans&fmt=vtt\", \"name\": \"Chinese (Simplified)\", \"impersonate\": true, \"__yt_dlp_client\": \"tv_downgraded\"}], \"zh-Hant\": [{\"ext\": \"json3\", \"url\": \"https://www.youtube.com/api/timedtext?v=ezv5DuvCk0E&ei=z8xXafHFHv6Z6dsP-9P_uAs&caps=asr&opi=112496729&xoaf=5&xowf=1&xospf=1&hl=en&ip=0.0.0.0&ipbits=0&expire=1767386943&sparams=ip%2Cipbits%2Cexpire%2Cv%2Cei%2Ccaps%2Copi%2Cxoaf&signature=31ACC713C92BF468B0604D892289468DE459EB82.25E594A16AE4D763A16583FBA9E0634898D041F5&key=yt8&kind=asr&lang=pl&variant=ec&tlang=zh-Hant&fmt=json3\", \"name\": \"Chinese (Traditional)\", \"impersonate\": true, \"__yt_dlp_client\": \"tv_downgraded\"}, {\"ext\": \"srv1\", \"url\": \"https://www.youtube.com/api/timedtext?v=ezv5DuvCk0E&ei=z8xXafHFHv6Z6dsP-9P_uAs&caps=asr&opi=112496729&xoaf=5&xowf=1&xospf=1&hl=en&ip=0.0.0.0&ipbits=0&expire=1767386943&sparams=ip%2Cipbits%2Cexpire%2Cv%2Cei%2Ccaps%2Copi%2Cxoaf&signature=31ACC713C92BF468B0604D892289468DE459EB82.25E594A16AE4D763A16583FBA9E0634898D041F5&key=yt8&kind=asr&lang=pl&variant=ec&tlang=zh-Hant&fmt=srv1\", \"name\": \"Chinese (Traditional)\", \"impersonate\": true, \"__yt_dlp_client\": \"tv_downgraded\"}, {\"ext\": \"srv2\", \"url\": \"https://www.youtube.com/api/timedtext?v=ezv5DuvCk0E&ei=z8xXafHFHv6Z6dsP-9P_uAs&caps=asr&opi=112496729&xoaf=5&xowf=1&xospf=1&hl=en&ip=0.0.0.0&ipbits=0&expire=1767386943&sparams=ip%2Cipbits%2Cexpire%2Cv%2Cei%2Ccaps%2Copi%2Cxoaf&signature=31ACC713C92BF468B0604D892289468DE459EB82.25E594A16AE4D763A16583FBA9E0634898D041F5&key=yt8&kind=asr&lang=pl&variant=ec&tlang=zh-Hant&fmt=srv2\", \"name\": \"Chinese (Traditional)\", \"impersonate\": true, \"__yt_dlp_client\": \"tv_downgraded\"}, {\"ext\": \"srv3\", \"url\": \"https://www.youtube.com/api/timedtext?v=ezv5DuvCk0E&ei=z8xXafHFHv6Z6dsP-9P_uAs&caps=asr&opi=112496729&xoaf=5&xowf=1&xospf=1&hl=en&ip=0.0.0.0&ipbits=0&expire=1767386943&sparams=ip%2Cipbits%2Cexpire%2Cv%2Cei%2Ccaps%2Copi%2Cxoaf&signature=31ACC713C92BF468B0604D892289468DE459EB82.25E594A16AE4D763A16583FBA9E0634898D041F5&key=yt8&kind=asr&lang=pl&variant=ec&tlang=zh-Hant&fmt=srv3\", \"name\": \"Chinese (Traditional)\", \"impersonate\": true, \"__yt_dlp_client\": \"tv_downgraded\"}, {\"ext\": \"ttml\", \"url\": \"https://www.youtube.com/api/timedtext?v=ezv5DuvCk0E&ei=z8xXafHFHv6Z6dsP-9P_uAs&caps=asr&opi=112496729&xoaf=5&xowf=1&xospf=1&hl=en&ip=0.0.0.0&ipbits=0&expire=1767386943&sparams=ip%2Cipbits%2Cexpire%2Cv%2Cei%2Ccaps%2Copi%2Cxoaf&signature=31ACC713C92BF468B0604D892289468DE459EB82.25E594A16AE4D763A16583FBA9E0634898D041F5&key=yt8&kind=asr&lang=pl&variant=ec&tlang=zh-Hant&fmt=ttml\", \"name\": \"Chinese (Traditional)\", \"impersonate\": true, \"__yt_dlp_client\": \"tv_downgraded\"}, {\"ext\": \"srt\", \"url\": \"https://www.youtube.com/api/timedtext?v=ezv5DuvCk0E&ei=z8xXafHFHv6Z6dsP-9P_uAs&caps=asr&opi=112496729&xoaf=5&xowf=1&xospf=1&hl=en&ip=0.0.0.0&ipbits=0&expire=1767386943&sparams=ip%2Cipbits%2Cexpire%2Cv%2Cei%2Ccaps%2Copi%2Cxoaf&signature=31ACC713C92BF468B0604D892289468DE459EB82.25E594A16AE4D763A16583FBA9E0634898D041F5&key=yt8&kind=asr&lang=pl&variant=ec&tlang=zh-Hant&fmt=srt\", \"name\": \"Chinese (Traditional)\", \"impersonate\": true, \"__yt_dlp_client\": \"tv_downgraded\"}, {\"ext\": \"vtt\", \"url\": \"https://www.youtube.com/api/timedtext?v=ezv5DuvCk0E&ei=z8xXafHFHv6Z6dsP-9P_uAs&caps=asr&opi=112496729&xoaf=5&xowf=1&xospf=1&hl=en&ip=0.0.0.0&ipbits=0&expire=1767386943&sparams=ip%2Cipbits%2Cexpire%2Cv%2Cei%2Ccaps%2Copi%2Cxoaf&signature=31ACC713C92BF468B0604D892289468DE459EB82.25E594A16AE4D763A16583FBA9E0634898D041F5&key=yt8&kind=asr&lang=pl&variant=ec&tlang=zh-Hant&fmt=vtt\", \"name\": \"Chinese (Traditional)\", \"impersonate\": true, \"__yt_dlp_client\": \"tv_downgraded\"}], \"co\": [{\"ext\": \"json3\", \"url\": \"https://www.youtube.com/api/timedtext?v=ezv5DuvCk0E&ei=z8xXafHFHv6Z6dsP-9P_uAs&caps=asr&opi=112496729&xoaf=5&xowf=1&xospf=1&hl=en&ip=0.0.0.0&ipbits=0&expire=1767386943&sparams=ip%2Cipbits%2Cexpire%2Cv%2Cei%2Ccaps%2Copi%2Cxoaf&signature=31ACC713C92BF468B0604D892289468DE459EB82.25E594A16AE4D763A16583FBA9E0634898D041F5&key=yt8&kind=asr&lang=pl&variant=ec&tlang=co&fmt=json3\", \"name\": \"Corsican\", \"impersonate\": true, \"__yt_dlp_client\": \"tv_downgraded\"}, {\"ext\": \"srv1\", \"url\": \"https://www.youtube.com/api/timedtext?v=ezv5DuvCk0E&ei=z8xXafHFHv6Z6dsP-9P_uAs&caps=asr&opi=112496729&xoaf=5&xowf=1&xospf=1&hl=en&ip=0.0.0.0&ipbits=0&expire=1767386943&sparams=ip%2Cipbits%2Cexpire%2Cv%2Cei%2Ccaps%2Copi%2Cxoaf&signature=31ACC713C92BF468B0604D892289468DE459EB82.25E594A16AE4D763A16583FBA9E0634898D041F5&key=yt8&kind=asr&lang=pl&variant=ec&tlang=co&fmt=srv1\", \"name\": \"Corsican\", \"impersonate\": true, \"__yt_dlp_client\": \"tv_downgraded\"}, {\"ext\": \"srv2\", \"url\": \"https://www.youtube.com/api/timedtext?v=ezv5DuvCk0E&ei=z8xXafHFHv6Z6dsP-9P_uAs&caps=asr&opi=112496729&xoaf=5&xowf=1&xospf=1&hl=en&ip=0.0.0.0&ipbits=0&expire=1767386943&sparams=ip%2Cipbits%2Cexpire%2Cv%2Cei%2Ccaps%2Copi%2Cxoaf&signature=31ACC713C92BF468B0604D892289468DE459EB82.25E594A16AE4D763A16583FBA9E0634898D041F5&key=yt8&kind=asr&lang=pl&variant=ec&tlang=co&fmt=srv2\", \"name\": \"Corsican\", \"impersonate\": true, \"__yt_dlp_client\": \"tv_downgraded\"}, {\"ext\": \"srv3\", \"url\": \"https://www.youtube.com/api/timedtext?v=ezv5DuvCk0E&ei=z8xXafHFHv6Z6dsP-9P_uAs&caps=asr&opi=112496729&xoaf=5&xowf=1&xospf=1&hl=en&ip=0.0.0.0&ipbits=0&expire=1767386943&sparams=ip%2Cipbits%2Cexpire%2Cv%2Cei%2Ccaps%2Copi%2Cxoaf&signature=31ACC713C92BF468B0604D892289468DE459EB82.25E594A16AE4D763A16583FBA9E0634898D041F5&key=yt8&kind=asr&lang=pl&variant=ec&tlang=co&fmt=srv3\", \"name\": \"Corsican\", \"impersonate\": true, \"__yt_dlp_client\": \"tv_downgraded\"}, {\"ext\": \"ttml\", \"url\": \"https://www.youtube.com/api/timedtext?v=ezv5DuvCk0E&ei=z8xXafHFHv6Z6dsP-9P_uAs&caps=asr&opi=112496729&xoaf=5&xowf=1&xospf=1&hl=en&ip=0.0.0.0&ipbits=0&expire=1767386943&sparams=ip%2Cipbits%2Cexpire%2Cv%2Cei%2Ccaps%2Copi%2Cxoaf&signature=31ACC713C92BF468B0604D892289468DE459EB82.25E594A16AE4D763A16583FBA9E0634898D041F5&key=yt8&kind=asr&lang=pl&variant=ec&tlang=co&fmt=ttml\", \"name\": \"Corsican\", \"impersonate\": true, \"__yt_dlp_client\": \"tv_downgraded\"}, {\"ext\": \"srt\", \"url\": \"https://www.youtube.com/api/timedtext?v=ezv5DuvCk0E&ei=z8xXafHFHv6Z6dsP-9P_uAs&caps=asr&opi=112496729&xoaf=5&xowf=1&xospf=1&hl=en&ip=0.0.0.0&ipbits=0&expire=1767386943&sparams=ip%2Cipbits%2Cexpire%2Cv%2Cei%2Ccaps%2Copi%2Cxoaf&signature=31ACC713C92BF468B0604D892289468DE459EB82.25E594A16AE4D763A16583FBA9E0634898D041F5&key=yt8&kind=asr&lang=pl&variant=ec&tlang=co&fmt=srt\", \"name\": \"Corsican\", \"impersonate\": true, \"__yt_dlp_client\": \"tv_downgraded\"}, {\"ext\": \"vtt\", \"url\": \"https://www.youtube.com/api/timedtext?v=ezv5DuvCk0E&ei=z8xXafHFHv6Z6dsP-9P_uAs&caps=asr&opi=112496729&xoaf=5&xowf=1&xospf=1&hl=en&ip=0.0.0.0&ipbits=0&expire=1767386943&sparams=ip%2Cipbits%2Cexpire%2Cv%2Cei%2Ccaps%2Copi%2Cxoaf&signature=31ACC713C92BF468B0604D892289468DE459EB82.25E594A16AE4D763A16583FBA9E0634898D041F5&key=yt8&kind=asr&lang=pl&variant=ec&tlang=co&fmt=vtt\", \"name\": \"Corsican\", \"impersonate\": true, \"__yt_dlp_client\": \"tv_downgraded\"}], \"hr\": [{\"ext\": \"json3\", \"url\": \"https://www.youtube.com/api/timedtext?v=ezv5DuvCk0E&ei=z8xXafHFHv6Z6dsP-9P_uAs&caps=asr&opi=112496729&xoaf=5&xowf=1&xospf=1&hl=en&ip=0.0.0.0&ipbits=0&expire=1767386943&sparams=ip%2Cipbits%2Cexpire%2Cv%2Cei%2Ccaps%2Copi%2Cxoaf&signature=31ACC713C92BF468B0604D892289468DE459EB82.25E594A16AE4D763A16583FBA9E0634898D041F5&key=yt8&kind=asr&lang=pl&variant=ec&tlang=hr&fmt=json3\", \"name\": \"Croatian\", \"impersonate\": true, \"__yt_dlp_client\": \"tv_downgraded\"}, {\"ext\": \"srv1\", \"url\": \"https://www.youtube.com/api/timedtext?v=ezv5DuvCk0E&ei=z8xXafHFHv6Z6dsP-9P_uAs&caps=asr&opi=112496729&xoaf=5&xowf=1&xospf=1&hl=en&ip=0.0.0.0&ipbits=0&expire=1767386943&sparams=ip%2Cipbits%2Cexpire%2Cv%2Cei%2Ccaps%2Copi%2Cxoaf&signature=31ACC713C92BF468B0604D892289468DE459EB82.25E594A16AE4D763A16583FBA9E0634898D041F5&key=yt8&kind=asr&lang=pl&variant=ec&tlang=hr&fmt=srv1\", \"name\": \"Croatian\", \"impersonate\": true, \"__yt_dlp_client\": \"tv_downgraded\"}, {\"ext\": \"srv2\", \"url\": \"https://www.youtube.com/api/timedtext?v=ezv5DuvCk0E&ei=z8xXafHFHv6Z6dsP-9P_uAs&caps=asr&opi=112496729&xoaf=5&xowf=1&xospf=1&hl=en&ip=0.0.0.0&ipbits=0&expire=1767386943&sparams=ip%2Cipbits%2Cexpire%2Cv%2Cei%2Ccaps%2Copi%2Cxoaf&signature=31ACC713C92BF468B0604D892289468DE459EB82.25E594A16AE4D763A16583FBA9E0634898D041F5&key=yt8&kind=asr&lang=pl&variant=ec&tlang=hr&fmt=srv2\", \"name\": \"Croatian\", \"impersonate\": true, \"__yt_dlp_client\": \"tv_downgraded\"}, {\"ext\": \"srv3\", \"url\": \"https://www.youtube.com/api/timedtext?v=ezv5DuvCk0E&ei=z8xXafHFHv6Z6dsP-9P_uAs&caps=asr&opi=112496729&xoaf=5&xowf=1&xospf=1&hl=en&ip=0.0.0.0&ipbits=0&expire=1767386943&sparams=ip%2Cipbits%2Cexpire%2Cv%2Cei%2Ccaps%2Copi%2Cxoaf&signature=31ACC713C92BF468B0604D892289468DE459EB82.25E594A16AE4D763A16583FBA9E0634898D041F5&key=yt8&kind=asr&lang=pl&variant=ec&tlang=hr&fmt=srv3\", \"name\": \"Croatian\", \"impersonate\": true, \"__yt_dlp_client\": \"tv_downgraded\"}, {\"ext\": \"ttml\", \"url\": \"https://www.youtube.com/api/timedtext?v=ezv5DuvCk0E&ei=z8xXafHFHv6Z6dsP-9P_uAs&caps=asr&opi=112496729&xoaf=5&xowf=1&xospf=1&hl=en&ip=0.0.0.0&ipbits=0&expire=1767386943&sparams=ip%2Cipbits%2Cexpire%2Cv%2Cei%2Ccaps%2Copi%2Cxoaf&signature=31ACC713C92BF468B0604D892289468DE459EB82.25E594A16AE4D763A16583FBA9E0634898D041F5&key=yt8&kind=asr&lang=pl&variant=ec&tlang=hr&fmt=ttml\", \"name\": \"Croatian\", \"impersonate\": true, \"__yt_dlp_client\": \"tv_downgraded\"}, {\"ext\": \"srt\", \"url\": \"https://www.youtube.com/api/timedtext?v=ezv5DuvCk0E&ei=z8xXafHFHv6Z6dsP-9P_uAs&caps=asr&opi=112496729&xoaf=5&xowf=1&xospf=1&hl=en&ip=0.0.0.0&ipbits=0&expire=1767386943&sparams=ip%2Cipbits%2Cexpire%2Cv%2Cei%2Ccaps%2Copi%2Cxoaf&signature=31ACC713C92BF468B0604D892289468DE459EB82.25E594A16AE4D763A16583FBA9E0634898D041F5&key=yt8&kind=asr&lang=pl&variant=ec&tlang=hr&fmt=srt\", \"name\": \"Croatian\", \"impersonate\": true, \"__yt_dlp_client\": \"tv_downgraded\"}, {\"ext\": \"vtt\", \"url\": \"https://www.youtube.com/api/timedtext?v=ezv5DuvCk0E&ei=z8xXafHFHv6Z6dsP-9P_uAs&caps=asr&opi=112496729&xoaf=5&xowf=1&xospf=1&hl=en&ip=0.0.0.0&ipbits=0&expire=1767386943&sparams=ip%2Cipbits%2Cexpire%2Cv%2Cei%2Ccaps%2Copi%2Cxoaf&signature=31ACC713C92BF468B0604D892289468DE459EB82.25E594A16AE4D763A16583FBA9E0634898D041F5&key=yt8&kind=asr&lang=pl&variant=ec&tlang=hr&fmt=vtt\", \"name\": \"Croatian\", \"impersonate\": true, \"__yt_dlp_client\": \"tv_downgraded\"}], \"cs\": [{\"ext\": \"json3\", \"url\": \"https://www.youtube.com/api/timedtext?v=ezv5DuvCk0E&ei=z8xXafHFHv6Z6dsP-9P_uAs&caps=asr&opi=112496729&xoaf=5&xowf=1&xospf=1&hl=en&ip=0.0.0.0&ipbits=0&expire=1767386943&sparams=ip%2Cipbits%2Cexpire%2Cv%2Cei%2Ccaps%2Copi%2Cxoaf&signature=31ACC713C92BF468B0604D892289468DE459EB82.25E594A16AE4D763A16583FBA9E0634898D041F5&key=yt8&kind=asr&lang=pl&variant=ec&tlang=cs&fmt=json3\", \"name\": \"Czech\", \"impersonate\": true, \"__yt_dlp_client\": \"tv_downgraded\"}, {\"ext\": \"srv1\", \"url\": \"https://www.youtube.com/api/timedtext?v=ezv5DuvCk0E&ei=z8xXafHFHv6Z6dsP-9P_uAs&caps=asr&opi=112496729&xoaf=5&xowf=1&xospf=1&hl=en&ip=0.0.0.0&ipbits=0&expire=1767386943&sparams=ip%2Cipbits%2Cexpire%2Cv%2Cei%2Ccaps%2Copi%2Cxoaf&signature=31ACC713C92BF468B0604D892289468DE459EB82.25E594A16AE4D763A16583FBA9E0634898D041F5&key=yt8&kind=asr&lang=pl&variant=ec&tlang=cs&fmt=srv1\", \"name\": \"Czech\", \"impersonate\": true, \"__yt_dlp_client\": \"tv_downgraded\"}, {\"ext\": \"srv2\", \"url\": \"https://www.youtube.com/api/timedtext?v=ezv5DuvCk0E&ei=z8xXafHFHv6Z6dsP-9P_uAs&caps=asr&opi=112496729&xoaf=5&xowf=1&xospf=1&hl=en&ip=0.0.0.0&ipbits=0&expire=1767386943&sparams=ip%2Cipbits%2Cexpire%2Cv%2Cei%2Ccaps%2Copi%2Cxoaf&signature=31ACC713C92BF468B0604D892289468DE459EB82.25E594A16AE4D763A16583FBA9E0634898D041F5&key=yt8&kind=asr&lang=pl&variant=ec&tlang=cs&fmt=srv2\", \"name\": \"Czech\", \"impersonate\": true, \"__yt_dlp_client\": \"tv_downgraded\"}, {\"ext\": \"srv3\", \"url\": \"https://www.youtube.com/api/timedtext?v=ezv5DuvCk0E&ei=z8xXafHFHv6Z6dsP-9P_uAs&caps=asr&opi=112496729&xoaf=5&xowf=1&xospf=1&hl=en&ip=0.0.0.0&ipbits=0&expire=1767386943&sparams=ip%2Cipbits%2Cexpire%2Cv%2Cei%2Ccaps%2Copi%2Cxoaf&signature=31ACC713C92BF468B0604D892289468DE459EB82.25E594A16AE4D763A16583FBA9E0634898D041F5&key=yt8&kind=asr&lang=pl&variant=ec&tlang=cs&fmt=srv3\", \"name\": \"Czech\", \"impersonate\": true, \"__yt_dlp_client\": \"tv_downgraded\"}, {\"ext\": \"ttml\", \"url\": \"https://www.youtube.com/api/timedtext?v=ezv5DuvCk0E&ei=z8xXafHFHv6Z6dsP-9P_uAs&caps=asr&opi=112496729&xoaf=5&xowf=1&xospf=1&hl=en&ip=0.0.0.0&ipbits=0&expire=1767386943&sparams=ip%2Cipbits%2Cexpire%2Cv%2Cei%2Ccaps%2Copi%2Cxoaf&signature=31ACC713C92BF468B0604D892289468DE459EB82.25E594A16AE4D763A16583FBA9E0634898D041F5&key=yt8&kind=asr&lang=pl&variant=ec&tlang=cs&fmt=ttml\", \"name\": \"Czech\", \"impersonate\": true, \"__yt_dlp_client\": \"tv_downgraded\"}, {\"ext\": \"srt\", \"url\": \"https://www.youtube.com/api/timedtext?v=ezv5DuvCk0E&ei=z8xXafHFHv6Z6dsP-9P_uAs&caps=asr&opi=112496729&xoaf=5&xowf=1&xospf=1&hl=en&ip=0.0.0.0&ipbits=0&expire=1767386943&sparams=ip%2Cipbits%2Cexpire%2Cv%2Cei%2Ccaps%2Copi%2Cxoaf&signature=31ACC713C92BF468B0604D892289468DE459EB82.25E594A16AE4D763A16583FBA9E0634898D041F5&key=yt8&kind=asr&lang=pl&variant=ec&tlang=cs&fmt=srt\", \"name\": \"Czech\", \"impersonate\": true, \"__yt_dlp_client\": \"tv_downgraded\"}, {\"ext\": \"vtt\", \"url\": \"https://www.youtube.com/api/timedtext?v=ezv5DuvCk0E&ei=z8xXafHFHv6Z6dsP-9P_uAs&caps=asr&opi=112496729&xoaf=5&xowf=1&xospf=1&hl=en&ip=0.0.0.0&ipbits=0&expire=1767386943&sparams=ip%2Cipbits%2Cexpire%2Cv%2Cei%2Ccaps%2Copi%2Cxoaf&signature=31ACC713C92BF468B0604D892289468DE459EB82.25E594A16AE4D763A16583FBA9E0634898D041F5&key=yt8&kind=asr&lang=pl&variant=ec&tlang=cs&fmt=vtt\", \"name\": \"Czech\", \"impersonate\": true, \"__yt_dlp_client\": \"tv_downgraded\"}], \"da\": [{\"ext\": \"json3\", \"url\": \"https://www.youtube.com/api/timedtext?v=ezv5DuvCk0E&ei=z8xXafHFHv6Z6dsP-9P_uAs&caps=asr&opi=112496729&xoaf=5&xowf=1&xospf=1&hl=en&ip=0.0.0.0&ipbits=0&expire=1767386943&sparams=ip%2Cipbits%2Cexpire%2Cv%2Cei%2Ccaps%2Copi%2Cxoaf&signature=31ACC713C92BF468B0604D892289468DE459EB82.25E594A16AE4D763A16583FBA9E0634898D041F5&key=yt8&kind=asr&lang=pl&variant=ec&tlang=da&fmt=json3\", \"name\": \"Danish\", \"impersonate\": true, \"__yt_dlp_client\": \"tv_downgraded\"}, {\"ext\": \"srv1\", \"url\": \"https://www.youtube.com/api/timedtext?v=ezv5DuvCk0E&ei=z8xXafHFHv6Z6dsP-9P_uAs&caps=asr&opi=112496729&xoaf=5&xowf=1&xospf=1&hl=en&ip=0.0.0.0&ipbits=0&expire=1767386943&sparams=ip%2Cipbits%2Cexpire%2Cv%2Cei%2Ccaps%2Copi%2Cxoaf&signature=31ACC713C92BF468B0604D892289468DE459EB82.25E594A16AE4D763A16583FBA9E0634898D041F5&key=yt8&kind=asr&lang=pl&variant=ec&tlang=da&fmt=srv1\", \"name\": \"Danish\", \"impersonate\": true, \"__yt_dlp_client\": \"tv_downgraded\"}, {\"ext\": \"srv2\", \"url\": \"https://www.youtube.com/api/timedtext?v=ezv5DuvCk0E&ei=z8xXafHFHv6Z6dsP-9P_uAs&caps=asr&opi=112496729&xoaf=5&xowf=1&xospf=1&hl=en&ip=0.0.0.0&ipbits=0&expire=1767386943&sparams=ip%2Cipbits%2Cexpire%2Cv%2Cei%2Ccaps%2Copi%2Cxoaf&signature=31ACC713C92BF468B0604D892289468DE459EB82.25E594A16AE4D763A16583FBA9E0634898D041F5&key=yt8&kind=asr&lang=pl&variant=ec&tlang=da&fmt=srv2\", \"name\": \"Danish\", \"impersonate\": true, \"__yt_dlp_client\": \"tv_downgraded\"}, {\"ext\": \"srv3\", \"url\": \"https://www.youtube.com/api/timedtext?v=ezv5DuvCk0E&ei=z8xXafHFHv6Z6dsP-9P_uAs&caps=asr&opi=112496729&xoaf=5&xowf=1&xospf=1&hl=en&ip=0.0.0.0&ipbits=0&expire=1767386943&sparams=ip%2Cipbits%2Cexpire%2Cv%2Cei%2Ccaps%2Copi%2Cxoaf&signature=31ACC713C92BF468B0604D892289468DE459EB82.25E594A16AE4D763A16583FBA9E0634898D041F5&key=yt8&kind=asr&lang=pl&variant=ec&tlang=da&fmt=srv3\", \"name\": \"Danish\", \"impersonate\": true, \"__yt_dlp_client\": \"tv_downgraded\"}, {\"ext\": \"ttml\", \"url\": \"https://www.youtube.com/api/timedtext?v=ezv5DuvCk0E&ei=z8xXafHFHv6Z6dsP-9P_uAs&caps=asr&opi=112496729&xoaf=5&xowf=1&xospf=1&hl=en&ip=0.0.0.0&ipbits=0&expire=1767386943&sparams=ip%2Cipbits%2Cexpire%2Cv%2Cei%2Ccaps%2Copi%2Cxoaf&signature=31ACC713C92BF468B0604D892289468DE459EB82.25E594A16AE4D763A16583FBA9E0634898D041F5&key=yt8&kind=asr&lang=pl&variant=ec&tlang=da&fmt=ttml\", \"name\": \"Danish\", \"impersonate\": true, \"__yt_dlp_client\": \"tv_downgraded\"}, {\"ext\": \"srt\", \"url\": \"https://www.youtube.com/api/timedtext?v=ezv5DuvCk0E&ei=z8xXafHFHv6Z6dsP-9P_uAs&caps=asr&opi=112496729&xoaf=5&xowf=1&xospf=1&hl=en&ip=0.0.0.0&ipbits=0&expire=1767386943&sparams=ip%2Cipbits%2Cexpire%2Cv%2Cei%2Ccaps%2Copi%2Cxoaf&signature=31ACC713C92BF468B0604D892289468DE459EB82.25E594A16AE4D763A16583FBA9E0634898D041F5&key=yt8&kind=asr&lang=pl&variant=ec&tlang=da&fmt=srt\", \"name\": \"Danish\", \"impersonate\": true, \"__yt_dlp_client\": \"tv_downgraded\"}, {\"ext\": \"vtt\", \"url\": \"https://www.youtube.com/api/timedtext?v=ezv5DuvCk0E&ei=z8xXafHFHv6Z6dsP-9P_uAs&caps=asr&opi=112496729&xoaf=5&xowf=1&xospf=1&hl=en&ip=0.0.0.0&ipbits=0&expire=1767386943&sparams=ip%2Cipbits%2Cexpire%2Cv%2Cei%2Ccaps%2Copi%2Cxoaf&signature=31ACC713C92BF468B0604D892289468DE459EB82.25E594A16AE4D763A16583FBA9E0634898D041F5&key=yt8&kind=asr&lang=pl&variant=ec&tlang=da&fmt=vtt\", \"name\": \"Danish\", \"impersonate\": true, \"__yt_dlp_client\": \"tv_downgraded\"}], \"dv\": [{\"ext\": \"json3\", \"url\": \"https://www.youtube.com/api/timedtext?v=ezv5DuvCk0E&ei=z8xXafHFHv6Z6dsP-9P_uAs&caps=asr&opi=112496729&xoaf=5&xowf=1&xospf=1&hl=en&ip=0.0.0.0&ipbits=0&expire=1767386943&sparams=ip%2Cipbits%2Cexpire%2Cv%2Cei%2Ccaps%2Copi%2Cxoaf&signature=31ACC713C92BF468B0604D892289468DE459EB82.25E594A16AE4D763A16583FBA9E0634898D041F5&key=yt8&kind=asr&lang=pl&variant=ec&tlang=dv&fmt=json3\", \"name\": \"Divehi\", \"impersonate\": true, \"__yt_dlp_client\": \"tv_downgraded\"}, {\"ext\": \"srv1\", \"url\": \"https://www.youtube.com/api/timedtext?v=ezv5DuvCk0E&ei=z8xXafHFHv6Z6dsP-9P_uAs&caps=asr&opi=112496729&xoaf=5&xowf=1&xospf=1&hl=en&ip=0.0.0.0&ipbits=0&expire=1767386943&sparams=ip%2Cipbits%2Cexpire%2Cv%2Cei%2Ccaps%2Copi%2Cxoaf&signature=31ACC713C92BF468B0604D892289468DE459EB82.25E594A16AE4D763A16583FBA9E0634898D041F5&key=yt8&kind=asr&lang=pl&variant=ec&tlang=dv&fmt=srv1\", \"name\": \"Divehi\", \"impersonate\": true, \"__yt_dlp_client\": \"tv_downgraded\"}, {\"ext\": \"srv2\", \"url\": \"https://www.youtube.com/api/timedtext?v=ezv5DuvCk0E&ei=z8xXafHFHv6Z6dsP-9P_uAs&caps=asr&opi=112496729&xoaf=5&xowf=1&xospf=1&hl=en&ip=0.0.0.0&ipbits=0&expire=1767386943&sparams=ip%2Cipbits%2Cexpire%2Cv%2Cei%2Ccaps%2Copi%2Cxoaf&signature=31ACC713C92BF468B0604D892289468DE459EB82.25E594A16AE4D763A16583FBA9E0634898D041F5&key=yt8&kind=asr&lang=pl&variant=ec&tlang=dv&fmt=srv2\", \"name\": \"Divehi\", \"impersonate\": true, \"__yt_dlp_client\": \"tv_downgraded\"}, {\"ext\": \"srv3\", \"url\": \"https://www.youtube.com/api/timedtext?v=ezv5DuvCk0E&ei=z8xXafHFHv6Z6dsP-9P_uAs&caps=asr&opi=112496729&xoaf=5&xowf=1&xospf=1&hl=en&ip=0.0.0.0&ipbits=0&expire=1767386943&sparams=ip%2Cipbits%2Cexpire%2Cv%2Cei%2Ccaps%2Copi%2Cxoaf&signature=31ACC713C92BF468B0604D892289468DE459EB82.25E594A16AE4D763A16583FBA9E0634898D041F5&key=yt8&kind=asr&lang=pl&variant=ec&tlang=dv&fmt=srv3\", \"name\": \"Divehi\", \"impersonate\": true, \"__yt_dlp_client\": \"tv_downgraded\"}, {\"ext\": \"ttml\", \"url\": \"https://www.youtube.com/api/timedtext?v=ezv5DuvCk0E&ei=z8xXafHFHv6Z6dsP-9P_uAs&caps=asr&opi=112496729&xoaf=5&xowf=1&xospf=1&hl=en&ip=0.0.0.0&ipbits=0&expire=1767386943&sparams=ip%2Cipbits%2Cexpire%2Cv%2Cei%2Ccaps%2Copi%2Cxoaf&signature=31ACC713C92BF468B0604D892289468DE459EB82.25E594A16AE4D763A16583FBA9E0634898D041F5&key=yt8&kind=asr&lang=pl&variant=ec&tlang=dv&fmt=ttml\", \"name\": \"Divehi\", \"impersonate\": true, \"__yt_dlp_client\": \"tv_downgraded\"}, {\"ext\": \"srt\", \"url\": \"https://www.youtube.com/api/timedtext?v=ezv5DuvCk0E&ei=z8xXafHFHv6Z6dsP-9P_uAs&caps=asr&opi=112496729&xoaf=5&xowf=1&xospf=1&hl=en&ip=0.0.0.0&ipbits=0&expire=1767386943&sparams=ip%2Cipbits%2Cexpire%2Cv%2Cei%2Ccaps%2Copi%2Cxoaf&signature=31ACC713C92BF468B0604D892289468DE459EB82.25E594A16AE4D763A16583FBA9E0634898D041F5&key=yt8&kind=asr&lang=pl&variant=ec&tlang=dv&fmt=srt\", \"name\": \"Divehi\", \"impersonate\": true, \"__yt_dlp_client\": \"tv_downgraded\"}, {\"ext\": \"vtt\", \"url\": \"https://www.youtube.com/api/timedtext?v=ezv5DuvCk0E&ei=z8xXafHFHv6Z6dsP-9P_uAs&caps=asr&opi=112496729&xoaf=5&xowf=1&xospf=1&hl=en&ip=0.0.0.0&ipbits=0&expire=1767386943&sparams=ip%2Cipbits%2Cexpire%2Cv%2Cei%2Ccaps%2Copi%2Cxoaf&signature=31ACC713C92BF468B0604D892289468DE459EB82.25E594A16AE4D763A16583FBA9E0634898D041F5&key=yt8&kind=asr&lang=pl&variant=ec&tlang=dv&fmt=vtt\", \"name\": \"Divehi\", \"impersonate\": true, \"__yt_dlp_client\": \"tv_downgraded\"}], \"nl\": [{\"ext\": \"json3\", \"url\": \"https://www.youtube.com/api/timedtext?v=ezv5DuvCk0E&ei=z8xXafHFHv6Z6dsP-9P_uAs&caps=asr&opi=112496729&xoaf=5&xowf=1&xospf=1&hl=en&ip=0.0.0.0&ipbits=0&expire=1767386943&sparams=ip%2Cipbits%2Cexpire%2Cv%2Cei%2Ccaps%2Copi%2Cxoaf&signature=31ACC713C92BF468B0604D892289468DE459EB82.25E594A16AE4D763A16583FBA9E0634898D041F5&key=yt8&kind=asr&lang=pl&variant=ec&tlang=nl&fmt=json3\", \"name\": \"Dutch\", \"impersonate\": true, \"__yt_dlp_client\": \"tv_downgraded\"}, {\"ext\": \"srv1\", \"url\": \"https://www.youtube.com/api/timedtext?v=ezv5DuvCk0E&ei=z8xXafHFHv6Z6dsP-9P_uAs&caps=asr&opi=112496729&xoaf=5&xowf=1&xospf=1&hl=en&ip=0.0.0.0&ipbits=0&expire=1767386943&sparams=ip%2Cipbits%2Cexpire%2Cv%2Cei%2Ccaps%2Copi%2Cxoaf&signature=31ACC713C92BF468B0604D892289468DE459EB82.25E594A16AE4D763A16583FBA9E0634898D041F5&key=yt8&kind=asr&lang=pl&variant=ec&tlang=nl&fmt=srv1\", \"name\": \"Dutch\", \"impersonate\": true, \"__yt_dlp_client\": \"tv_downgraded\"}, {\"ext\": \"srv2\", \"url\": \"https://www.youtube.com/api/timedtext?v=ezv5DuvCk0E&ei=z8xXafHFHv6Z6dsP-9P_uAs&caps=asr&opi=112496729&xoaf=5&xowf=1&xospf=1&hl=en&ip=0.0.0.0&ipbits=0&expire=1767386943&sparams=ip%2Cipbits%2Cexpire%2Cv%2Cei%2Ccaps%2Copi%2Cxoaf&signature=31ACC713C92BF468B0604D892289468DE459EB82.25E594A16AE4D763A16583FBA9E0634898D041F5&key=yt8&kind=asr&lang=pl&variant=ec&tlang=nl&fmt=srv2\", \"name\": \"Dutch\", \"impersonate\": true, \"__yt_dlp_client\": \"tv_downgraded\"}, {\"ext\": \"srv3\", \"url\": \"https://www.youtube.com/api/timedtext?v=ezv5DuvCk0E&ei=z8xXafHFHv6Z6dsP-9P_uAs&caps=asr&opi=112496729&xoaf=5&xowf=1&xospf=1&hl=en&ip=0.0.0.0&ipbits=0&expire=1767386943&sparams=ip%2Cipbits%2Cexpire%2Cv%2Cei%2Ccaps%2Copi%2Cxoaf&signature=31ACC713C92BF468B0604D892289468DE459EB82.25E594A16AE4D763A16583FBA9E0634898D041F5&key=yt8&kind=asr&lang=pl&variant=ec&tlang=nl&fmt=srv3\", \"name\": \"Dutch\", \"impersonate\": true, \"__yt_dlp_client\": \"tv_downgraded\"}, {\"ext\": \"ttml\", \"url\": \"https://www.youtube.com/api/timedtext?v=ezv5DuvCk0E&ei=z8xXafHFHv6Z6dsP-9P_uAs&caps=asr&opi=112496729&xoaf=5&xowf=1&xospf=1&hl=en&ip=0.0.0.0&ipbits=0&expire=1767386943&sparams=ip%2Cipbits%2Cexpire%2Cv%2Cei%2Ccaps%2Copi%2Cxoaf&signature=31ACC713C92BF468B0604D892289468DE459EB82.25E594A16AE4D763A16583FBA9E0634898D041F5&key=yt8&kind=asr&lang=pl&variant=ec&tlang=nl&fmt=ttml\", \"name\": \"Dutch\", \"impersonate\": true, \"__yt_dlp_client\": \"tv_downgraded\"}, {\"ext\": \"srt\", \"url\": \"https://www.youtube.com/api/timedtext?v=ezv5DuvCk0E&ei=z8xXafHFHv6Z6dsP-9P_uAs&caps=asr&opi=112496729&xoaf=5&xowf=1&xospf=1&hl=en&ip=0.0.0.0&ipbits=0&expire=1767386943&sparams=ip%2Cipbits%2Cexpire%2Cv%2Cei%2Ccaps%2Copi%2Cxoaf&signature=31ACC713C92BF468B0604D892289468DE459EB82.25E594A16AE4D763A16583FBA9E0634898D041F5&key=yt8&kind=asr&lang=pl&variant=ec&tlang=nl&fmt=srt\", \"name\": \"Dutch\", \"impersonate\": true, \"__yt_dlp_client\": \"tv_downgraded\"}, {\"ext\": \"vtt\", \"url\": \"https://www.youtube.com/api/timedtext?v=ezv5DuvCk0E&ei=z8xXafHFHv6Z6dsP-9P_uAs&caps=asr&opi=112496729&xoaf=5&xowf=1&xospf=1&hl=en&ip=0.0.0.0&ipbits=0&expire=1767386943&sparams=ip%2Cipbits%2Cexpire%2Cv%2Cei%2Ccaps%2Copi%2Cxoaf&signature=31ACC713C92BF468B0604D892289468DE459EB82.25E594A16AE4D763A16583FBA9E0634898D041F5&key=yt8&kind=asr&lang=pl&variant=ec&tlang=nl&fmt=vtt\", \"name\": \"Dutch\", \"impersonate\": true, \"__yt_dlp_client\": \"tv_downgraded\"}], \"dz\": [{\"ext\": \"json3\", \"url\": \"https://www.youtube.com/api/timedtext?v=ezv5DuvCk0E&ei=z8xXafHFHv6Z6dsP-9P_uAs&caps=asr&opi=112496729&xoaf=5&xowf=1&xospf=1&hl=en&ip=0.0.0.0&ipbits=0&expire=1767386943&sparams=ip%2Cipbits%2Cexpire%2Cv%2Cei%2Ccaps%2Copi%2Cxoaf&signature=31ACC713C92BF468B0604D892289468DE459EB82.25E594A16AE4D763A16583FBA9E0634898D041F5&key=yt8&kind=asr&lang=pl&variant=ec&tlang=dz&fmt=json3\", \"name\": \"Dzongkha\", \"impersonate\": true, \"__yt_dlp_client\": \"tv_downgraded\"}, {\"ext\": \"srv1\", \"url\": \"https://www.youtube.com/api/timedtext?v=ezv5DuvCk0E&ei=z8xXafHFHv6Z6dsP-9P_uAs&caps=asr&opi=112496729&xoaf=5&xowf=1&xospf=1&hl=en&ip=0.0.0.0&ipbits=0&expire=1767386943&sparams=ip%2Cipbits%2Cexpire%2Cv%2Cei%2Ccaps%2Copi%2Cxoaf&signature=31ACC713C92BF468B0604D892289468DE459EB82.25E594A16AE4D763A16583FBA9E0634898D041F5&key=yt8&kind=asr&lang=pl&variant=ec&tlang=dz&fmt=srv1\", \"name\": \"Dzongkha\", \"impersonate\": true, \"__yt_dlp_client\": \"tv_downgraded\"}, {\"ext\": \"srv2\", \"url\": \"https://www.youtube.com/api/timedtext?v=ezv5DuvCk0E&ei=z8xXafHFHv6Z6dsP-9P_uAs&caps=asr&opi=112496729&xoaf=5&xowf=1&xospf=1&hl=en&ip=0.0.0.0&ipbits=0&expire=1767386943&sparams=ip%2Cipbits%2Cexpire%2Cv%2Cei%2Ccaps%2Copi%2Cxoaf&signature=31ACC713C92BF468B0604D892289468DE459EB82.25E594A16AE4D763A16583FBA9E0634898D041F5&key=yt8&kind=asr&lang=pl&variant=ec&tlang=dz&fmt=srv2\", \"name\": \"Dzongkha\", \"impersonate\": true, \"__yt_dlp_client\": \"tv_downgraded\"}, {\"ext\": \"srv3\", \"url\": \"https://www.youtube.com/api/timedtext?v=ezv5DuvCk0E&ei=z8xXafHFHv6Z6dsP-9P_uAs&caps=asr&opi=112496729&xoaf=5&xowf=1&xospf=1&hl=en&ip=0.0.0.0&ipbits=0&expire=1767386943&sparams=ip%2Cipbits%2Cexpire%2Cv%2Cei%2Ccaps%2Copi%2Cxoaf&signature=31ACC713C92BF468B0604D892289468DE459EB82.25E594A16AE4D763A16583FBA9E0634898D041F5&key=yt8&kind=asr&lang=pl&variant=ec&tlang=dz&fmt=srv3\", \"name\": \"Dzongkha\", \"impersonate\": true, \"__yt_dlp_client\": \"tv_downgraded\"}, {\"ext\": \"ttml\", \"url\": \"https://www.youtube.com/api/timedtext?v=ezv5DuvCk0E&ei=z8xXafHFHv6Z6dsP-9P_uAs&caps=asr&opi=112496729&xoaf=5&xowf=1&xospf=1&hl=en&ip=0.0.0.0&ipbits=0&expire=1767386943&sparams=ip%2Cipbits%2Cexpire%2Cv%2Cei%2Ccaps%2Copi%2Cxoaf&signature=31ACC713C92BF468B0604D892289468DE459EB82.25E594A16AE4D763A16583FBA9E0634898D041F5&key=yt8&kind=asr&lang=pl&variant=ec&tlang=dz&fmt=ttml\", \"name\": \"Dzongkha\", \"impersonate\": true, \"__yt_dlp_client\": \"tv_downgraded\"}, {\"ext\": \"srt\", \"url\": \"https://www.youtube.com/api/timedtext?v=ezv5DuvCk0E&ei=z8xXafHFHv6Z6dsP-9P_uAs&caps=asr&opi=112496729&xoaf=5&xowf=1&xospf=1&hl=en&ip=0.0.0.0&ipbits=0&expire=1767386943&sparams=ip%2Cipbits%2Cexpire%2Cv%2Cei%2Ccaps%2Copi%2Cxoaf&signature=31ACC713C92BF468B0604D892289468DE459EB82.25E594A16AE4D763A16583FBA9E0634898D041F5&key=yt8&kind=asr&lang=pl&variant=ec&tlang=dz&fmt=srt\", \"name\": \"Dzongkha\", \"impersonate\": true, \"__yt_dlp_client\": \"tv_downgraded\"}, {\"ext\": \"vtt\", \"url\": \"https://www.youtube.com/api/timedtext?v=ezv5DuvCk0E&ei=z8xXafHFHv6Z6dsP-9P_uAs&caps=asr&opi=112496729&xoaf=5&xowf=1&xospf=1&hl=en&ip=0.0.0.0&ipbits=0&expire=1767386943&sparams=ip%2Cipbits%2Cexpire%2Cv%2Cei%2Ccaps%2Copi%2Cxoaf&signature=31ACC713C92BF468B0604D892289468DE459EB82.25E594A16AE4D763A16583FBA9E0634898D041F5&key=yt8&kind=asr&lang=pl&variant=ec&tlang=dz&fmt=vtt\", \"name\": \"Dzongkha\", \"impersonate\": true, \"__yt_dlp_client\": \"tv_downgraded\"}], \"en\": [{\"ext\": \"json3\", \"url\": \"https://www.youtube.com/api/timedtext?v=ezv5DuvCk0E&ei=z8xXafHFHv6Z6dsP-9P_uAs&caps=asr&opi=112496729&xoaf=5&xowf=1&xospf=1&hl=en&ip=0.0.0.0&ipbits=0&expire=1767386943&sparams=ip%2Cipbits%2Cexpire%2Cv%2Cei%2Ccaps%2Copi%2Cxoaf&signature=31ACC713C92BF468B0604D892289468DE459EB82.25E594A16AE4D763A16583FBA9E0634898D041F5&key=yt8&kind=asr&lang=pl&variant=ec&tlang=en&fmt=json3\", \"name\": \"English\", \"impersonate\": true, \"__yt_dlp_client\": \"tv_downgraded\"}, {\"ext\": \"srv1\", \"url\": \"https://www.youtube.com/api/timedtext?v=ezv5DuvCk0E&ei=z8xXafHFHv6Z6dsP-9P_uAs&caps=asr&opi=112496729&xoaf=5&xowf=1&xospf=1&hl=en&ip=0.0.0.0&ipbits=0&expire=1767386943&sparams=ip%2Cipbits%2Cexpire%2Cv%2Cei%2Ccaps%2Copi%2Cxoaf&signature=31ACC713C92BF468B0604D892289468DE459EB82.25E594A16AE4D763A16583FBA9E0634898D041F5&key=yt8&kind=asr&lang=pl&variant=ec&tlang=en&fmt=srv1\", \"name\": \"English\", \"impersonate\": true, \"__yt_dlp_client\": \"tv_downgraded\"}, {\"ext\": \"srv2\", \"url\": \"https://www.youtube.com/api/timedtext?v=ezv5DuvCk0E&ei=z8xXafHFHv6Z6dsP-9P_uAs&caps=asr&opi=112496729&xoaf=5&xowf=1&xospf=1&hl=en&ip=0.0.0.0&ipbits=0&expire=1767386943&sparams=ip%2Cipbits%2Cexpire%2Cv%2Cei%2Ccaps%2Copi%2Cxoaf&signature=31ACC713C92BF468B0604D892289468DE459EB82.25E594A16AE4D763A16583FBA9E0634898D041F5&key=yt8&kind=asr&lang=pl&variant=ec&tlang=en&fmt=srv2\", \"name\": \"English\", \"impersonate\": true, \"__yt_dlp_client\": \"tv_downgraded\"}, {\"ext\": \"srv3\", \"url\": \"https://www.youtube.com/api/timedtext?v=ezv5DuvCk0E&ei=z8xXafHFHv6Z6dsP-9P_uAs&caps=asr&opi=112496729&xoaf=5&xowf=1&xospf=1&hl=en&ip=0.0.0.0&ipbits=0&expire=1767386943&sparams=ip%2Cipbits%2Cexpire%2Cv%2Cei%2Ccaps%2Copi%2Cxoaf&signature=31ACC713C92BF468B0604D892289468DE459EB82.25E594A16AE4D763A16583FBA9E0634898D041F5&key=yt8&kind=asr&lang=pl&variant=ec&tlang=en&fmt=srv3\", \"name\": \"English\", \"impersonate\": true, \"__yt_dlp_client\": \"tv_downgraded\"}, {\"ext\": \"ttml\", \"url\": \"https://www.youtube.com/api/timedtext?v=ezv5DuvCk0E&ei=z8xXafHFHv6Z6dsP-9P_uAs&caps=asr&opi=112496729&xoaf=5&xowf=1&xospf=1&hl=en&ip=0.0.0.0&ipbits=0&expire=1767386943&sparams=ip%2Cipbits%2Cexpire%2Cv%2Cei%2Ccaps%2Copi%2Cxoaf&signature=31ACC713C92BF468B0604D892289468DE459EB82.25E594A16AE4D763A16583FBA9E0634898D041F5&key=yt8&kind=asr&lang=pl&variant=ec&tlang=en&fmt=ttml\", \"name\": \"English\", \"impersonate\": true, \"__yt_dlp_client\": \"tv_downgraded\"}, {\"ext\": \"srt\", \"url\": \"https://www.youtube.com/api/timedtext?v=ezv5DuvCk0E&ei=z8xXafHFHv6Z6dsP-9P_uAs&caps=asr&opi=112496729&xoaf=5&xowf=1&xospf=1&hl=en&ip=0.0.0.0&ipbits=0&expire=1767386943&sparams=ip%2Cipbits%2Cexpire%2Cv%2Cei%2Ccaps%2Copi%2Cxoaf&signature=31ACC713C92BF468B0604D892289468DE459EB82.25E594A16AE4D763A16583FBA9E0634898D041F5&key=yt8&kind=asr&lang=pl&variant=ec&tlang=en&fmt=srt\", \"name\": \"English\", \"impersonate\": true, \"__yt_dlp_client\": \"tv_downgraded\"}, {\"ext\": \"vtt\", \"url\": \"https://www.youtube.com/api/timedtext?v=ezv5DuvCk0E&ei=z8xXafHFHv6Z6dsP-9P_uAs&caps=asr&opi=112496729&xoaf=5&xowf=1&xospf=1&hl=en&ip=0.0.0.0&ipbits=0&expire=1767386943&sparams=ip%2Cipbits%2Cexpire%2Cv%2Cei%2Ccaps%2Copi%2Cxoaf&signature=31ACC713C92BF468B0604D892289468DE459EB82.25E594A16AE4D763A16583FBA9E0634898D041F5&key=yt8&kind=asr&lang=pl&variant=ec&tlang=en&fmt=vtt\", \"name\": \"English\", \"impersonate\": true, \"__yt_dlp_client\": \"tv_downgraded\"}], \"eo\": [{\"ext\": \"json3\", \"url\": \"https://www.youtube.com/api/timedtext?v=ezv5DuvCk0E&ei=z8xXafHFHv6Z6dsP-9P_uAs&caps=asr&opi=112496729&xoaf=5&xowf=1&xospf=1&hl=en&ip=0.0.0.0&ipbits=0&expire=1767386943&sparams=ip%2Cipbits%2Cexpire%2Cv%2Cei%2Ccaps%2Copi%2Cxoaf&signature=31ACC713C92BF468B0604D892289468DE459EB82.25E594A16AE4D763A16583FBA9E0634898D041F5&key=yt8&kind=asr&lang=pl&variant=ec&tlang=eo&fmt=json3\", \"name\": \"Esperanto\", \"impersonate\": true, \"__yt_dlp_client\": \"tv_downgraded\"}, {\"ext\": \"srv1\", \"url\": \"https://www.youtube.com/api/timedtext?v=ezv5DuvCk0E&ei=z8xXafHFHv6Z6dsP-9P_uAs&caps=asr&opi=112496729&xoaf=5&xowf=1&xospf=1&hl=en&ip=0.0.0.0&ipbits=0&expire=1767386943&sparams=ip%2Cipbits%2Cexpire%2Cv%2Cei%2Ccaps%2Copi%2Cxoaf&signature=31ACC713C92BF468B0604D892289468DE459EB82.25E594A16AE4D763A16583FBA9E0634898D041F5&key=yt8&kind=asr&lang=pl&variant=ec&tlang=eo&fmt=srv1\", \"name\": \"Esperanto\", \"impersonate\": true, \"__yt_dlp_client\": \"tv_downgraded\"}, {\"ext\": \"srv2\", \"url\": \"https://www.youtube.com/api/timedtext?v=ezv5DuvCk0E&ei=z8xXafHFHv6Z6dsP-9P_uAs&caps=asr&opi=112496729&xoaf=5&xowf=1&xospf=1&hl=en&ip=0.0.0.0&ipbits=0&expire=1767386943&sparams=ip%2Cipbits%2Cexpire%2Cv%2Cei%2Ccaps%2Copi%2Cxoaf&signature=31ACC713C92BF468B0604D892289468DE459EB82.25E594A16AE4D763A16583FBA9E0634898D041F5&key=yt8&kind=asr&lang=pl&variant=ec&tlang=eo&fmt=srv2\", \"name\": \"Esperanto\", \"impersonate\": true, \"__yt_dlp_client\": \"tv_downgraded\"}, {\"ext\": \"srv3\", \"url\": \"https://www.youtube.com/api/timedtext?v=ezv5DuvCk0E&ei=z8xXafHFHv6Z6dsP-9P_uAs&caps=asr&opi=112496729&xoaf=5&xowf=1&xospf=1&hl=en&ip=0.0.0.0&ipbits=0&expire=1767386943&sparams=ip%2Cipbits%2Cexpire%2Cv%2Cei%2Ccaps%2Copi%2Cxoaf&signature=31ACC713C92BF468B0604D892289468DE459EB82.25E594A16AE4D763A16583FBA9E0634898D041F5&key=yt8&kind=asr&lang=pl&variant=ec&tlang=eo&fmt=srv3\", \"name\": \"Esperanto\", \"impersonate\": true, \"__yt_dlp_client\": \"tv_downgraded\"}, {\"ext\": \"ttml\", \"url\": \"https://www.youtube.com/api/timedtext?v=ezv5DuvCk0E&ei=z8xXafHFHv6Z6dsP-9P_uAs&caps=asr&opi=112496729&xoaf=5&xowf=1&xospf=1&hl=en&ip=0.0.0.0&ipbits=0&expire=1767386943&sparams=ip%2Cipbits%2Cexpire%2Cv%2Cei%2Ccaps%2Copi%2Cxoaf&signature=31ACC713C92BF468B0604D892289468DE459EB82.25E594A16AE4D763A16583FBA9E0634898D041F5&key=yt8&kind=asr&lang=pl&variant=ec&tlang=eo&fmt=ttml\", \"name\": \"Esperanto\", \"impersonate\": true, \"__yt_dlp_client\": \"tv_downgraded\"}, {\"ext\": \"srt\", \"url\": \"https://www.youtube.com/api/timedtext?v=ezv5DuvCk0E&ei=z8xXafHFHv6Z6dsP-9P_uAs&caps=asr&opi=112496729&xoaf=5&xowf=1&xospf=1&hl=en&ip=0.0.0.0&ipbits=0&expire=1767386943&sparams=ip%2Cipbits%2Cexpire%2Cv%2Cei%2Ccaps%2Copi%2Cxoaf&signature=31ACC713C92BF468B0604D892289468DE459EB82.25E594A16AE4D763A16583FBA9E0634898D041F5&key=yt8&kind=asr&lang=pl&variant=ec&tlang=eo&fmt=srt\", \"name\": \"Esperanto\", \"impersonate\": true, \"__yt_dlp_client\": \"tv_downgraded\"}, {\"ext\": \"vtt\", \"url\": \"https://www.youtube.com/api/timedtext?v=ezv5DuvCk0E&ei=z8xXafHFHv6Z6dsP-9P_uAs&caps=asr&opi=112496729&xoaf=5&xowf=1&xospf=1&hl=en&ip=0.0.0.0&ipbits=0&expire=1767386943&sparams=ip%2Cipbits%2Cexpire%2Cv%2Cei%2Ccaps%2Copi%2Cxoaf&signature=31ACC713C92BF468B0604D892289468DE459EB82.25E594A16AE4D763A16583FBA9E0634898D041F5&key=yt8&kind=asr&lang=pl&variant=ec&tlang=eo&fmt=vtt\", \"name\": \"Esperanto\", \"impersonate\": true, \"__yt_dlp_client\": \"tv_downgraded\"}], \"et\": [{\"ext\": \"json3\", \"url\": \"https://www.youtube.com/api/timedtext?v=ezv5DuvCk0E&ei=z8xXafHFHv6Z6dsP-9P_uAs&caps=asr&opi=112496729&xoaf=5&xowf=1&xospf=1&hl=en&ip=0.0.0.0&ipbits=0&expire=1767386943&sparams=ip%2Cipbits%2Cexpire%2Cv%2Cei%2Ccaps%2Copi%2Cxoaf&signature=31ACC713C92BF468B0604D892289468DE459EB82.25E594A16AE4D763A16583FBA9E0634898D041F5&key=yt8&kind=asr&lang=pl&variant=ec&tlang=et&fmt=json3\", \"name\": \"Estonian\", \"impersonate\": true, \"__yt_dlp_client\": \"tv_downgraded\"}, {\"ext\": \"srv1\", \"url\": \"https://www.youtube.com/api/timedtext?v=ezv5DuvCk0E&ei=z8xXafHFHv6Z6dsP-9P_uAs&caps=asr&opi=112496729&xoaf=5&xowf=1&xospf=1&hl=en&ip=0.0.0.0&ipbits=0&expire=1767386943&sparams=ip%2Cipbits%2Cexpire%2Cv%2Cei%2Ccaps%2Copi%2Cxoaf&signature=31ACC713C92BF468B0604D892289468DE459EB82.25E594A16AE4D763A16583FBA9E0634898D041F5&key=yt8&kind=asr&lang=pl&variant=ec&tlang=et&fmt=srv1\", \"name\": \"Estonian\", \"impersonate\": true, \"__yt_dlp_client\": \"tv_downgraded\"}, {\"ext\": \"srv2\", \"url\": \"https://www.youtube.com/api/timedtext?v=ezv5DuvCk0E&ei=z8xXafHFHv6Z6dsP-9P_uAs&caps=asr&opi=112496729&xoaf=5&xowf=1&xospf=1&hl=en&ip=0.0.0.0&ipbits=0&expire=1767386943&sparams=ip%2Cipbits%2Cexpire%2Cv%2Cei%2Ccaps%2Copi%2Cxoaf&signature=31ACC713C92BF468B0604D892289468DE459EB82.25E594A16AE4D763A16583FBA9E0634898D041F5&key=yt8&kind=asr&lang=pl&variant=ec&tlang=et&fmt=srv2\", \"name\": \"Estonian\", \"impersonate\": true, \"__yt_dlp_client\": \"tv_downgraded\"}, {\"ext\": \"srv3\", \"url\": \"https://www.youtube.com/api/timedtext?v=ezv5DuvCk0E&ei=z8xXafHFHv6Z6dsP-9P_uAs&caps=asr&opi=112496729&xoaf=5&xowf=1&xospf=1&hl=en&ip=0.0.0.0&ipbits=0&expire=1767386943&sparams=ip%2Cipbits%2Cexpire%2Cv%2Cei%2Ccaps%2Copi%2Cxoaf&signature=31ACC713C92BF468B0604D892289468DE459EB82.25E594A16AE4D763A16583FBA9E0634898D041F5&key=yt8&kind=asr&lang=pl&variant=ec&tlang=et&fmt=srv3\", \"name\": \"Estonian\", \"impersonate\": true, \"__yt_dlp_client\": \"tv_downgraded\"}, {\"ext\": \"ttml\", \"url\": \"https://www.youtube.com/api/timedtext?v=ezv5DuvCk0E&ei=z8xXafHFHv6Z6dsP-9P_uAs&caps=asr&opi=112496729&xoaf=5&xowf=1&xospf=1&hl=en&ip=0.0.0.0&ipbits=0&expire=1767386943&sparams=ip%2Cipbits%2Cexpire%2Cv%2Cei%2Ccaps%2Copi%2Cxoaf&signature=31ACC713C92BF468B0604D892289468DE459EB82.25E594A16AE4D763A16583FBA9E0634898D041F5&key=yt8&kind=asr&lang=pl&variant=ec&tlang=et&fmt=ttml\", \"name\": \"Estonian\", \"impersonate\": true, \"__yt_dlp_client\": \"tv_downgraded\"}, {\"ext\": \"srt\", \"url\": \"https://www.youtube.com/api/timedtext?v=ezv5DuvCk0E&ei=z8xXafHFHv6Z6dsP-9P_uAs&caps=asr&opi=112496729&xoaf=5&xowf=1&xospf=1&hl=en&ip=0.0.0.0&ipbits=0&expire=1767386943&sparams=ip%2Cipbits%2Cexpire%2Cv%2Cei%2Ccaps%2Copi%2Cxoaf&signature=31ACC713C92BF468B0604D892289468DE459EB82.25E594A16AE4D763A16583FBA9E0634898D041F5&key=yt8&kind=asr&lang=pl&variant=ec&tlang=et&fmt=srt\", \"name\": \"Estonian\", \"impersonate\": true, \"__yt_dlp_client\": \"tv_downgraded\"}, {\"ext\": \"vtt\", \"url\": \"https://www.youtube.com/api/timedtext?v=ezv5DuvCk0E&ei=z8xXafHFHv6Z6dsP-9P_uAs&caps=asr&opi=112496729&xoaf=5&xowf=1&xospf=1&hl=en&ip=0.0.0.0&ipbits=0&expire=1767386943&sparams=ip%2Cipbits%2Cexpire%2Cv%2Cei%2Ccaps%2Copi%2Cxoaf&signature=31ACC713C92BF468B0604D892289468DE459EB82.25E594A16AE4D763A16583FBA9E0634898D041F5&key=yt8&kind=asr&lang=pl&variant=ec&tlang=et&fmt=vtt\", \"name\": \"Estonian\", \"impersonate\": true, \"__yt_dlp_client\": \"tv_downgraded\"}], \"ee\": [{\"ext\": \"json3\", \"url\": \"https://www.youtube.com/api/timedtext?v=ezv5DuvCk0E&ei=z8xXafHFHv6Z6dsP-9P_uAs&caps=asr&opi=112496729&xoaf=5&xowf=1&xospf=1&hl=en&ip=0.0.0.0&ipbits=0&expire=1767386943&sparams=ip%2Cipbits%2Cexpire%2Cv%2Cei%2Ccaps%2Copi%2Cxoaf&signature=31ACC713C92BF468B0604D892289468DE459EB82.25E594A16AE4D763A16583FBA9E0634898D041F5&key=yt8&kind=asr&lang=pl&variant=ec&tlang=ee&fmt=json3\", \"name\": \"Ewe\", \"impersonate\": true, \"__yt_dlp_client\": \"tv_downgraded\"}, {\"ext\": \"srv1\", \"url\": \"https://www.youtube.com/api/timedtext?v=ezv5DuvCk0E&ei=z8xXafHFHv6Z6dsP-9P_uAs&caps=asr&opi=112496729&xoaf=5&xowf=1&xospf=1&hl=en&ip=0.0.0.0&ipbits=0&expire=1767386943&sparams=ip%2Cipbits%2Cexpire%2Cv%2Cei%2Ccaps%2Copi%2Cxoaf&signature=31ACC713C92BF468B0604D892289468DE459EB82.25E594A16AE4D763A16583FBA9E0634898D041F5&key=yt8&kind=asr&lang=pl&variant=ec&tlang=ee&fmt=srv1\", \"name\": \"Ewe\", \"impersonate\": true, \"__yt_dlp_client\": \"tv_downgraded\"}, {\"ext\": \"srv2\", \"url\": \"https://www.youtube.com/api/timedtext?v=ezv5DuvCk0E&ei=z8xXafHFHv6Z6dsP-9P_uAs&caps=asr&opi=112496729&xoaf=5&xowf=1&xospf=1&hl=en&ip=0.0.0.0&ipbits=0&expire=1767386943&sparams=ip%2Cipbits%2Cexpire%2Cv%2Cei%2Ccaps%2Copi%2Cxoaf&signature=31ACC713C92BF468B0604D892289468DE459EB82.25E594A16AE4D763A16583FBA9E0634898D041F5&key=yt8&kind=asr&lang=pl&variant=ec&tlang=ee&fmt=srv2\", \"name\": \"Ewe\", \"impersonate\": true, \"__yt_dlp_client\": \"tv_downgraded\"}, {\"ext\": \"srv3\", \"url\": \"https://www.youtube.com/api/timedtext?v=ezv5DuvCk0E&ei=z8xXafHFHv6Z6dsP-9P_uAs&caps=asr&opi=112496729&xoaf=5&xowf=1&xospf=1&hl=en&ip=0.0.0.0&ipbits=0&expire=1767386943&sparams=ip%2Cipbits%2Cexpire%2Cv%2Cei%2Ccaps%2Copi%2Cxoaf&signature=31ACC713C92BF468B0604D892289468DE459EB82.25E594A16AE4D763A16583FBA9E0634898D041F5&key=yt8&kind=asr&lang=pl&variant=ec&tlang=ee&fmt=srv3\", \"name\": \"Ewe\", \"impersonate\": true, \"__yt_dlp_client\": \"tv_downgraded\"}, {\"ext\": \"ttml\", \"url\": \"https://www.youtube.com/api/timedtext?v=ezv5DuvCk0E&ei=z8xXafHFHv6Z6dsP-9P_uAs&caps=asr&opi=112496729&xoaf=5&xowf=1&xospf=1&hl=en&ip=0.0.0.0&ipbits=0&expire=1767386943&sparams=ip%2Cipbits%2Cexpire%2Cv%2Cei%2Ccaps%2Copi%2Cxoaf&signature=31ACC713C92BF468B0604D892289468DE459EB82.25E594A16AE4D763A16583FBA9E0634898D041F5&key=yt8&kind=asr&lang=pl&variant=ec&tlang=ee&fmt=ttml\", \"name\": \"Ewe\", \"impersonate\": true, \"__yt_dlp_client\": \"tv_downgraded\"}, {\"ext\": \"srt\", \"url\": \"https://www.youtube.com/api/timedtext?v=ezv5DuvCk0E&ei=z8xXafHFHv6Z6dsP-9P_uAs&caps=asr&opi=112496729&xoaf=5&xowf=1&xospf=1&hl=en&ip=0.0.0.0&ipbits=0&expire=1767386943&sparams=ip%2Cipbits%2Cexpire%2Cv%2Cei%2Ccaps%2Copi%2Cxoaf&signature=31ACC713C92BF468B0604D892289468DE459EB82.25E594A16AE4D763A16583FBA9E0634898D041F5&key=yt8&kind=asr&lang=pl&variant=ec&tlang=ee&fmt=srt\", \"name\": \"Ewe\", \"impersonate\": true, \"__yt_dlp_client\": \"tv_downgraded\"}, {\"ext\": \"vtt\", \"url\": \"https://www.youtube.com/api/timedtext?v=ezv5DuvCk0E&ei=z8xXafHFHv6Z6dsP-9P_uAs&caps=asr&opi=112496729&xoaf=5&xowf=1&xospf=1&hl=en&ip=0.0.0.0&ipbits=0&expire=1767386943&sparams=ip%2Cipbits%2Cexpire%2Cv%2Cei%2Ccaps%2Copi%2Cxoaf&signature=31ACC713C92BF468B0604D892289468DE459EB82.25E594A16AE4D763A16583FBA9E0634898D041F5&key=yt8&kind=asr&lang=pl&variant=ec&tlang=ee&fmt=vtt\", \"name\": \"Ewe\", \"impersonate\": true, \"__yt_dlp_client\": \"tv_downgraded\"}], \"fo\": [{\"ext\": \"json3\", \"url\": \"https://www.youtube.com/api/timedtext?v=ezv5DuvCk0E&ei=z8xXafHFHv6Z6dsP-9P_uAs&caps=asr&opi=112496729&xoaf=5&xowf=1&xospf=1&hl=en&ip=0.0.0.0&ipbits=0&expire=1767386943&sparams=ip%2Cipbits%2Cexpire%2Cv%2Cei%2Ccaps%2Copi%2Cxoaf&signature=31ACC713C92BF468B0604D892289468DE459EB82.25E594A16AE4D763A16583FBA9E0634898D041F5&key=yt8&kind=asr&lang=pl&variant=ec&tlang=fo&fmt=json3\", \"name\": \"Faroese\", \"impersonate\": true, \"__yt_dlp_client\": \"tv_downgraded\"}, {\"ext\": \"srv1\", \"url\": \"https://www.youtube.com/api/timedtext?v=ezv5DuvCk0E&ei=z8xXafHFHv6Z6dsP-9P_uAs&caps=asr&opi=112496729&xoaf=5&xowf=1&xospf=1&hl=en&ip=0.0.0.0&ipbits=0&expire=1767386943&sparams=ip%2Cipbits%2Cexpire%2Cv%2Cei%2Ccaps%2Copi%2Cxoaf&signature=31ACC713C92BF468B0604D892289468DE459EB82.25E594A16AE4D763A16583FBA9E0634898D041F5&key=yt8&kind=asr&lang=pl&variant=ec&tlang=fo&fmt=srv1\", \"name\": \"Faroese\", \"impersonate\": true, \"__yt_dlp_client\": \"tv_downgraded\"}, {\"ext\": \"srv2\", \"url\": \"https://www.youtube.com/api/timedtext?v=ezv5DuvCk0E&ei=z8xXafHFHv6Z6dsP-9P_uAs&caps=asr&opi=112496729&xoaf=5&xowf=1&xospf=1&hl=en&ip=0.0.0.0&ipbits=0&expire=1767386943&sparams=ip%2Cipbits%2Cexpire%2Cv%2Cei%2Ccaps%2Copi%2Cxoaf&signature=31ACC713C92BF468B0604D892289468DE459EB82.25E594A16AE4D763A16583FBA9E0634898D041F5&key=yt8&kind=asr&lang=pl&variant=ec&tlang=fo&fmt=srv2\", \"name\": \"Faroese\", \"impersonate\": true, \"__yt_dlp_client\": \"tv_downgraded\"}, {\"ext\": \"srv3\", \"url\": \"https://www.youtube.com/api/timedtext?v=ezv5DuvCk0E&ei=z8xXafHFHv6Z6dsP-9P_uAs&caps=asr&opi=112496729&xoaf=5&xowf=1&xospf=1&hl=en&ip=0.0.0.0&ipbits=0&expire=1767386943&sparams=ip%2Cipbits%2Cexpire%2Cv%2Cei%2Ccaps%2Copi%2Cxoaf&signature=31ACC713C92BF468B0604D892289468DE459EB82.25E594A16AE4D763A16583FBA9E0634898D041F5&key=yt8&kind=asr&lang=pl&variant=ec&tlang=fo&fmt=srv3\", \"name\": \"Faroese\", \"impersonate\": true, \"__yt_dlp_client\": \"tv_downgraded\"}, {\"ext\": \"ttml\", \"url\": \"https://www.youtube.com/api/timedtext?v=ezv5DuvCk0E&ei=z8xXafHFHv6Z6dsP-9P_uAs&caps=asr&opi=112496729&xoaf=5&xowf=1&xospf=1&hl=en&ip=0.0.0.0&ipbits=0&expire=1767386943&sparams=ip%2Cipbits%2Cexpire%2Cv%2Cei%2Ccaps%2Copi%2Cxoaf&signature=31ACC713C92BF468B0604D892289468DE459EB82.25E594A16AE4D763A16583FBA9E0634898D041F5&key=yt8&kind=asr&lang=pl&variant=ec&tlang=fo&fmt=ttml\", \"name\": \"Faroese\", \"impersonate\": true, \"__yt_dlp_client\": \"tv_downgraded\"}, {\"ext\": \"srt\", \"url\": \"https://www.youtube.com/api/timedtext?v=ezv5DuvCk0E&ei=z8xXafHFHv6Z6dsP-9P_uAs&caps=asr&opi=112496729&xoaf=5&xowf=1&xospf=1&hl=en&ip=0.0.0.0&ipbits=0&expire=1767386943&sparams=ip%2Cipbits%2Cexpire%2Cv%2Cei%2Ccaps%2Copi%2Cxoaf&signature=31ACC713C92BF468B0604D892289468DE459EB82.25E594A16AE4D763A16583FBA9E0634898D041F5&key=yt8&kind=asr&lang=pl&variant=ec&tlang=fo&fmt=srt\", \"name\": \"Faroese\", \"impersonate\": true, \"__yt_dlp_client\": \"tv_downgraded\"}, {\"ext\": \"vtt\", \"url\": \"https://www.youtube.com/api/timedtext?v=ezv5DuvCk0E&ei=z8xXafHFHv6Z6dsP-9P_uAs&caps=asr&opi=112496729&xoaf=5&xowf=1&xospf=1&hl=en&ip=0.0.0.0&ipbits=0&expire=1767386943&sparams=ip%2Cipbits%2Cexpire%2Cv%2Cei%2Ccaps%2Copi%2Cxoaf&signature=31ACC713C92BF468B0604D892289468DE459EB82.25E594A16AE4D763A16583FBA9E0634898D041F5&key=yt8&kind=asr&lang=pl&variant=ec&tlang=fo&fmt=vtt\", \"name\": \"Faroese\", \"impersonate\": true, \"__yt_dlp_client\": \"tv_downgraded\"}], \"fj\": [{\"ext\": \"json3\", \"url\": \"https://www.youtube.com/api/timedtext?v=ezv5DuvCk0E&ei=z8xXafHFHv6Z6dsP-9P_uAs&caps=asr&opi=112496729&xoaf=5&xowf=1&xospf=1&hl=en&ip=0.0.0.0&ipbits=0&expire=1767386943&sparams=ip%2Cipbits%2Cexpire%2Cv%2Cei%2Ccaps%2Copi%2Cxoaf&signature=31ACC713C92BF468B0604D892289468DE459EB82.25E594A16AE4D763A16583FBA9E0634898D041F5&key=yt8&kind=asr&lang=pl&variant=ec&tlang=fj&fmt=json3\", \"name\": \"Fijian\", \"impersonate\": true, \"__yt_dlp_client\": \"tv_downgraded\"}, {\"ext\": \"srv1\", \"url\": \"https://www.youtube.com/api/timedtext?v=ezv5DuvCk0E&ei=z8xXafHFHv6Z6dsP-9P_uAs&caps=asr&opi=112496729&xoaf=5&xowf=1&xospf=1&hl=en&ip=0.0.0.0&ipbits=0&expire=1767386943&sparams=ip%2Cipbits%2Cexpire%2Cv%2Cei%2Ccaps%2Copi%2Cxoaf&signature=31ACC713C92BF468B0604D892289468DE459EB82.25E594A16AE4D763A16583FBA9E0634898D041F5&key=yt8&kind=asr&lang=pl&variant=ec&tlang=fj&fmt=srv1\", \"name\": \"Fijian\", \"impersonate\": true, \"__yt_dlp_client\": \"tv_downgraded\"}, {\"ext\": \"srv2\", \"url\": \"https://www.youtube.com/api/timedtext?v=ezv5DuvCk0E&ei=z8xXafHFHv6Z6dsP-9P_uAs&caps=asr&opi=112496729&xoaf=5&xowf=1&xospf=1&hl=en&ip=0.0.0.0&ipbits=0&expire=1767386943&sparams=ip%2Cipbits%2Cexpire%2Cv%2Cei%2Ccaps%2Copi%2Cxoaf&signature=31ACC713C92BF468B0604D892289468DE459EB82.25E594A16AE4D763A16583FBA9E0634898D041F5&key=yt8&kind=asr&lang=pl&variant=ec&tlang=fj&fmt=srv2\", \"name\": \"Fijian\", \"impersonate\": true, \"__yt_dlp_client\": \"tv_downgraded\"}, {\"ext\": \"srv3\", \"url\": \"https://www.youtube.com/api/timedtext?v=ezv5DuvCk0E&ei=z8xXafHFHv6Z6dsP-9P_uAs&caps=asr&opi=112496729&xoaf=5&xowf=1&xospf=1&hl=en&ip=0.0.0.0&ipbits=0&expire=1767386943&sparams=ip%2Cipbits%2Cexpire%2Cv%2Cei%2Ccaps%2Copi%2Cxoaf&signature=31ACC713C92BF468B0604D892289468DE459EB82.25E594A16AE4D763A16583FBA9E0634898D041F5&key=yt8&kind=asr&lang=pl&variant=ec&tlang=fj&fmt=srv3\", \"name\": \"Fijian\", \"impersonate\": true, \"__yt_dlp_client\": \"tv_downgraded\"}, {\"ext\": \"ttml\", \"url\": \"https://www.youtube.com/api/timedtext?v=ezv5DuvCk0E&ei=z8xXafHFHv6Z6dsP-9P_uAs&caps=asr&opi=112496729&xoaf=5&xowf=1&xospf=1&hl=en&ip=0.0.0.0&ipbits=0&expire=1767386943&sparams=ip%2Cipbits%2Cexpire%2Cv%2Cei%2Ccaps%2Copi%2Cxoaf&signature=31ACC713C92BF468B0604D892289468DE459EB82.25E594A16AE4D763A16583FBA9E0634898D041F5&key=yt8&kind=asr&lang=pl&variant=ec&tlang=fj&fmt=ttml\", \"name\": \"Fijian\", \"impersonate\": true, \"__yt_dlp_client\": \"tv_downgraded\"}, {\"ext\": \"srt\", \"url\": \"https://www.youtube.com/api/timedtext?v=ezv5DuvCk0E&ei=z8xXafHFHv6Z6dsP-9P_uAs&caps=asr&opi=112496729&xoaf=5&xowf=1&xospf=1&hl=en&ip=0.0.0.0&ipbits=0&expire=1767386943&sparams=ip%2Cipbits%2Cexpire%2Cv%2Cei%2Ccaps%2Copi%2Cxoaf&signature=31ACC713C92BF468B0604D892289468DE459EB82.25E594A16AE4D763A16583FBA9E0634898D041F5&key=yt8&kind=asr&lang=pl&variant=ec&tlang=fj&fmt=srt\", \"name\": \"Fijian\", \"impersonate\": true, \"__yt_dlp_client\": \"tv_downgraded\"}, {\"ext\": \"vtt\", \"url\": \"https://www.youtube.com/api/timedtext?v=ezv5DuvCk0E&ei=z8xXafHFHv6Z6dsP-9P_uAs&caps=asr&opi=112496729&xoaf=5&xowf=1&xospf=1&hl=en&ip=0.0.0.0&ipbits=0&expire=1767386943&sparams=ip%2Cipbits%2Cexpire%2Cv%2Cei%2Ccaps%2Copi%2Cxoaf&signature=31ACC713C92BF468B0604D892289468DE459EB82.25E594A16AE4D763A16583FBA9E0634898D041F5&key=yt8&kind=asr&lang=pl&variant=ec&tlang=fj&fmt=vtt\", \"name\": \"Fijian\", \"impersonate\": true, \"__yt_dlp_client\": \"tv_downgraded\"}], \"fil\": [{\"ext\": \"json3\", \"url\": \"https://www.youtube.com/api/timedtext?v=ezv5DuvCk0E&ei=z8xXafHFHv6Z6dsP-9P_uAs&caps=asr&opi=112496729&xoaf=5&xowf=1&xospf=1&hl=en&ip=0.0.0.0&ipbits=0&expire=1767386943&sparams=ip%2Cipbits%2Cexpire%2Cv%2Cei%2Ccaps%2Copi%2Cxoaf&signature=31ACC713C92BF468B0604D892289468DE459EB82.25E594A16AE4D763A16583FBA9E0634898D041F5&key=yt8&kind=asr&lang=pl&variant=ec&tlang=fil&fmt=json3\", \"name\": \"Filipino\", \"impersonate\": true, \"__yt_dlp_client\": \"tv_downgraded\"}, {\"ext\": \"srv1\", \"url\": \"https://www.youtube.com/api/timedtext?v=ezv5DuvCk0E&ei=z8xXafHFHv6Z6dsP-9P_uAs&caps=asr&opi=112496729&xoaf=5&xowf=1&xospf=1&hl=en&ip=0.0.0.0&ipbits=0&expire=1767386943&sparams=ip%2Cipbits%2Cexpire%2Cv%2Cei%2Ccaps%2Copi%2Cxoaf&signature=31ACC713C92BF468B0604D892289468DE459EB82.25E594A16AE4D763A16583FBA9E0634898D041F5&key=yt8&kind=asr&lang=pl&variant=ec&tlang=fil&fmt=srv1\", \"name\": \"Filipino\", \"impersonate\": true, \"__yt_dlp_client\": \"tv_downgraded\"}, {\"ext\": \"srv2\", \"url\": \"https://www.youtube.com/api/timedtext?v=ezv5DuvCk0E&ei=z8xXafHFHv6Z6dsP-9P_uAs&caps=asr&opi=112496729&xoaf=5&xowf=1&xospf=1&hl=en&ip=0.0.0.0&ipbits=0&expire=1767386943&sparams=ip%2Cipbits%2Cexpire%2Cv%2Cei%2Ccaps%2Copi%2Cxoaf&signature=31ACC713C92BF468B0604D892289468DE459EB82.25E594A16AE4D763A16583FBA9E0634898D041F5&key=yt8&kind=asr&lang=pl&variant=ec&tlang=fil&fmt=srv2\", \"name\": \"Filipino\", \"impersonate\": true, \"__yt_dlp_client\": \"tv_downgraded\"}, {\"ext\": \"srv3\", \"url\": \"https://www.youtube.com/api/timedtext?v=ezv5DuvCk0E&ei=z8xXafHFHv6Z6dsP-9P_uAs&caps=asr&opi=112496729&xoaf=5&xowf=1&xospf=1&hl=en&ip=0.0.0.0&ipbits=0&expire=1767386943&sparams=ip%2Cipbits%2Cexpire%2Cv%2Cei%2Ccaps%2Copi%2Cxoaf&signature=31ACC713C92BF468B0604D892289468DE459EB82.25E594A16AE4D763A16583FBA9E0634898D041F5&key=yt8&kind=asr&lang=pl&variant=ec&tlang=fil&fmt=srv3\", \"name\": \"Filipino\", \"impersonate\": true, \"__yt_dlp_client\": \"tv_downgraded\"}, {\"ext\": \"ttml\", \"url\": \"https://www.youtube.com/api/timedtext?v=ezv5DuvCk0E&ei=z8xXafHFHv6Z6dsP-9P_uAs&caps=asr&opi=112496729&xoaf=5&xowf=1&xospf=1&hl=en&ip=0.0.0.0&ipbits=0&expire=1767386943&sparams=ip%2Cipbits%2Cexpire%2Cv%2Cei%2Ccaps%2Copi%2Cxoaf&signature=31ACC713C92BF468B0604D892289468DE459EB82.25E594A16AE4D763A16583FBA9E0634898D041F5&key=yt8&kind=asr&lang=pl&variant=ec&tlang=fil&fmt=ttml\", \"name\": \"Filipino\", \"impersonate\": true, \"__yt_dlp_client\": \"tv_downgraded\"}, {\"ext\": \"srt\", \"url\": \"https://www.youtube.com/api/timedtext?v=ezv5DuvCk0E&ei=z8xXafHFHv6Z6dsP-9P_uAs&caps=asr&opi=112496729&xoaf=5&xowf=1&xospf=1&hl=en&ip=0.0.0.0&ipbits=0&expire=1767386943&sparams=ip%2Cipbits%2Cexpire%2Cv%2Cei%2Ccaps%2Copi%2Cxoaf&signature=31ACC713C92BF468B0604D892289468DE459EB82.25E594A16AE4D763A16583FBA9E0634898D041F5&key=yt8&kind=asr&lang=pl&variant=ec&tlang=fil&fmt=srt\", \"name\": \"Filipino\", \"impersonate\": true, \"__yt_dlp_client\": \"tv_downgraded\"}, {\"ext\": \"vtt\", \"url\": \"https://www.youtube.com/api/timedtext?v=ezv5DuvCk0E&ei=z8xXafHFHv6Z6dsP-9P_uAs&caps=asr&opi=112496729&xoaf=5&xowf=1&xospf=1&hl=en&ip=0.0.0.0&ipbits=0&expire=1767386943&sparams=ip%2Cipbits%2Cexpire%2Cv%2Cei%2Ccaps%2Copi%2Cxoaf&signature=31ACC713C92BF468B0604D892289468DE459EB82.25E594A16AE4D763A16583FBA9E0634898D041F5&key=yt8&kind=asr&lang=pl&variant=ec&tlang=fil&fmt=vtt\", \"name\": \"Filipino\", \"impersonate\": true, \"__yt_dlp_client\": \"tv_downgraded\"}], \"fi\": [{\"ext\": \"json3\", \"url\": \"https://www.youtube.com/api/timedtext?v=ezv5DuvCk0E&ei=z8xXafHFHv6Z6dsP-9P_uAs&caps=asr&opi=112496729&xoaf=5&xowf=1&xospf=1&hl=en&ip=0.0.0.0&ipbits=0&expire=1767386943&sparams=ip%2Cipbits%2Cexpire%2Cv%2Cei%2Ccaps%2Copi%2Cxoaf&signature=31ACC713C92BF468B0604D892289468DE459EB82.25E594A16AE4D763A16583FBA9E0634898D041F5&key=yt8&kind=asr&lang=pl&variant=ec&tlang=fi&fmt=json3\", \"name\": \"Finnish\", \"impersonate\": true, \"__yt_dlp_client\": \"tv_downgraded\"}, {\"ext\": \"srv1\", \"url\": \"https://www.youtube.com/api/timedtext?v=ezv5DuvCk0E&ei=z8xXafHFHv6Z6dsP-9P_uAs&caps=asr&opi=112496729&xoaf=5&xowf=1&xospf=1&hl=en&ip=0.0.0.0&ipbits=0&expire=1767386943&sparams=ip%2Cipbits%2Cexpire%2Cv%2Cei%2Ccaps%2Copi%2Cxoaf&signature=31ACC713C92BF468B0604D892289468DE459EB82.25E594A16AE4D763A16583FBA9E0634898D041F5&key=yt8&kind=asr&lang=pl&variant=ec&tlang=fi&fmt=srv1\", \"name\": \"Finnish\", \"impersonate\": true, \"__yt_dlp_client\": \"tv_downgraded\"}, {\"ext\": \"srv2\", \"url\": \"https://www.youtube.com/api/timedtext?v=ezv5DuvCk0E&ei=z8xXafHFHv6Z6dsP-9P_uAs&caps=asr&opi=112496729&xoaf=5&xowf=1&xospf=1&hl=en&ip=0.0.0.0&ipbits=0&expire=1767386943&sparams=ip%2Cipbits%2Cexpire%2Cv%2Cei%2Ccaps%2Copi%2Cxoaf&signature=31ACC713C92BF468B0604D892289468DE459EB82.25E594A16AE4D763A16583FBA9E0634898D041F5&key=yt8&kind=asr&lang=pl&variant=ec&tlang=fi&fmt=srv2\", \"name\": \"Finnish\", \"impersonate\": true, \"__yt_dlp_client\": \"tv_downgraded\"}, {\"ext\": \"srv3\", \"url\": \"https://www.youtube.com/api/timedtext?v=ezv5DuvCk0E&ei=z8xXafHFHv6Z6dsP-9P_uAs&caps=asr&opi=112496729&xoaf=5&xowf=1&xospf=1&hl=en&ip=0.0.0.0&ipbits=0&expire=1767386943&sparams=ip%2Cipbits%2Cexpire%2Cv%2Cei%2Ccaps%2Copi%2Cxoaf&signature=31ACC713C92BF468B0604D892289468DE459EB82.25E594A16AE4D763A16583FBA9E0634898D041F5&key=yt8&kind=asr&lang=pl&variant=ec&tlang=fi&fmt=srv3\", \"name\": \"Finnish\", \"impersonate\": true, \"__yt_dlp_client\": \"tv_downgraded\"}, {\"ext\": \"ttml\", \"url\": \"https://www.youtube.com/api/timedtext?v=ezv5DuvCk0E&ei=z8xXafHFHv6Z6dsP-9P_uAs&caps=asr&opi=112496729&xoaf=5&xowf=1&xospf=1&hl=en&ip=0.0.0.0&ipbits=0&expire=1767386943&sparams=ip%2Cipbits%2Cexpire%2Cv%2Cei%2Ccaps%2Copi%2Cxoaf&signature=31ACC713C92BF468B0604D892289468DE459EB82.25E594A16AE4D763A16583FBA9E0634898D041F5&key=yt8&kind=asr&lang=pl&variant=ec&tlang=fi&fmt=ttml\", \"name\": \"Finnish\", \"impersonate\": true, \"__yt_dlp_client\": \"tv_downgraded\"}, {\"ext\": \"srt\", \"url\": \"https://www.youtube.com/api/timedtext?v=ezv5DuvCk0E&ei=z8xXafHFHv6Z6dsP-9P_uAs&caps=asr&opi=112496729&xoaf=5&xowf=1&xospf=1&hl=en&ip=0.0.0.0&ipbits=0&expire=1767386943&sparams=ip%2Cipbits%2Cexpire%2Cv%2Cei%2Ccaps%2Copi%2Cxoaf&signature=31ACC713C92BF468B0604D892289468DE459EB82.25E594A16AE4D763A16583FBA9E0634898D041F5&key=yt8&kind=asr&lang=pl&variant=ec&tlang=fi&fmt=srt\", \"name\": \"Finnish\", \"impersonate\": true, \"__yt_dlp_client\": \"tv_downgraded\"}, {\"ext\": \"vtt\", \"url\": \"https://www.youtube.com/api/timedtext?v=ezv5DuvCk0E&ei=z8xXafHFHv6Z6dsP-9P_uAs&caps=asr&opi=112496729&xoaf=5&xowf=1&xospf=1&hl=en&ip=0.0.0.0&ipbits=0&expire=1767386943&sparams=ip%2Cipbits%2Cexpire%2Cv%2Cei%2Ccaps%2Copi%2Cxoaf&signature=31ACC713C92BF468B0604D892289468DE459EB82.25E594A16AE4D763A16583FBA9E0634898D041F5&key=yt8&kind=asr&lang=pl&variant=ec&tlang=fi&fmt=vtt\", \"name\": \"Finnish\", \"impersonate\": true, \"__yt_dlp_client\": \"tv_downgraded\"}], \"fr\": [{\"ext\": \"json3\", \"url\": \"https://www.youtube.com/api/timedtext?v=ezv5DuvCk0E&ei=z8xXafHFHv6Z6dsP-9P_uAs&caps=asr&opi=112496729&xoaf=5&xowf=1&xospf=1&hl=en&ip=0.0.0.0&ipbits=0&expire=1767386943&sparams=ip%2Cipbits%2Cexpire%2Cv%2Cei%2Ccaps%2Copi%2Cxoaf&signature=31ACC713C92BF468B0604D892289468DE459EB82.25E594A16AE4D763A16583FBA9E0634898D041F5&key=yt8&kind=asr&lang=pl&variant=ec&tlang=fr&fmt=json3\", \"name\": \"French\", \"impersonate\": true, \"__yt_dlp_client\": \"tv_downgraded\"}, {\"ext\": \"srv1\", \"url\": \"https://www.youtube.com/api/timedtext?v=ezv5DuvCk0E&ei=z8xXafHFHv6Z6dsP-9P_uAs&caps=asr&opi=112496729&xoaf=5&xowf=1&xospf=1&hl=en&ip=0.0.0.0&ipbits=0&expire=1767386943&sparams=ip%2Cipbits%2Cexpire%2Cv%2Cei%2Ccaps%2Copi%2Cxoaf&signature=31ACC713C92BF468B0604D892289468DE459EB82.25E594A16AE4D763A16583FBA9E0634898D041F5&key=yt8&kind=asr&lang=pl&variant=ec&tlang=fr&fmt=srv1\", \"name\": \"French\", \"impersonate\": true, \"__yt_dlp_client\": \"tv_downgraded\"}, {\"ext\": \"srv2\", \"url\": \"https://www.youtube.com/api/timedtext?v=ezv5DuvCk0E&ei=z8xXafHFHv6Z6dsP-9P_uAs&caps=asr&opi=112496729&xoaf=5&xowf=1&xospf=1&hl=en&ip=0.0.0.0&ipbits=0&expire=1767386943&sparams=ip%2Cipbits%2Cexpire%2Cv%2Cei%2Ccaps%2Copi%2Cxoaf&signature=31ACC713C92BF468B0604D892289468DE459EB82.25E594A16AE4D763A16583FBA9E0634898D041F5&key=yt8&kind=asr&lang=pl&variant=ec&tlang=fr&fmt=srv2\", \"name\": \"French\", \"impersonate\": true, \"__yt_dlp_client\": \"tv_downgraded\"}, {\"ext\": \"srv3\", \"url\": \"https://www.youtube.com/api/timedtext?v=ezv5DuvCk0E&ei=z8xXafHFHv6Z6dsP-9P_uAs&caps=asr&opi=112496729&xoaf=5&xowf=1&xospf=1&hl=en&ip=0.0.0.0&ipbits=0&expire=1767386943&sparams=ip%2Cipbits%2Cexpire%2Cv%2Cei%2Ccaps%2Copi%2Cxoaf&signature=31ACC713C92BF468B0604D892289468DE459EB82.25E594A16AE4D763A16583FBA9E0634898D041F5&key=yt8&kind=asr&lang=pl&variant=ec&tlang=fr&fmt=srv3\", \"name\": \"French\", \"impersonate\": true, \"__yt_dlp_client\": \"tv_downgraded\"}, {\"ext\": \"ttml\", \"url\": \"https://www.youtube.com/api/timedtext?v=ezv5DuvCk0E&ei=z8xXafHFHv6Z6dsP-9P_uAs&caps=asr&opi=112496729&xoaf=5&xowf=1&xospf=1&hl=en&ip=0.0.0.0&ipbits=0&expire=1767386943&sparams=ip%2Cipbits%2Cexpire%2Cv%2Cei%2Ccaps%2Copi%2Cxoaf&signature=31ACC713C92BF468B0604D892289468DE459EB82.25E594A16AE4D763A16583FBA9E0634898D041F5&key=yt8&kind=asr&lang=pl&variant=ec&tlang=fr&fmt=ttml\", \"name\": \"French\", \"impersonate\": true, \"__yt_dlp_client\": \"tv_downgraded\"}, {\"ext\": \"srt\", \"url\": \"https://www.youtube.com/api/timedtext?v=ezv5DuvCk0E&ei=z8xXafHFHv6Z6dsP-9P_uAs&caps=asr&opi=112496729&xoaf=5&xowf=1&xospf=1&hl=en&ip=0.0.0.0&ipbits=0&expire=1767386943&sparams=ip%2Cipbits%2Cexpire%2Cv%2Cei%2Ccaps%2Copi%2Cxoaf&signature=31ACC713C92BF468B0604D892289468DE459EB82.25E594A16AE4D763A16583FBA9E0634898D041F5&key=yt8&kind=asr&lang=pl&variant=ec&tlang=fr&fmt=srt\", \"name\": \"French\", \"impersonate\": true, \"__yt_dlp_client\": \"tv_downgraded\"}, {\"ext\": \"vtt\", \"url\": \"https://www.youtube.com/api/timedtext?v=ezv5DuvCk0E&ei=z8xXafHFHv6Z6dsP-9P_uAs&caps=asr&opi=112496729&xoaf=5&xowf=1&xospf=1&hl=en&ip=0.0.0.0&ipbits=0&expire=1767386943&sparams=ip%2Cipbits%2Cexpire%2Cv%2Cei%2Ccaps%2Copi%2Cxoaf&signature=31ACC713C92BF468B0604D892289468DE459EB82.25E594A16AE4D763A16583FBA9E0634898D041F5&key=yt8&kind=asr&lang=pl&variant=ec&tlang=fr&fmt=vtt\", \"name\": \"French\", \"impersonate\": true, \"__yt_dlp_client\": \"tv_downgraded\"}], \"gaa\": [{\"ext\": \"json3\", \"url\": \"https://www.youtube.com/api/timedtext?v=ezv5DuvCk0E&ei=z8xXafHFHv6Z6dsP-9P_uAs&caps=asr&opi=112496729&xoaf=5&xowf=1&xospf=1&hl=en&ip=0.0.0.0&ipbits=0&expire=1767386943&sparams=ip%2Cipbits%2Cexpire%2Cv%2Cei%2Ccaps%2Copi%2Cxoaf&signature=31ACC713C92BF468B0604D892289468DE459EB82.25E594A16AE4D763A16583FBA9E0634898D041F5&key=yt8&kind=asr&lang=pl&variant=ec&tlang=gaa&fmt=json3\", \"name\": \"Ga\", \"impersonate\": true, \"__yt_dlp_client\": \"tv_downgraded\"}, {\"ext\": \"srv1\", \"url\": \"https://www.youtube.com/api/timedtext?v=ezv5DuvCk0E&ei=z8xXafHFHv6Z6dsP-9P_uAs&caps=asr&opi=112496729&xoaf=5&xowf=1&xospf=1&hl=en&ip=0.0.0.0&ipbits=0&expire=1767386943&sparams=ip%2Cipbits%2Cexpire%2Cv%2Cei%2Ccaps%2Copi%2Cxoaf&signature=31ACC713C92BF468B0604D892289468DE459EB82.25E594A16AE4D763A16583FBA9E0634898D041F5&key=yt8&kind=asr&lang=pl&variant=ec&tlang=gaa&fmt=srv1\", \"name\": \"Ga\", \"impersonate\": true, \"__yt_dlp_client\": \"tv_downgraded\"}, {\"ext\": \"srv2\", \"url\": \"https://www.youtube.com/api/timedtext?v=ezv5DuvCk0E&ei=z8xXafHFHv6Z6dsP-9P_uAs&caps=asr&opi=112496729&xoaf=5&xowf=1&xospf=1&hl=en&ip=0.0.0.0&ipbits=0&expire=1767386943&sparams=ip%2Cipbits%2Cexpire%2Cv%2Cei%2Ccaps%2Copi%2Cxoaf&signature=31ACC713C92BF468B0604D892289468DE459EB82.25E594A16AE4D763A16583FBA9E0634898D041F5&key=yt8&kind=asr&lang=pl&variant=ec&tlang=gaa&fmt=srv2\", \"name\": \"Ga\", \"impersonate\": true, \"__yt_dlp_client\": \"tv_downgraded\"}, {\"ext\": \"srv3\", \"url\": \"https://www.youtube.com/api/timedtext?v=ezv5DuvCk0E&ei=z8xXafHFHv6Z6dsP-9P_uAs&caps=asr&opi=112496729&xoaf=5&xowf=1&xospf=1&hl=en&ip=0.0.0.0&ipbits=0&expire=1767386943&sparams=ip%2Cipbits%2Cexpire%2Cv%2Cei%2Ccaps%2Copi%2Cxoaf&signature=31ACC713C92BF468B0604D892289468DE459EB82.25E594A16AE4D763A16583FBA9E0634898D041F5&key=yt8&kind=asr&lang=pl&variant=ec&tlang=gaa&fmt=srv3\", \"name\": \"Ga\", \"impersonate\": true, \"__yt_dlp_client\": \"tv_downgraded\"}, {\"ext\": \"ttml\", \"url\": \"https://www.youtube.com/api/timedtext?v=ezv5DuvCk0E&ei=z8xXafHFHv6Z6dsP-9P_uAs&caps=asr&opi=112496729&xoaf=5&xowf=1&xospf=1&hl=en&ip=0.0.0.0&ipbits=0&expire=1767386943&sparams=ip%2Cipbits%2Cexpire%2Cv%2Cei%2Ccaps%2Copi%2Cxoaf&signature=31ACC713C92BF468B0604D892289468DE459EB82.25E594A16AE4D763A16583FBA9E0634898D041F5&key=yt8&kind=asr&lang=pl&variant=ec&tlang=gaa&fmt=ttml\", \"name\": \"Ga\", \"impersonate\": true, \"__yt_dlp_client\": \"tv_downgraded\"}, {\"ext\": \"srt\", \"url\": \"https://www.youtube.com/api/timedtext?v=ezv5DuvCk0E&ei=z8xXafHFHv6Z6dsP-9P_uAs&caps=asr&opi=112496729&xoaf=5&xowf=1&xospf=1&hl=en&ip=0.0.0.0&ipbits=0&expire=1767386943&sparams=ip%2Cipbits%2Cexpire%2Cv%2Cei%2Ccaps%2Copi%2Cxoaf&signature=31ACC713C92BF468B0604D892289468DE459EB82.25E594A16AE4D763A16583FBA9E0634898D041F5&key=yt8&kind=asr&lang=pl&variant=ec&tlang=gaa&fmt=srt\", \"name\": \"Ga\", \"impersonate\": true, \"__yt_dlp_client\": \"tv_downgraded\"}, {\"ext\": \"vtt\", \"url\": \"https://www.youtube.com/api/timedtext?v=ezv5DuvCk0E&ei=z8xXafHFHv6Z6dsP-9P_uAs&caps=asr&opi=112496729&xoaf=5&xowf=1&xospf=1&hl=en&ip=0.0.0.0&ipbits=0&expire=1767386943&sparams=ip%2Cipbits%2Cexpire%2Cv%2Cei%2Ccaps%2Copi%2Cxoaf&signature=31ACC713C92BF468B0604D892289468DE459EB82.25E594A16AE4D763A16583FBA9E0634898D041F5&key=yt8&kind=asr&lang=pl&variant=ec&tlang=gaa&fmt=vtt\", \"name\": \"Ga\", \"impersonate\": true, \"__yt_dlp_client\": \"tv_downgraded\"}], \"gl\": [{\"ext\": \"json3\", \"url\": \"https://www.youtube.com/api/timedtext?v=ezv5DuvCk0E&ei=z8xXafHFHv6Z6dsP-9P_uAs&caps=asr&opi=112496729&xoaf=5&xowf=1&xospf=1&hl=en&ip=0.0.0.0&ipbits=0&expire=1767386943&sparams=ip%2Cipbits%2Cexpire%2Cv%2Cei%2Ccaps%2Copi%2Cxoaf&signature=31ACC713C92BF468B0604D892289468DE459EB82.25E594A16AE4D763A16583FBA9E0634898D041F5&key=yt8&kind=asr&lang=pl&variant=ec&tlang=gl&fmt=json3\", \"name\": \"Galician\", \"impersonate\": true, \"__yt_dlp_client\": \"tv_downgraded\"}, {\"ext\": \"srv1\", \"url\": \"https://www.youtube.com/api/timedtext?v=ezv5DuvCk0E&ei=z8xXafHFHv6Z6dsP-9P_uAs&caps=asr&opi=112496729&xoaf=5&xowf=1&xospf=1&hl=en&ip=0.0.0.0&ipbits=0&expire=1767386943&sparams=ip%2Cipbits%2Cexpire%2Cv%2Cei%2Ccaps%2Copi%2Cxoaf&signature=31ACC713C92BF468B0604D892289468DE459EB82.25E594A16AE4D763A16583FBA9E0634898D041F5&key=yt8&kind=asr&lang=pl&variant=ec&tlang=gl&fmt=srv1\", \"name\": \"Galician\", \"impersonate\": true, \"__yt_dlp_client\": \"tv_downgraded\"}, {\"ext\": \"srv2\", \"url\": \"https://www.youtube.com/api/timedtext?v=ezv5DuvCk0E&ei=z8xXafHFHv6Z6dsP-9P_uAs&caps=asr&opi=112496729&xoaf=5&xowf=1&xospf=1&hl=en&ip=0.0.0.0&ipbits=0&expire=1767386943&sparams=ip%2Cipbits%2Cexpire%2Cv%2Cei%2Ccaps%2Copi%2Cxoaf&signature=31ACC713C92BF468B0604D892289468DE459EB82.25E594A16AE4D763A16583FBA9E0634898D041F5&key=yt8&kind=asr&lang=pl&variant=ec&tlang=gl&fmt=srv2\", \"name\": \"Galician\", \"impersonate\": true, \"__yt_dlp_client\": \"tv_downgraded\"}, {\"ext\": \"srv3\", \"url\": \"https://www.youtube.com/api/timedtext?v=ezv5DuvCk0E&ei=z8xXafHFHv6Z6dsP-9P_uAs&caps=asr&opi=112496729&xoaf=5&xowf=1&xospf=1&hl=en&ip=0.0.0.0&ipbits=0&expire=1767386943&sparams=ip%2Cipbits%2Cexpire%2Cv%2Cei%2Ccaps%2Copi%2Cxoaf&signature=31ACC713C92BF468B0604D892289468DE459EB82.25E594A16AE4D763A16583FBA9E0634898D041F5&key=yt8&kind=asr&lang=pl&variant=ec&tlang=gl&fmt=srv3\", \"name\": \"Galician\", \"impersonate\": true, \"__yt_dlp_client\": \"tv_downgraded\"}, {\"ext\": \"ttml\", \"url\": \"https://www.youtube.com/api/timedtext?v=ezv5DuvCk0E&ei=z8xXafHFHv6Z6dsP-9P_uAs&caps=asr&opi=112496729&xoaf=5&xowf=1&xospf=1&hl=en&ip=0.0.0.0&ipbits=0&expire=1767386943&sparams=ip%2Cipbits%2Cexpire%2Cv%2Cei%2Ccaps%2Copi%2Cxoaf&signature=31ACC713C92BF468B0604D892289468DE459EB82.25E594A16AE4D763A16583FBA9E0634898D041F5&key=yt8&kind=asr&lang=pl&variant=ec&tlang=gl&fmt=ttml\", \"name\": \"Galician\", \"impersonate\": true, \"__yt_dlp_client\": \"tv_downgraded\"}, {\"ext\": \"srt\", \"url\": \"https://www.youtube.com/api/timedtext?v=ezv5DuvCk0E&ei=z8xXafHFHv6Z6dsP-9P_uAs&caps=asr&opi=112496729&xoaf=5&xowf=1&xospf=1&hl=en&ip=0.0.0.0&ipbits=0&expire=1767386943&sparams=ip%2Cipbits%2Cexpire%2Cv%2Cei%2Ccaps%2Copi%2Cxoaf&signature=31ACC713C92BF468B0604D892289468DE459EB82.25E594A16AE4D763A16583FBA9E0634898D041F5&key=yt8&kind=asr&lang=pl&variant=ec&tlang=gl&fmt=srt\", \"name\": \"Galician\", \"impersonate\": true, \"__yt_dlp_client\": \"tv_downgraded\"}, {\"ext\": \"vtt\", \"url\": \"https://www.youtube.com/api/timedtext?v=ezv5DuvCk0E&ei=z8xXafHFHv6Z6dsP-9P_uAs&caps=asr&opi=112496729&xoaf=5&xowf=1&xospf=1&hl=en&ip=0.0.0.0&ipbits=0&expire=1767386943&sparams=ip%2Cipbits%2Cexpire%2Cv%2Cei%2Ccaps%2Copi%2Cxoaf&signature=31ACC713C92BF468B0604D892289468DE459EB82.25E594A16AE4D763A16583FBA9E0634898D041F5&key=yt8&kind=asr&lang=pl&variant=ec&tlang=gl&fmt=vtt\", \"name\": \"Galician\", \"impersonate\": true, \"__yt_dlp_client\": \"tv_downgraded\"}], \"lg\": [{\"ext\": \"json3\", \"url\": \"https://www.youtube.com/api/timedtext?v=ezv5DuvCk0E&ei=z8xXafHFHv6Z6dsP-9P_uAs&caps=asr&opi=112496729&xoaf=5&xowf=1&xospf=1&hl=en&ip=0.0.0.0&ipbits=0&expire=1767386943&sparams=ip%2Cipbits%2Cexpire%2Cv%2Cei%2Ccaps%2Copi%2Cxoaf&signature=31ACC713C92BF468B0604D892289468DE459EB82.25E594A16AE4D763A16583FBA9E0634898D041F5&key=yt8&kind=asr&lang=pl&variant=ec&tlang=lg&fmt=json3\", \"name\": \"Ganda\", \"impersonate\": true, \"__yt_dlp_client\": \"tv_downgraded\"}, {\"ext\": \"srv1\", \"url\": \"https://www.youtube.com/api/timedtext?v=ezv5DuvCk0E&ei=z8xXafHFHv6Z6dsP-9P_uAs&caps=asr&opi=112496729&xoaf=5&xowf=1&xospf=1&hl=en&ip=0.0.0.0&ipbits=0&expire=1767386943&sparams=ip%2Cipbits%2Cexpire%2Cv%2Cei%2Ccaps%2Copi%2Cxoaf&signature=31ACC713C92BF468B0604D892289468DE459EB82.25E594A16AE4D763A16583FBA9E0634898D041F5&key=yt8&kind=asr&lang=pl&variant=ec&tlang=lg&fmt=srv1\", \"name\": \"Ganda\", \"impersonate\": true, \"__yt_dlp_client\": \"tv_downgraded\"}, {\"ext\": \"srv2\", \"url\": \"https://www.youtube.com/api/timedtext?v=ezv5DuvCk0E&ei=z8xXafHFHv6Z6dsP-9P_uAs&caps=asr&opi=112496729&xoaf=5&xowf=1&xospf=1&hl=en&ip=0.0.0.0&ipbits=0&expire=1767386943&sparams=ip%2Cipbits%2Cexpire%2Cv%2Cei%2Ccaps%2Copi%2Cxoaf&signature=31ACC713C92BF468B0604D892289468DE459EB82.25E594A16AE4D763A16583FBA9E0634898D041F5&key=yt8&kind=asr&lang=pl&variant=ec&tlang=lg&fmt=srv2\", \"name\": \"Ganda\", \"impersonate\": true, \"__yt_dlp_client\": \"tv_downgraded\"}, {\"ext\": \"srv3\", \"url\": \"https://www.youtube.com/api/timedtext?v=ezv5DuvCk0E&ei=z8xXafHFHv6Z6dsP-9P_uAs&caps=asr&opi=112496729&xoaf=5&xowf=1&xospf=1&hl=en&ip=0.0.0.0&ipbits=0&expire=1767386943&sparams=ip%2Cipbits%2Cexpire%2Cv%2Cei%2Ccaps%2Copi%2Cxoaf&signature=31ACC713C92BF468B0604D892289468DE459EB82.25E594A16AE4D763A16583FBA9E0634898D041F5&key=yt8&kind=asr&lang=pl&variant=ec&tlang=lg&fmt=srv3\", \"name\": \"Ganda\", \"impersonate\": true, \"__yt_dlp_client\": \"tv_downgraded\"}, {\"ext\": \"ttml\", \"url\": \"https://www.youtube.com/api/timedtext?v=ezv5DuvCk0E&ei=z8xXafHFHv6Z6dsP-9P_uAs&caps=asr&opi=112496729&xoaf=5&xowf=1&xospf=1&hl=en&ip=0.0.0.0&ipbits=0&expire=1767386943&sparams=ip%2Cipbits%2Cexpire%2Cv%2Cei%2Ccaps%2Copi%2Cxoaf&signature=31ACC713C92BF468B0604D892289468DE459EB82.25E594A16AE4D763A16583FBA9E0634898D041F5&key=yt8&kind=asr&lang=pl&variant=ec&tlang=lg&fmt=ttml\", \"name\": \"Ganda\", \"impersonate\": true, \"__yt_dlp_client\": \"tv_downgraded\"}, {\"ext\": \"srt\", \"url\": \"https://www.youtube.com/api/timedtext?v=ezv5DuvCk0E&ei=z8xXafHFHv6Z6dsP-9P_uAs&caps=asr&opi=112496729&xoaf=5&xowf=1&xospf=1&hl=en&ip=0.0.0.0&ipbits=0&expire=1767386943&sparams=ip%2Cipbits%2Cexpire%2Cv%2Cei%2Ccaps%2Copi%2Cxoaf&signature=31ACC713C92BF468B0604D892289468DE459EB82.25E594A16AE4D763A16583FBA9E0634898D041F5&key=yt8&kind=asr&lang=pl&variant=ec&tlang=lg&fmt=srt\", \"name\": \"Ganda\", \"impersonate\": true, \"__yt_dlp_client\": \"tv_downgraded\"}, {\"ext\": \"vtt\", \"url\": \"https://www.youtube.com/api/timedtext?v=ezv5DuvCk0E&ei=z8xXafHFHv6Z6dsP-9P_uAs&caps=asr&opi=112496729&xoaf=5&xowf=1&xospf=1&hl=en&ip=0.0.0.0&ipbits=0&expire=1767386943&sparams=ip%2Cipbits%2Cexpire%2Cv%2Cei%2Ccaps%2Copi%2Cxoaf&signature=31ACC713C92BF468B0604D892289468DE459EB82.25E594A16AE4D763A16583FBA9E0634898D041F5&key=yt8&kind=asr&lang=pl&variant=ec&tlang=lg&fmt=vtt\", \"name\": \"Ganda\", \"impersonate\": true, \"__yt_dlp_client\": \"tv_downgraded\"}], \"ka\": [{\"ext\": \"json3\", \"url\": \"https://www.youtube.com/api/timedtext?v=ezv5DuvCk0E&ei=z8xXafHFHv6Z6dsP-9P_uAs&caps=asr&opi=112496729&xoaf=5&xowf=1&xospf=1&hl=en&ip=0.0.0.0&ipbits=0&expire=1767386943&sparams=ip%2Cipbits%2Cexpire%2Cv%2Cei%2Ccaps%2Copi%2Cxoaf&signature=31ACC713C92BF468B0604D892289468DE459EB82.25E594A16AE4D763A16583FBA9E0634898D041F5&key=yt8&kind=asr&lang=pl&variant=ec&tlang=ka&fmt=json3\", \"name\": \"Georgian\", \"impersonate\": true, \"__yt_dlp_client\": \"tv_downgraded\"}, {\"ext\": \"srv1\", \"url\": \"https://www.youtube.com/api/timedtext?v=ezv5DuvCk0E&ei=z8xXafHFHv6Z6dsP-9P_uAs&caps=asr&opi=112496729&xoaf=5&xowf=1&xospf=1&hl=en&ip=0.0.0.0&ipbits=0&expire=1767386943&sparams=ip%2Cipbits%2Cexpire%2Cv%2Cei%2Ccaps%2Copi%2Cxoaf&signature=31ACC713C92BF468B0604D892289468DE459EB82.25E594A16AE4D763A16583FBA9E0634898D041F5&key=yt8&kind=asr&lang=pl&variant=ec&tlang=ka&fmt=srv1\", \"name\": \"Georgian\", \"impersonate\": true, \"__yt_dlp_client\": \"tv_downgraded\"}, {\"ext\": \"srv2\", \"url\": \"https://www.youtube.com/api/timedtext?v=ezv5DuvCk0E&ei=z8xXafHFHv6Z6dsP-9P_uAs&caps=asr&opi=112496729&xoaf=5&xowf=1&xospf=1&hl=en&ip=0.0.0.0&ipbits=0&expire=1767386943&sparams=ip%2Cipbits%2Cexpire%2Cv%2Cei%2Ccaps%2Copi%2Cxoaf&signature=31ACC713C92BF468B0604D892289468DE459EB82.25E594A16AE4D763A16583FBA9E0634898D041F5&key=yt8&kind=asr&lang=pl&variant=ec&tlang=ka&fmt=srv2\", \"name\": \"Georgian\", \"impersonate\": true, \"__yt_dlp_client\": \"tv_downgraded\"}, {\"ext\": \"srv3\", \"url\": \"https://www.youtube.com/api/timedtext?v=ezv5DuvCk0E&ei=z8xXafHFHv6Z6dsP-9P_uAs&caps=asr&opi=112496729&xoaf=5&xowf=1&xospf=1&hl=en&ip=0.0.0.0&ipbits=0&expire=1767386943&sparams=ip%2Cipbits%2Cexpire%2Cv%2Cei%2Ccaps%2Copi%2Cxoaf&signature=31ACC713C92BF468B0604D892289468DE459EB82.25E594A16AE4D763A16583FBA9E0634898D041F5&key=yt8&kind=asr&lang=pl&variant=ec&tlang=ka&fmt=srv3\", \"name\": \"Georgian\", \"impersonate\": true, \"__yt_dlp_client\": \"tv_downgraded\"}, {\"ext\": \"ttml\", \"url\": \"https://www.youtube.com/api/timedtext?v=ezv5DuvCk0E&ei=z8xXafHFHv6Z6dsP-9P_uAs&caps=asr&opi=112496729&xoaf=5&xowf=1&xospf=1&hl=en&ip=0.0.0.0&ipbits=0&expire=1767386943&sparams=ip%2Cipbits%2Cexpire%2Cv%2Cei%2Ccaps%2Copi%2Cxoaf&signature=31ACC713C92BF468B0604D892289468DE459EB82.25E594A16AE4D763A16583FBA9E0634898D041F5&key=yt8&kind=asr&lang=pl&variant=ec&tlang=ka&fmt=ttml\", \"name\": \"Georgian\", \"impersonate\": true, \"__yt_dlp_client\": \"tv_downgraded\"}, {\"ext\": \"srt\", \"url\": \"https://www.youtube.com/api/timedtext?v=ezv5DuvCk0E&ei=z8xXafHFHv6Z6dsP-9P_uAs&caps=asr&opi=112496729&xoaf=5&xowf=1&xospf=1&hl=en&ip=0.0.0.0&ipbits=0&expire=1767386943&sparams=ip%2Cipbits%2Cexpire%2Cv%2Cei%2Ccaps%2Copi%2Cxoaf&signature=31ACC713C92BF468B0604D892289468DE459EB82.25E594A16AE4D763A16583FBA9E0634898D041F5&key=yt8&kind=asr&lang=pl&variant=ec&tlang=ka&fmt=srt\", \"name\": \"Georgian\", \"impersonate\": true, \"__yt_dlp_client\": \"tv_downgraded\"}, {\"ext\": \"vtt\", \"url\": \"https://www.youtube.com/api/timedtext?v=ezv5DuvCk0E&ei=z8xXafHFHv6Z6dsP-9P_uAs&caps=asr&opi=112496729&xoaf=5&xowf=1&xospf=1&hl=en&ip=0.0.0.0&ipbits=0&expire=1767386943&sparams=ip%2Cipbits%2Cexpire%2Cv%2Cei%2Ccaps%2Copi%2Cxoaf&signature=31ACC713C92BF468B0604D892289468DE459EB82.25E594A16AE4D763A16583FBA9E0634898D041F5&key=yt8&kind=asr&lang=pl&variant=ec&tlang=ka&fmt=vtt\", \"name\": \"Georgian\", \"impersonate\": true, \"__yt_dlp_client\": \"tv_downgraded\"}], \"de\": [{\"ext\": \"json3\", \"url\": \"https://www.youtube.com/api/timedtext?v=ezv5DuvCk0E&ei=z8xXafHFHv6Z6dsP-9P_uAs&caps=asr&opi=112496729&xoaf=5&xowf=1&xospf=1&hl=en&ip=0.0.0.0&ipbits=0&expire=1767386943&sparams=ip%2Cipbits%2Cexpire%2Cv%2Cei%2Ccaps%2Copi%2Cxoaf&signature=31ACC713C92BF468B0604D892289468DE459EB82.25E594A16AE4D763A16583FBA9E0634898D041F5&key=yt8&kind=asr&lang=pl&variant=ec&tlang=de&fmt=json3\", \"name\": \"German\", \"impersonate\": true, \"__yt_dlp_client\": \"tv_downgraded\"}, {\"ext\": \"srv1\", \"url\": \"https://www.youtube.com/api/timedtext?v=ezv5DuvCk0E&ei=z8xXafHFHv6Z6dsP-9P_uAs&caps=asr&opi=112496729&xoaf=5&xowf=1&xospf=1&hl=en&ip=0.0.0.0&ipbits=0&expire=1767386943&sparams=ip%2Cipbits%2Cexpire%2Cv%2Cei%2Ccaps%2Copi%2Cxoaf&signature=31ACC713C92BF468B0604D892289468DE459EB82.25E594A16AE4D763A16583FBA9E0634898D041F5&key=yt8&kind=asr&lang=pl&variant=ec&tlang=de&fmt=srv1\", \"name\": \"German\", \"impersonate\": true, \"__yt_dlp_client\": \"tv_downgraded\"}, {\"ext\": \"srv2\", \"url\": \"https://www.youtube.com/api/timedtext?v=ezv5DuvCk0E&ei=z8xXafHFHv6Z6dsP-9P_uAs&caps=asr&opi=112496729&xoaf=5&xowf=1&xospf=1&hl=en&ip=0.0.0.0&ipbits=0&expire=1767386943&sparams=ip%2Cipbits%2Cexpire%2Cv%2Cei%2Ccaps%2Copi%2Cxoaf&signature=31ACC713C92BF468B0604D892289468DE459EB82.25E594A16AE4D763A16583FBA9E0634898D041F5&key=yt8&kind=asr&lang=pl&variant=ec&tlang=de&fmt=srv2\", \"name\": \"German\", \"impersonate\": true, \"__yt_dlp_client\": \"tv_downgraded\"}, {\"ext\": \"srv3\", \"url\": \"https://www.youtube.com/api/timedtext?v=ezv5DuvCk0E&ei=z8xXafHFHv6Z6dsP-9P_uAs&caps=asr&opi=112496729&xoaf=5&xowf=1&xospf=1&hl=en&ip=0.0.0.0&ipbits=0&expire=1767386943&sparams=ip%2Cipbits%2Cexpire%2Cv%2Cei%2Ccaps%2Copi%2Cxoaf&signature=31ACC713C92BF468B0604D892289468DE459EB82.25E594A16AE4D763A16583FBA9E0634898D041F5&key=yt8&kind=asr&lang=pl&variant=ec&tlang=de&fmt=srv3\", \"name\": \"German\", \"impersonate\": true, \"__yt_dlp_client\": \"tv_downgraded\"}, {\"ext\": \"ttml\", \"url\": \"https://www.youtube.com/api/timedtext?v=ezv5DuvCk0E&ei=z8xXafHFHv6Z6dsP-9P_uAs&caps=asr&opi=112496729&xoaf=5&xowf=1&xospf=1&hl=en&ip=0.0.0.0&ipbits=0&expire=1767386943&sparams=ip%2Cipbits%2Cexpire%2Cv%2Cei%2Ccaps%2Copi%2Cxoaf&signature=31ACC713C92BF468B0604D892289468DE459EB82.25E594A16AE4D763A16583FBA9E0634898D041F5&key=yt8&kind=asr&lang=pl&variant=ec&tlang=de&fmt=ttml\", \"name\": \"German\", \"impersonate\": true, \"__yt_dlp_client\": \"tv_downgraded\"}, {\"ext\": \"srt\", \"url\": \"https://www.youtube.com/api/timedtext?v=ezv5DuvCk0E&ei=z8xXafHFHv6Z6dsP-9P_uAs&caps=asr&opi=112496729&xoaf=5&xowf=1&xospf=1&hl=en&ip=0.0.0.0&ipbits=0&expire=1767386943&sparams=ip%2Cipbits%2Cexpire%2Cv%2Cei%2Ccaps%2Copi%2Cxoaf&signature=31ACC713C92BF468B0604D892289468DE459EB82.25E594A16AE4D763A16583FBA9E0634898D041F5&key=yt8&kind=asr&lang=pl&variant=ec&tlang=de&fmt=srt\", \"name\": \"German\", \"impersonate\": true, \"__yt_dlp_client\": \"tv_downgraded\"}, {\"ext\": \"vtt\", \"url\": \"https://www.youtube.com/api/timedtext?v=ezv5DuvCk0E&ei=z8xXafHFHv6Z6dsP-9P_uAs&caps=asr&opi=112496729&xoaf=5&xowf=1&xospf=1&hl=en&ip=0.0.0.0&ipbits=0&expire=1767386943&sparams=ip%2Cipbits%2Cexpire%2Cv%2Cei%2Ccaps%2Copi%2Cxoaf&signature=31ACC713C92BF468B0604D892289468DE459EB82.25E594A16AE4D763A16583FBA9E0634898D041F5&key=yt8&kind=asr&lang=pl&variant=ec&tlang=de&fmt=vtt\", \"name\": \"German\", \"impersonate\": true, \"__yt_dlp_client\": \"tv_downgraded\"}], \"el\": [{\"ext\": \"json3\", \"url\": \"https://www.youtube.com/api/timedtext?v=ezv5DuvCk0E&ei=z8xXafHFHv6Z6dsP-9P_uAs&caps=asr&opi=112496729&xoaf=5&xowf=1&xospf=1&hl=en&ip=0.0.0.0&ipbits=0&expire=1767386943&sparams=ip%2Cipbits%2Cexpire%2Cv%2Cei%2Ccaps%2Copi%2Cxoaf&signature=31ACC713C92BF468B0604D892289468DE459EB82.25E594A16AE4D763A16583FBA9E0634898D041F5&key=yt8&kind=asr&lang=pl&variant=ec&tlang=el&fmt=json3\", \"name\": \"Greek\", \"impersonate\": true, \"__yt_dlp_client\": \"tv_downgraded\"}, {\"ext\": \"srv1\", \"url\": \"https://www.youtube.com/api/timedtext?v=ezv5DuvCk0E&ei=z8xXafHFHv6Z6dsP-9P_uAs&caps=asr&opi=112496729&xoaf=5&xowf=1&xospf=1&hl=en&ip=0.0.0.0&ipbits=0&expire=1767386943&sparams=ip%2Cipbits%2Cexpire%2Cv%2Cei%2Ccaps%2Copi%2Cxoaf&signature=31ACC713C92BF468B0604D892289468DE459EB82.25E594A16AE4D763A16583FBA9E0634898D041F5&key=yt8&kind=asr&lang=pl&variant=ec&tlang=el&fmt=srv1\", \"name\": \"Greek\", \"impersonate\": true, \"__yt_dlp_client\": \"tv_downgraded\"}, {\"ext\": \"srv2\", \"url\": \"https://www.youtube.com/api/timedtext?v=ezv5DuvCk0E&ei=z8xXafHFHv6Z6dsP-9P_uAs&caps=asr&opi=112496729&xoaf=5&xowf=1&xospf=1&hl=en&ip=0.0.0.0&ipbits=0&expire=1767386943&sparams=ip%2Cipbits%2Cexpire%2Cv%2Cei%2Ccaps%2Copi%2Cxoaf&signature=31ACC713C92BF468B0604D892289468DE459EB82.25E594A16AE4D763A16583FBA9E0634898D041F5&key=yt8&kind=asr&lang=pl&variant=ec&tlang=el&fmt=srv2\", \"name\": \"Greek\", \"impersonate\": true, \"__yt_dlp_client\": \"tv_downgraded\"}, {\"ext\": \"srv3\", \"url\": \"https://www.youtube.com/api/timedtext?v=ezv5DuvCk0E&ei=z8xXafHFHv6Z6dsP-9P_uAs&caps=asr&opi=112496729&xoaf=5&xowf=1&xospf=1&hl=en&ip=0.0.0.0&ipbits=0&expire=1767386943&sparams=ip%2Cipbits%2Cexpire%2Cv%2Cei%2Ccaps%2Copi%2Cxoaf&signature=31ACC713C92BF468B0604D892289468DE459EB82.25E594A16AE4D763A16583FBA9E0634898D041F5&key=yt8&kind=asr&lang=pl&variant=ec&tlang=el&fmt=srv3\", \"name\": \"Greek\", \"impersonate\": true, \"__yt_dlp_client\": \"tv_downgraded\"}, {\"ext\": \"ttml\", \"url\": \"https://www.youtube.com/api/timedtext?v=ezv5DuvCk0E&ei=z8xXafHFHv6Z6dsP-9P_uAs&caps=asr&opi=112496729&xoaf=5&xowf=1&xospf=1&hl=en&ip=0.0.0.0&ipbits=0&expire=1767386943&sparams=ip%2Cipbits%2Cexpire%2Cv%2Cei%2Ccaps%2Copi%2Cxoaf&signature=31ACC713C92BF468B0604D892289468DE459EB82.25E594A16AE4D763A16583FBA9E0634898D041F5&key=yt8&kind=asr&lang=pl&variant=ec&tlang=el&fmt=ttml\", \"name\": \"Greek\", \"impersonate\": true, \"__yt_dlp_client\": \"tv_downgraded\"}, {\"ext\": \"srt\", \"url\": \"https://www.youtube.com/api/timedtext?v=ezv5DuvCk0E&ei=z8xXafHFHv6Z6dsP-9P_uAs&caps=asr&opi=112496729&xoaf=5&xowf=1&xospf=1&hl=en&ip=0.0.0.0&ipbits=0&expire=1767386943&sparams=ip%2Cipbits%2Cexpire%2Cv%2Cei%2Ccaps%2Copi%2Cxoaf&signature=31ACC713C92BF468B0604D892289468DE459EB82.25E594A16AE4D763A16583FBA9E0634898D041F5&key=yt8&kind=asr&lang=pl&variant=ec&tlang=el&fmt=srt\", \"name\": \"Greek\", \"impersonate\": true, \"__yt_dlp_client\": \"tv_downgraded\"}, {\"ext\": \"vtt\", \"url\": \"https://www.youtube.com/api/timedtext?v=ezv5DuvCk0E&ei=z8xXafHFHv6Z6dsP-9P_uAs&caps=asr&opi=112496729&xoaf=5&xowf=1&xospf=1&hl=en&ip=0.0.0.0&ipbits=0&expire=1767386943&sparams=ip%2Cipbits%2Cexpire%2Cv%2Cei%2Ccaps%2Copi%2Cxoaf&signature=31ACC713C92BF468B0604D892289468DE459EB82.25E594A16AE4D763A16583FBA9E0634898D041F5&key=yt8&kind=asr&lang=pl&variant=ec&tlang=el&fmt=vtt\", \"name\": \"Greek\", \"impersonate\": true, \"__yt_dlp_client\": \"tv_downgraded\"}], \"gn\": [{\"ext\": \"json3\", \"url\": \"https://www.youtube.com/api/timedtext?v=ezv5DuvCk0E&ei=z8xXafHFHv6Z6dsP-9P_uAs&caps=asr&opi=112496729&xoaf=5&xowf=1&xospf=1&hl=en&ip=0.0.0.0&ipbits=0&expire=1767386943&sparams=ip%2Cipbits%2Cexpire%2Cv%2Cei%2Ccaps%2Copi%2Cxoaf&signature=31ACC713C92BF468B0604D892289468DE459EB82.25E594A16AE4D763A16583FBA9E0634898D041F5&key=yt8&kind=asr&lang=pl&variant=ec&tlang=gn&fmt=json3\", \"name\": \"Guarani\", \"impersonate\": true, \"__yt_dlp_client\": \"tv_downgraded\"}, {\"ext\": \"srv1\", \"url\": \"https://www.youtube.com/api/timedtext?v=ezv5DuvCk0E&ei=z8xXafHFHv6Z6dsP-9P_uAs&caps=asr&opi=112496729&xoaf=5&xowf=1&xospf=1&hl=en&ip=0.0.0.0&ipbits=0&expire=1767386943&sparams=ip%2Cipbits%2Cexpire%2Cv%2Cei%2Ccaps%2Copi%2Cxoaf&signature=31ACC713C92BF468B0604D892289468DE459EB82.25E594A16AE4D763A16583FBA9E0634898D041F5&key=yt8&kind=asr&lang=pl&variant=ec&tlang=gn&fmt=srv1\", \"name\": \"Guarani\", \"impersonate\": true, \"__yt_dlp_client\": \"tv_downgraded\"}, {\"ext\": \"srv2\", \"url\": \"https://www.youtube.com/api/timedtext?v=ezv5DuvCk0E&ei=z8xXafHFHv6Z6dsP-9P_uAs&caps=asr&opi=112496729&xoaf=5&xowf=1&xospf=1&hl=en&ip=0.0.0.0&ipbits=0&expire=1767386943&sparams=ip%2Cipbits%2Cexpire%2Cv%2Cei%2Ccaps%2Copi%2Cxoaf&signature=31ACC713C92BF468B0604D892289468DE459EB82.25E594A16AE4D763A16583FBA9E0634898D041F5&key=yt8&kind=asr&lang=pl&variant=ec&tlang=gn&fmt=srv2\", \"name\": \"Guarani\", \"impersonate\": true, \"__yt_dlp_client\": \"tv_downgraded\"}, {\"ext\": \"srv3\", \"url\": \"https://www.youtube.com/api/timedtext?v=ezv5DuvCk0E&ei=z8xXafHFHv6Z6dsP-9P_uAs&caps=asr&opi=112496729&xoaf=5&xowf=1&xospf=1&hl=en&ip=0.0.0.0&ipbits=0&expire=1767386943&sparams=ip%2Cipbits%2Cexpire%2Cv%2Cei%2Ccaps%2Copi%2Cxoaf&signature=31ACC713C92BF468B0604D892289468DE459EB82.25E594A16AE4D763A16583FBA9E0634898D041F5&key=yt8&kind=asr&lang=pl&variant=ec&tlang=gn&fmt=srv3\", \"name\": \"Guarani\", \"impersonate\": true, \"__yt_dlp_client\": \"tv_downgraded\"}, {\"ext\": \"ttml\", \"url\": \"https://www.youtube.com/api/timedtext?v=ezv5DuvCk0E&ei=z8xXafHFHv6Z6dsP-9P_uAs&caps=asr&opi=112496729&xoaf=5&xowf=1&xospf=1&hl=en&ip=0.0.0.0&ipbits=0&expire=1767386943&sparams=ip%2Cipbits%2Cexpire%2Cv%2Cei%2Ccaps%2Copi%2Cxoaf&signature=31ACC713C92BF468B0604D892289468DE459EB82.25E594A16AE4D763A16583FBA9E0634898D041F5&key=yt8&kind=asr&lang=pl&variant=ec&tlang=gn&fmt=ttml\", \"name\": \"Guarani\", \"impersonate\": true, \"__yt_dlp_client\": \"tv_downgraded\"}, {\"ext\": \"srt\", \"url\": \"https://www.youtube.com/api/timedtext?v=ezv5DuvCk0E&ei=z8xXafHFHv6Z6dsP-9P_uAs&caps=asr&opi=112496729&xoaf=5&xowf=1&xospf=1&hl=en&ip=0.0.0.0&ipbits=0&expire=1767386943&sparams=ip%2Cipbits%2Cexpire%2Cv%2Cei%2Ccaps%2Copi%2Cxoaf&signature=31ACC713C92BF468B0604D892289468DE459EB82.25E594A16AE4D763A16583FBA9E0634898D041F5&key=yt8&kind=asr&lang=pl&variant=ec&tlang=gn&fmt=srt\", \"name\": \"Guarani\", \"impersonate\": true, \"__yt_dlp_client\": \"tv_downgraded\"}, {\"ext\": \"vtt\", \"url\": \"https://www.youtube.com/api/timedtext?v=ezv5DuvCk0E&ei=z8xXafHFHv6Z6dsP-9P_uAs&caps=asr&opi=112496729&xoaf=5&xowf=1&xospf=1&hl=en&ip=0.0.0.0&ipbits=0&expire=1767386943&sparams=ip%2Cipbits%2Cexpire%2Cv%2Cei%2Ccaps%2Copi%2Cxoaf&signature=31ACC713C92BF468B0604D892289468DE459EB82.25E594A16AE4D763A16583FBA9E0634898D041F5&key=yt8&kind=asr&lang=pl&variant=ec&tlang=gn&fmt=vtt\", \"name\": \"Guarani\", \"impersonate\": true, \"__yt_dlp_client\": \"tv_downgraded\"}], \"gu\": [{\"ext\": \"json3\", \"url\": \"https://www.youtube.com/api/timedtext?v=ezv5DuvCk0E&ei=z8xXafHFHv6Z6dsP-9P_uAs&caps=asr&opi=112496729&xoaf=5&xowf=1&xospf=1&hl=en&ip=0.0.0.0&ipbits=0&expire=1767386943&sparams=ip%2Cipbits%2Cexpire%2Cv%2Cei%2Ccaps%2Copi%2Cxoaf&signature=31ACC713C92BF468B0604D892289468DE459EB82.25E594A16AE4D763A16583FBA9E0634898D041F5&key=yt8&kind=asr&lang=pl&variant=ec&tlang=gu&fmt=json3\", \"name\": \"Gujarati\", \"impersonate\": true, \"__yt_dlp_client\": \"tv_downgraded\"}, {\"ext\": \"srv1\", \"url\": \"https://www.youtube.com/api/timedtext?v=ezv5DuvCk0E&ei=z8xXafHFHv6Z6dsP-9P_uAs&caps=asr&opi=112496729&xoaf=5&xowf=1&xospf=1&hl=en&ip=0.0.0.0&ipbits=0&expire=1767386943&sparams=ip%2Cipbits%2Cexpire%2Cv%2Cei%2Ccaps%2Copi%2Cxoaf&signature=31ACC713C92BF468B0604D892289468DE459EB82.25E594A16AE4D763A16583FBA9E0634898D041F5&key=yt8&kind=asr&lang=pl&variant=ec&tlang=gu&fmt=srv1\", \"name\": \"Gujarati\", \"impersonate\": true, \"__yt_dlp_client\": \"tv_downgraded\"}, {\"ext\": \"srv2\", \"url\": \"https://www.youtube.com/api/timedtext?v=ezv5DuvCk0E&ei=z8xXafHFHv6Z6dsP-9P_uAs&caps=asr&opi=112496729&xoaf=5&xowf=1&xospf=1&hl=en&ip=0.0.0.0&ipbits=0&expire=1767386943&sparams=ip%2Cipbits%2Cexpire%2Cv%2Cei%2Ccaps%2Copi%2Cxoaf&signature=31ACC713C92BF468B0604D892289468DE459EB82.25E594A16AE4D763A16583FBA9E0634898D041F5&key=yt8&kind=asr&lang=pl&variant=ec&tlang=gu&fmt=srv2\", \"name\": \"Gujarati\", \"impersonate\": true, \"__yt_dlp_client\": \"tv_downgraded\"}, {\"ext\": \"srv3\", \"url\": \"https://www.youtube.com/api/timedtext?v=ezv5DuvCk0E&ei=z8xXafHFHv6Z6dsP-9P_uAs&caps=asr&opi=112496729&xoaf=5&xowf=1&xospf=1&hl=en&ip=0.0.0.0&ipbits=0&expire=1767386943&sparams=ip%2Cipbits%2Cexpire%2Cv%2Cei%2Ccaps%2Copi%2Cxoaf&signature=31ACC713C92BF468B0604D892289468DE459EB82.25E594A16AE4D763A16583FBA9E0634898D041F5&key=yt8&kind=asr&lang=pl&variant=ec&tlang=gu&fmt=srv3\", \"name\": \"Gujarati\", \"impersonate\": true, \"__yt_dlp_client\": \"tv_downgraded\"}, {\"ext\": \"ttml\", \"url\": \"https://www.youtube.com/api/timedtext?v=ezv5DuvCk0E&ei=z8xXafHFHv6Z6dsP-9P_uAs&caps=asr&opi=112496729&xoaf=5&xowf=1&xospf=1&hl=en&ip=0.0.0.0&ipbits=0&expire=1767386943&sparams=ip%2Cipbits%2Cexpire%2Cv%2Cei%2Ccaps%2Copi%2Cxoaf&signature=31ACC713C92BF468B0604D892289468DE459EB82.25E594A16AE4D763A16583FBA9E0634898D041F5&key=yt8&kind=asr&lang=pl&variant=ec&tlang=gu&fmt=ttml\", \"name\": \"Gujarati\", \"impersonate\": true, \"__yt_dlp_client\": \"tv_downgraded\"}, {\"ext\": \"srt\", \"url\": \"https://www.youtube.com/api/timedtext?v=ezv5DuvCk0E&ei=z8xXafHFHv6Z6dsP-9P_uAs&caps=asr&opi=112496729&xoaf=5&xowf=1&xospf=1&hl=en&ip=0.0.0.0&ipbits=0&expire=1767386943&sparams=ip%2Cipbits%2Cexpire%2Cv%2Cei%2Ccaps%2Copi%2Cxoaf&signature=31ACC713C92BF468B0604D892289468DE459EB82.25E594A16AE4D763A16583FBA9E0634898D041F5&key=yt8&kind=asr&lang=pl&variant=ec&tlang=gu&fmt=srt\", \"name\": \"Gujarati\", \"impersonate\": true, \"__yt_dlp_client\": \"tv_downgraded\"}, {\"ext\": \"vtt\", \"url\": \"https://www.youtube.com/api/timedtext?v=ezv5DuvCk0E&ei=z8xXafHFHv6Z6dsP-9P_uAs&caps=asr&opi=112496729&xoaf=5&xowf=1&xospf=1&hl=en&ip=0.0.0.0&ipbits=0&expire=1767386943&sparams=ip%2Cipbits%2Cexpire%2Cv%2Cei%2Ccaps%2Copi%2Cxoaf&signature=31ACC713C92BF468B0604D892289468DE459EB82.25E594A16AE4D763A16583FBA9E0634898D041F5&key=yt8&kind=asr&lang=pl&variant=ec&tlang=gu&fmt=vtt\", \"name\": \"Gujarati\", \"impersonate\": true, \"__yt_dlp_client\": \"tv_downgraded\"}], \"ht\": [{\"ext\": \"json3\", \"url\": \"https://www.youtube.com/api/timedtext?v=ezv5DuvCk0E&ei=z8xXafHFHv6Z6dsP-9P_uAs&caps=asr&opi=112496729&xoaf=5&xowf=1&xospf=1&hl=en&ip=0.0.0.0&ipbits=0&expire=1767386943&sparams=ip%2Cipbits%2Cexpire%2Cv%2Cei%2Ccaps%2Copi%2Cxoaf&signature=31ACC713C92BF468B0604D892289468DE459EB82.25E594A16AE4D763A16583FBA9E0634898D041F5&key=yt8&kind=asr&lang=pl&variant=ec&tlang=ht&fmt=json3\", \"name\": \"Haitian Creole\", \"impersonate\": true, \"__yt_dlp_client\": \"tv_downgraded\"}, {\"ext\": \"srv1\", \"url\": \"https://www.youtube.com/api/timedtext?v=ezv5DuvCk0E&ei=z8xXafHFHv6Z6dsP-9P_uAs&caps=asr&opi=112496729&xoaf=5&xowf=1&xospf=1&hl=en&ip=0.0.0.0&ipbits=0&expire=1767386943&sparams=ip%2Cipbits%2Cexpire%2Cv%2Cei%2Ccaps%2Copi%2Cxoaf&signature=31ACC713C92BF468B0604D892289468DE459EB82.25E594A16AE4D763A16583FBA9E0634898D041F5&key=yt8&kind=asr&lang=pl&variant=ec&tlang=ht&fmt=srv1\", \"name\": \"Haitian Creole\", \"impersonate\": true, \"__yt_dlp_client\": \"tv_downgraded\"}, {\"ext\": \"srv2\", \"url\": \"https://www.youtube.com/api/timedtext?v=ezv5DuvCk0E&ei=z8xXafHFHv6Z6dsP-9P_uAs&caps=asr&opi=112496729&xoaf=5&xowf=1&xospf=1&hl=en&ip=0.0.0.0&ipbits=0&expire=1767386943&sparams=ip%2Cipbits%2Cexpire%2Cv%2Cei%2Ccaps%2Copi%2Cxoaf&signature=31ACC713C92BF468B0604D892289468DE459EB82.25E594A16AE4D763A16583FBA9E0634898D041F5&key=yt8&kind=asr&lang=pl&variant=ec&tlang=ht&fmt=srv2\", \"name\": \"Haitian Creole\", \"impersonate\": true, \"__yt_dlp_client\": \"tv_downgraded\"}, {\"ext\": \"srv3\", \"url\": \"https://www.youtube.com/api/timedtext?v=ezv5DuvCk0E&ei=z8xXafHFHv6Z6dsP-9P_uAs&caps=asr&opi=112496729&xoaf=5&xowf=1&xospf=1&hl=en&ip=0.0.0.0&ipbits=0&expire=1767386943&sparams=ip%2Cipbits%2Cexpire%2Cv%2Cei%2Ccaps%2Copi%2Cxoaf&signature=31ACC713C92BF468B0604D892289468DE459EB82.25E594A16AE4D763A16583FBA9E0634898D041F5&key=yt8&kind=asr&lang=pl&variant=ec&tlang=ht&fmt=srv3\", \"name\": \"Haitian Creole\", \"impersonate\": true, \"__yt_dlp_client\": \"tv_downgraded\"}, {\"ext\": \"ttml\", \"url\": \"https://www.youtube.com/api/timedtext?v=ezv5DuvCk0E&ei=z8xXafHFHv6Z6dsP-9P_uAs&caps=asr&opi=112496729&xoaf=5&xowf=1&xospf=1&hl=en&ip=0.0.0.0&ipbits=0&expire=1767386943&sparams=ip%2Cipbits%2Cexpire%2Cv%2Cei%2Ccaps%2Copi%2Cxoaf&signature=31ACC713C92BF468B0604D892289468DE459EB82.25E594A16AE4D763A16583FBA9E0634898D041F5&key=yt8&kind=asr&lang=pl&variant=ec&tlang=ht&fmt=ttml\", \"name\": \"Haitian Creole\", \"impersonate\": true, \"__yt_dlp_client\": \"tv_downgraded\"}, {\"ext\": \"srt\", \"url\": \"https://www.youtube.com/api/timedtext?v=ezv5DuvCk0E&ei=z8xXafHFHv6Z6dsP-9P_uAs&caps=asr&opi=112496729&xoaf=5&xowf=1&xospf=1&hl=en&ip=0.0.0.0&ipbits=0&expire=1767386943&sparams=ip%2Cipbits%2Cexpire%2Cv%2Cei%2Ccaps%2Copi%2Cxoaf&signature=31ACC713C92BF468B0604D892289468DE459EB82.25E594A16AE4D763A16583FBA9E0634898D041F5&key=yt8&kind=asr&lang=pl&variant=ec&tlang=ht&fmt=srt\", \"name\": \"Haitian Creole\", \"impersonate\": true, \"__yt_dlp_client\": \"tv_downgraded\"}, {\"ext\": \"vtt\", \"url\": \"https://www.youtube.com/api/timedtext?v=ezv5DuvCk0E&ei=z8xXafHFHv6Z6dsP-9P_uAs&caps=asr&opi=112496729&xoaf=5&xowf=1&xospf=1&hl=en&ip=0.0.0.0&ipbits=0&expire=1767386943&sparams=ip%2Cipbits%2Cexpire%2Cv%2Cei%2Ccaps%2Copi%2Cxoaf&signature=31ACC713C92BF468B0604D892289468DE459EB82.25E594A16AE4D763A16583FBA9E0634898D041F5&key=yt8&kind=asr&lang=pl&variant=ec&tlang=ht&fmt=vtt\", \"name\": \"Haitian Creole\", \"impersonate\": true, \"__yt_dlp_client\": \"tv_downgraded\"}], \"ha\": [{\"ext\": \"json3\", \"url\": \"https://www.youtube.com/api/timedtext?v=ezv5DuvCk0E&ei=z8xXafHFHv6Z6dsP-9P_uAs&caps=asr&opi=112496729&xoaf=5&xowf=1&xospf=1&hl=en&ip=0.0.0.0&ipbits=0&expire=1767386943&sparams=ip%2Cipbits%2Cexpire%2Cv%2Cei%2Ccaps%2Copi%2Cxoaf&signature=31ACC713C92BF468B0604D892289468DE459EB82.25E594A16AE4D763A16583FBA9E0634898D041F5&key=yt8&kind=asr&lang=pl&variant=ec&tlang=ha&fmt=json3\", \"name\": \"Hausa\", \"impersonate\": true, \"__yt_dlp_client\": \"tv_downgraded\"}, {\"ext\": \"srv1\", \"url\": \"https://www.youtube.com/api/timedtext?v=ezv5DuvCk0E&ei=z8xXafHFHv6Z6dsP-9P_uAs&caps=asr&opi=112496729&xoaf=5&xowf=1&xospf=1&hl=en&ip=0.0.0.0&ipbits=0&expire=1767386943&sparams=ip%2Cipbits%2Cexpire%2Cv%2Cei%2Ccaps%2Copi%2Cxoaf&signature=31ACC713C92BF468B0604D892289468DE459EB82.25E594A16AE4D763A16583FBA9E0634898D041F5&key=yt8&kind=asr&lang=pl&variant=ec&tlang=ha&fmt=srv1\", \"name\": \"Hausa\", \"impersonate\": true, \"__yt_dlp_client\": \"tv_downgraded\"}, {\"ext\": \"srv2\", \"url\": \"https://www.youtube.com/api/timedtext?v=ezv5DuvCk0E&ei=z8xXafHFHv6Z6dsP-9P_uAs&caps=asr&opi=112496729&xoaf=5&xowf=1&xospf=1&hl=en&ip=0.0.0.0&ipbits=0&expire=1767386943&sparams=ip%2Cipbits%2Cexpire%2Cv%2Cei%2Ccaps%2Copi%2Cxoaf&signature=31ACC713C92BF468B0604D892289468DE459EB82.25E594A16AE4D763A16583FBA9E0634898D041F5&key=yt8&kind=asr&lang=pl&variant=ec&tlang=ha&fmt=srv2\", \"name\": \"Hausa\", \"impersonate\": true, \"__yt_dlp_client\": \"tv_downgraded\"}, {\"ext\": \"srv3\", \"url\": \"https://www.youtube.com/api/timedtext?v=ezv5DuvCk0E&ei=z8xXafHFHv6Z6dsP-9P_uAs&caps=asr&opi=112496729&xoaf=5&xowf=1&xospf=1&hl=en&ip=0.0.0.0&ipbits=0&expire=1767386943&sparams=ip%2Cipbits%2Cexpire%2Cv%2Cei%2Ccaps%2Copi%2Cxoaf&signature=31ACC713C92BF468B0604D892289468DE459EB82.25E594A16AE4D763A16583FBA9E0634898D041F5&key=yt8&kind=asr&lang=pl&variant=ec&tlang=ha&fmt=srv3\", \"name\": \"Hausa\", \"impersonate\": true, \"__yt_dlp_client\": \"tv_downgraded\"}, {\"ext\": \"ttml\", \"url\": \"https://www.youtube.com/api/timedtext?v=ezv5DuvCk0E&ei=z8xXafHFHv6Z6dsP-9P_uAs&caps=asr&opi=112496729&xoaf=5&xowf=1&xospf=1&hl=en&ip=0.0.0.0&ipbits=0&expire=1767386943&sparams=ip%2Cipbits%2Cexpire%2Cv%2Cei%2Ccaps%2Copi%2Cxoaf&signature=31ACC713C92BF468B0604D892289468DE459EB82.25E594A16AE4D763A16583FBA9E0634898D041F5&key=yt8&kind=asr&lang=pl&variant=ec&tlang=ha&fmt=ttml\", \"name\": \"Hausa\", \"impersonate\": true, \"__yt_dlp_client\": \"tv_downgraded\"}, {\"ext\": \"srt\", \"url\": \"https://www.youtube.com/api/timedtext?v=ezv5DuvCk0E&ei=z8xXafHFHv6Z6dsP-9P_uAs&caps=asr&opi=112496729&xoaf=5&xowf=1&xospf=1&hl=en&ip=0.0.0.0&ipbits=0&expire=1767386943&sparams=ip%2Cipbits%2Cexpire%2Cv%2Cei%2Ccaps%2Copi%2Cxoaf&signature=31ACC713C92BF468B0604D892289468DE459EB82.25E594A16AE4D763A16583FBA9E0634898D041F5&key=yt8&kind=asr&lang=pl&variant=ec&tlang=ha&fmt=srt\", \"name\": \"Hausa\", \"impersonate\": true, \"__yt_dlp_client\": \"tv_downgraded\"}, {\"ext\": \"vtt\", \"url\": \"https://www.youtube.com/api/timedtext?v=ezv5DuvCk0E&ei=z8xXafHFHv6Z6dsP-9P_uAs&caps=asr&opi=112496729&xoaf=5&xowf=1&xospf=1&hl=en&ip=0.0.0.0&ipbits=0&expire=1767386943&sparams=ip%2Cipbits%2Cexpire%2Cv%2Cei%2Ccaps%2Copi%2Cxoaf&signature=31ACC713C92BF468B0604D892289468DE459EB82.25E594A16AE4D763A16583FBA9E0634898D041F5&key=yt8&kind=asr&lang=pl&variant=ec&tlang=ha&fmt=vtt\", \"name\": \"Hausa\", \"impersonate\": true, \"__yt_dlp_client\": \"tv_downgraded\"}], \"haw\": [{\"ext\": \"json3\", \"url\": \"https://www.youtube.com/api/timedtext?v=ezv5DuvCk0E&ei=z8xXafHFHv6Z6dsP-9P_uAs&caps=asr&opi=112496729&xoaf=5&xowf=1&xospf=1&hl=en&ip=0.0.0.0&ipbits=0&expire=1767386943&sparams=ip%2Cipbits%2Cexpire%2Cv%2Cei%2Ccaps%2Copi%2Cxoaf&signature=31ACC713C92BF468B0604D892289468DE459EB82.25E594A16AE4D763A16583FBA9E0634898D041F5&key=yt8&kind=asr&lang=pl&variant=ec&tlang=haw&fmt=json3\", \"name\": \"Hawaiian\", \"impersonate\": true, \"__yt_dlp_client\": \"tv_downgraded\"}, {\"ext\": \"srv1\", \"url\": \"https://www.youtube.com/api/timedtext?v=ezv5DuvCk0E&ei=z8xXafHFHv6Z6dsP-9P_uAs&caps=asr&opi=112496729&xoaf=5&xowf=1&xospf=1&hl=en&ip=0.0.0.0&ipbits=0&expire=1767386943&sparams=ip%2Cipbits%2Cexpire%2Cv%2Cei%2Ccaps%2Copi%2Cxoaf&signature=31ACC713C92BF468B0604D892289468DE459EB82.25E594A16AE4D763A16583FBA9E0634898D041F5&key=yt8&kind=asr&lang=pl&variant=ec&tlang=haw&fmt=srv1\", \"name\": \"Hawaiian\", \"impersonate\": true, \"__yt_dlp_client\": \"tv_downgraded\"}, {\"ext\": \"srv2\", \"url\": \"https://www.youtube.com/api/timedtext?v=ezv5DuvCk0E&ei=z8xXafHFHv6Z6dsP-9P_uAs&caps=asr&opi=112496729&xoaf=5&xowf=1&xospf=1&hl=en&ip=0.0.0.0&ipbits=0&expire=1767386943&sparams=ip%2Cipbits%2Cexpire%2Cv%2Cei%2Ccaps%2Copi%2Cxoaf&signature=31ACC713C92BF468B0604D892289468DE459EB82.25E594A16AE4D763A16583FBA9E0634898D041F5&key=yt8&kind=asr&lang=pl&variant=ec&tlang=haw&fmt=srv2\", \"name\": \"Hawaiian\", \"impersonate\": true, \"__yt_dlp_client\": \"tv_downgraded\"}, {\"ext\": \"srv3\", \"url\": \"https://www.youtube.com/api/timedtext?v=ezv5DuvCk0E&ei=z8xXafHFHv6Z6dsP-9P_uAs&caps=asr&opi=112496729&xoaf=5&xowf=1&xospf=1&hl=en&ip=0.0.0.0&ipbits=0&expire=1767386943&sparams=ip%2Cipbits%2Cexpire%2Cv%2Cei%2Ccaps%2Copi%2Cxoaf&signature=31ACC713C92BF468B0604D892289468DE459EB82.25E594A16AE4D763A16583FBA9E0634898D041F5&key=yt8&kind=asr&lang=pl&variant=ec&tlang=haw&fmt=srv3\", \"name\": \"Hawaiian\", \"impersonate\": true, \"__yt_dlp_client\": \"tv_downgraded\"}, {\"ext\": \"ttml\", \"url\": \"https://www.youtube.com/api/timedtext?v=ezv5DuvCk0E&ei=z8xXafHFHv6Z6dsP-9P_uAs&caps=asr&opi=112496729&xoaf=5&xowf=1&xospf=1&hl=en&ip=0.0.0.0&ipbits=0&expire=1767386943&sparams=ip%2Cipbits%2Cexpire%2Cv%2Cei%2Ccaps%2Copi%2Cxoaf&signature=31ACC713C92BF468B0604D892289468DE459EB82.25E594A16AE4D763A16583FBA9E0634898D041F5&key=yt8&kind=asr&lang=pl&variant=ec&tlang=haw&fmt=ttml\", \"name\": \"Hawaiian\", \"impersonate\": true, \"__yt_dlp_client\": \"tv_downgraded\"}, {\"ext\": \"srt\", \"url\": \"https://www.youtube.com/api/timedtext?v=ezv5DuvCk0E&ei=z8xXafHFHv6Z6dsP-9P_uAs&caps=asr&opi=112496729&xoaf=5&xowf=1&xospf=1&hl=en&ip=0.0.0.0&ipbits=0&expire=1767386943&sparams=ip%2Cipbits%2Cexpire%2Cv%2Cei%2Ccaps%2Copi%2Cxoaf&signature=31ACC713C92BF468B0604D892289468DE459EB82.25E594A16AE4D763A16583FBA9E0634898D041F5&key=yt8&kind=asr&lang=pl&variant=ec&tlang=haw&fmt=srt\", \"name\": \"Hawaiian\", \"impersonate\": true, \"__yt_dlp_client\": \"tv_downgraded\"}, {\"ext\": \"vtt\", \"url\": \"https://www.youtube.com/api/timedtext?v=ezv5DuvCk0E&ei=z8xXafHFHv6Z6dsP-9P_uAs&caps=asr&opi=112496729&xoaf=5&xowf=1&xospf=1&hl=en&ip=0.0.0.0&ipbits=0&expire=1767386943&sparams=ip%2Cipbits%2Cexpire%2Cv%2Cei%2Ccaps%2Copi%2Cxoaf&signature=31ACC713C92BF468B0604D892289468DE459EB82.25E594A16AE4D763A16583FBA9E0634898D041F5&key=yt8&kind=asr&lang=pl&variant=ec&tlang=haw&fmt=vtt\", \"name\": \"Hawaiian\", \"impersonate\": true, \"__yt_dlp_client\": \"tv_downgraded\"}], \"iw\": [{\"ext\": \"json3\", \"url\": \"https://www.youtube.com/api/timedtext?v=ezv5DuvCk0E&ei=z8xXafHFHv6Z6dsP-9P_uAs&caps=asr&opi=112496729&xoaf=5&xowf=1&xospf=1&hl=en&ip=0.0.0.0&ipbits=0&expire=1767386943&sparams=ip%2Cipbits%2Cexpire%2Cv%2Cei%2Ccaps%2Copi%2Cxoaf&signature=31ACC713C92BF468B0604D892289468DE459EB82.25E594A16AE4D763A16583FBA9E0634898D041F5&key=yt8&kind=asr&lang=pl&variant=ec&tlang=iw&fmt=json3\", \"name\": \"Hebrew\", \"impersonate\": true, \"__yt_dlp_client\": \"tv_downgraded\"}, {\"ext\": \"srv1\", \"url\": \"https://www.youtube.com/api/timedtext?v=ezv5DuvCk0E&ei=z8xXafHFHv6Z6dsP-9P_uAs&caps=asr&opi=112496729&xoaf=5&xowf=1&xospf=1&hl=en&ip=0.0.0.0&ipbits=0&expire=1767386943&sparams=ip%2Cipbits%2Cexpire%2Cv%2Cei%2Ccaps%2Copi%2Cxoaf&signature=31ACC713C92BF468B0604D892289468DE459EB82.25E594A16AE4D763A16583FBA9E0634898D041F5&key=yt8&kind=asr&lang=pl&variant=ec&tlang=iw&fmt=srv1\", \"name\": \"Hebrew\", \"impersonate\": true, \"__yt_dlp_client\": \"tv_downgraded\"}, {\"ext\": \"srv2\", \"url\": \"https://www.youtube.com/api/timedtext?v=ezv5DuvCk0E&ei=z8xXafHFHv6Z6dsP-9P_uAs&caps=asr&opi=112496729&xoaf=5&xowf=1&xospf=1&hl=en&ip=0.0.0.0&ipbits=0&expire=1767386943&sparams=ip%2Cipbits%2Cexpire%2Cv%2Cei%2Ccaps%2Copi%2Cxoaf&signature=31ACC713C92BF468B0604D892289468DE459EB82.25E594A16AE4D763A16583FBA9E0634898D041F5&key=yt8&kind=asr&lang=pl&variant=ec&tlang=iw&fmt=srv2\", \"name\": \"Hebrew\", \"impersonate\": true, \"__yt_dlp_client\": \"tv_downgraded\"}, {\"ext\": \"srv3\", \"url\": \"https://www.youtube.com/api/timedtext?v=ezv5DuvCk0E&ei=z8xXafHFHv6Z6dsP-9P_uAs&caps=asr&opi=112496729&xoaf=5&xowf=1&xospf=1&hl=en&ip=0.0.0.0&ipbits=0&expire=1767386943&sparams=ip%2Cipbits%2Cexpire%2Cv%2Cei%2Ccaps%2Copi%2Cxoaf&signature=31ACC713C92BF468B0604D892289468DE459EB82.25E594A16AE4D763A16583FBA9E0634898D041F5&key=yt8&kind=asr&lang=pl&variant=ec&tlang=iw&fmt=srv3\", \"name\": \"Hebrew\", \"impersonate\": true, \"__yt_dlp_client\": \"tv_downgraded\"}, {\"ext\": \"ttml\", \"url\": \"https://www.youtube.com/api/timedtext?v=ezv5DuvCk0E&ei=z8xXafHFHv6Z6dsP-9P_uAs&caps=asr&opi=112496729&xoaf=5&xowf=1&xospf=1&hl=en&ip=0.0.0.0&ipbits=0&expire=1767386943&sparams=ip%2Cipbits%2Cexpire%2Cv%2Cei%2Ccaps%2Copi%2Cxoaf&signature=31ACC713C92BF468B0604D892289468DE459EB82.25E594A16AE4D763A16583FBA9E0634898D041F5&key=yt8&kind=asr&lang=pl&variant=ec&tlang=iw&fmt=ttml\", \"name\": \"Hebrew\", \"impersonate\": true, \"__yt_dlp_client\": \"tv_downgraded\"}, {\"ext\": \"srt\", \"url\": \"https://www.youtube.com/api/timedtext?v=ezv5DuvCk0E&ei=z8xXafHFHv6Z6dsP-9P_uAs&caps=asr&opi=112496729&xoaf=5&xowf=1&xospf=1&hl=en&ip=0.0.0.0&ipbits=0&expire=1767386943&sparams=ip%2Cipbits%2Cexpire%2Cv%2Cei%2Ccaps%2Copi%2Cxoaf&signature=31ACC713C92BF468B0604D892289468DE459EB82.25E594A16AE4D763A16583FBA9E0634898D041F5&key=yt8&kind=asr&lang=pl&variant=ec&tlang=iw&fmt=srt\", \"name\": \"Hebrew\", \"impersonate\": true, \"__yt_dlp_client\": \"tv_downgraded\"}, {\"ext\": \"vtt\", \"url\": \"https://www.youtube.com/api/timedtext?v=ezv5DuvCk0E&ei=z8xXafHFHv6Z6dsP-9P_uAs&caps=asr&opi=112496729&xoaf=5&xowf=1&xospf=1&hl=en&ip=0.0.0.0&ipbits=0&expire=1767386943&sparams=ip%2Cipbits%2Cexpire%2Cv%2Cei%2Ccaps%2Copi%2Cxoaf&signature=31ACC713C92BF468B0604D892289468DE459EB82.25E594A16AE4D763A16583FBA9E0634898D041F5&key=yt8&kind=asr&lang=pl&variant=ec&tlang=iw&fmt=vtt\", \"name\": \"Hebrew\", \"impersonate\": true, \"__yt_dlp_client\": \"tv_downgraded\"}], \"hi\": [{\"ext\": \"json3\", \"url\": \"https://www.youtube.com/api/timedtext?v=ezv5DuvCk0E&ei=z8xXafHFHv6Z6dsP-9P_uAs&caps=asr&opi=112496729&xoaf=5&xowf=1&xospf=1&hl=en&ip=0.0.0.0&ipbits=0&expire=1767386943&sparams=ip%2Cipbits%2Cexpire%2Cv%2Cei%2Ccaps%2Copi%2Cxoaf&signature=31ACC713C92BF468B0604D892289468DE459EB82.25E594A16AE4D763A16583FBA9E0634898D041F5&key=yt8&kind=asr&lang=pl&variant=ec&tlang=hi&fmt=json3\", \"name\": \"Hindi\", \"impersonate\": true, \"__yt_dlp_client\": \"tv_downgraded\"}, {\"ext\": \"srv1\", \"url\": \"https://www.youtube.com/api/timedtext?v=ezv5DuvCk0E&ei=z8xXafHFHv6Z6dsP-9P_uAs&caps=asr&opi=112496729&xoaf=5&xowf=1&xospf=1&hl=en&ip=0.0.0.0&ipbits=0&expire=1767386943&sparams=ip%2Cipbits%2Cexpire%2Cv%2Cei%2Ccaps%2Copi%2Cxoaf&signature=31ACC713C92BF468B0604D892289468DE459EB82.25E594A16AE4D763A16583FBA9E0634898D041F5&key=yt8&kind=asr&lang=pl&variant=ec&tlang=hi&fmt=srv1\", \"name\": \"Hindi\", \"impersonate\": true, \"__yt_dlp_client\": \"tv_downgraded\"}, {\"ext\": \"srv2\", \"url\": \"https://www.youtube.com/api/timedtext?v=ezv5DuvCk0E&ei=z8xXafHFHv6Z6dsP-9P_uAs&caps=asr&opi=112496729&xoaf=5&xowf=1&xospf=1&hl=en&ip=0.0.0.0&ipbits=0&expire=1767386943&sparams=ip%2Cipbits%2Cexpire%2Cv%2Cei%2Ccaps%2Copi%2Cxoaf&signature=31ACC713C92BF468B0604D892289468DE459EB82.25E594A16AE4D763A16583FBA9E0634898D041F5&key=yt8&kind=asr&lang=pl&variant=ec&tlang=hi&fmt=srv2\", \"name\": \"Hindi\", \"impersonate\": true, \"__yt_dlp_client\": \"tv_downgraded\"}, {\"ext\": \"srv3\", \"url\": \"https://www.youtube.com/api/timedtext?v=ezv5DuvCk0E&ei=z8xXafHFHv6Z6dsP-9P_uAs&caps=asr&opi=112496729&xoaf=5&xowf=1&xospf=1&hl=en&ip=0.0.0.0&ipbits=0&expire=1767386943&sparams=ip%2Cipbits%2Cexpire%2Cv%2Cei%2Ccaps%2Copi%2Cxoaf&signature=31ACC713C92BF468B0604D892289468DE459EB82.25E594A16AE4D763A16583FBA9E0634898D041F5&key=yt8&kind=asr&lang=pl&variant=ec&tlang=hi&fmt=srv3\", \"name\": \"Hindi\", \"impersonate\": true, \"__yt_dlp_client\": \"tv_downgraded\"}, {\"ext\": \"ttml\", \"url\": \"https://www.youtube.com/api/timedtext?v=ezv5DuvCk0E&ei=z8xXafHFHv6Z6dsP-9P_uAs&caps=asr&opi=112496729&xoaf=5&xowf=1&xospf=1&hl=en&ip=0.0.0.0&ipbits=0&expire=1767386943&sparams=ip%2Cipbits%2Cexpire%2Cv%2Cei%2Ccaps%2Copi%2Cxoaf&signature=31ACC713C92BF468B0604D892289468DE459EB82.25E594A16AE4D763A16583FBA9E0634898D041F5&key=yt8&kind=asr&lang=pl&variant=ec&tlang=hi&fmt=ttml\", \"name\": \"Hindi\", \"impersonate\": true, \"__yt_dlp_client\": \"tv_downgraded\"}, {\"ext\": \"srt\", \"url\": \"https://www.youtube.com/api/timedtext?v=ezv5DuvCk0E&ei=z8xXafHFHv6Z6dsP-9P_uAs&caps=asr&opi=112496729&xoaf=5&xowf=1&xospf=1&hl=en&ip=0.0.0.0&ipbits=0&expire=1767386943&sparams=ip%2Cipbits%2Cexpire%2Cv%2Cei%2Ccaps%2Copi%2Cxoaf&signature=31ACC713C92BF468B0604D892289468DE459EB82.25E594A16AE4D763A16583FBA9E0634898D041F5&key=yt8&kind=asr&lang=pl&variant=ec&tlang=hi&fmt=srt\", \"name\": \"Hindi\", \"impersonate\": true, \"__yt_dlp_client\": \"tv_downgraded\"}, {\"ext\": \"vtt\", \"url\": \"https://www.youtube.com/api/timedtext?v=ezv5DuvCk0E&ei=z8xXafHFHv6Z6dsP-9P_uAs&caps=asr&opi=112496729&xoaf=5&xowf=1&xospf=1&hl=en&ip=0.0.0.0&ipbits=0&expire=1767386943&sparams=ip%2Cipbits%2Cexpire%2Cv%2Cei%2Ccaps%2Copi%2Cxoaf&signature=31ACC713C92BF468B0604D892289468DE459EB82.25E594A16AE4D763A16583FBA9E0634898D041F5&key=yt8&kind=asr&lang=pl&variant=ec&tlang=hi&fmt=vtt\", \"name\": \"Hindi\", \"impersonate\": true, \"__yt_dlp_client\": \"tv_downgraded\"}], \"hmn\": [{\"ext\": \"json3\", \"url\": \"https://www.youtube.com/api/timedtext?v=ezv5DuvCk0E&ei=z8xXafHFHv6Z6dsP-9P_uAs&caps=asr&opi=112496729&xoaf=5&xowf=1&xospf=1&hl=en&ip=0.0.0.0&ipbits=0&expire=1767386943&sparams=ip%2Cipbits%2Cexpire%2Cv%2Cei%2Ccaps%2Copi%2Cxoaf&signature=31ACC713C92BF468B0604D892289468DE459EB82.25E594A16AE4D763A16583FBA9E0634898D041F5&key=yt8&kind=asr&lang=pl&variant=ec&tlang=hmn&fmt=json3\", \"name\": \"Hmong\", \"impersonate\": true, \"__yt_dlp_client\": \"tv_downgraded\"}, {\"ext\": \"srv1\", \"url\": \"https://www.youtube.com/api/timedtext?v=ezv5DuvCk0E&ei=z8xXafHFHv6Z6dsP-9P_uAs&caps=asr&opi=112496729&xoaf=5&xowf=1&xospf=1&hl=en&ip=0.0.0.0&ipbits=0&expire=1767386943&sparams=ip%2Cipbits%2Cexpire%2Cv%2Cei%2Ccaps%2Copi%2Cxoaf&signature=31ACC713C92BF468B0604D892289468DE459EB82.25E594A16AE4D763A16583FBA9E0634898D041F5&key=yt8&kind=asr&lang=pl&variant=ec&tlang=hmn&fmt=srv1\", \"name\": \"Hmong\", \"impersonate\": true, \"__yt_dlp_client\": \"tv_downgraded\"}, {\"ext\": \"srv2\", \"url\": \"https://www.youtube.com/api/timedtext?v=ezv5DuvCk0E&ei=z8xXafHFHv6Z6dsP-9P_uAs&caps=asr&opi=112496729&xoaf=5&xowf=1&xospf=1&hl=en&ip=0.0.0.0&ipbits=0&expire=1767386943&sparams=ip%2Cipbits%2Cexpire%2Cv%2Cei%2Ccaps%2Copi%2Cxoaf&signature=31ACC713C92BF468B0604D892289468DE459EB82.25E594A16AE4D763A16583FBA9E0634898D041F5&key=yt8&kind=asr&lang=pl&variant=ec&tlang=hmn&fmt=srv2\", \"name\": \"Hmong\", \"impersonate\": true, \"__yt_dlp_client\": \"tv_downgraded\"}, {\"ext\": \"srv3\", \"url\": \"https://www.youtube.com/api/timedtext?v=ezv5DuvCk0E&ei=z8xXafHFHv6Z6dsP-9P_uAs&caps=asr&opi=112496729&xoaf=5&xowf=1&xospf=1&hl=en&ip=0.0.0.0&ipbits=0&expire=1767386943&sparams=ip%2Cipbits%2Cexpire%2Cv%2Cei%2Ccaps%2Copi%2Cxoaf&signature=31ACC713C92BF468B0604D892289468DE459EB82.25E594A16AE4D763A16583FBA9E0634898D041F5&key=yt8&kind=asr&lang=pl&variant=ec&tlang=hmn&fmt=srv3\", \"name\": \"Hmong\", \"impersonate\": true, \"__yt_dlp_client\": \"tv_downgraded\"}, {\"ext\": \"ttml\", \"url\": \"https://www.youtube.com/api/timedtext?v=ezv5DuvCk0E&ei=z8xXafHFHv6Z6dsP-9P_uAs&caps=asr&opi=112496729&xoaf=5&xowf=1&xospf=1&hl=en&ip=0.0.0.0&ipbits=0&expire=1767386943&sparams=ip%2Cipbits%2Cexpire%2Cv%2Cei%2Ccaps%2Copi%2Cxoaf&signature=31ACC713C92BF468B0604D892289468DE459EB82.25E594A16AE4D763A16583FBA9E0634898D041F5&key=yt8&kind=asr&lang=pl&variant=ec&tlang=hmn&fmt=ttml\", \"name\": \"Hmong\", \"impersonate\": true, \"__yt_dlp_client\": \"tv_downgraded\"}, {\"ext\": \"srt\", \"url\": \"https://www.youtube.com/api/timedtext?v=ezv5DuvCk0E&ei=z8xXafHFHv6Z6dsP-9P_uAs&caps=asr&opi=112496729&xoaf=5&xowf=1&xospf=1&hl=en&ip=0.0.0.0&ipbits=0&expire=1767386943&sparams=ip%2Cipbits%2Cexpire%2Cv%2Cei%2Ccaps%2Copi%2Cxoaf&signature=31ACC713C92BF468B0604D892289468DE459EB82.25E594A16AE4D763A16583FBA9E0634898D041F5&key=yt8&kind=asr&lang=pl&variant=ec&tlang=hmn&fmt=srt\", \"name\": \"Hmong\", \"impersonate\": true, \"__yt_dlp_client\": \"tv_downgraded\"}, {\"ext\": \"vtt\", \"url\": \"https://www.youtube.com/api/timedtext?v=ezv5DuvCk0E&ei=z8xXafHFHv6Z6dsP-9P_uAs&caps=asr&opi=112496729&xoaf=5&xowf=1&xospf=1&hl=en&ip=0.0.0.0&ipbits=0&expire=1767386943&sparams=ip%2Cipbits%2Cexpire%2Cv%2Cei%2Ccaps%2Copi%2Cxoaf&signature=31ACC713C92BF468B0604D892289468DE459EB82.25E594A16AE4D763A16583FBA9E0634898D041F5&key=yt8&kind=asr&lang=pl&variant=ec&tlang=hmn&fmt=vtt\", \"name\": \"Hmong\", \"impersonate\": true, \"__yt_dlp_client\": \"tv_downgraded\"}], \"hu\": [{\"ext\": \"json3\", \"url\": \"https://www.youtube.com/api/timedtext?v=ezv5DuvCk0E&ei=z8xXafHFHv6Z6dsP-9P_uAs&caps=asr&opi=112496729&xoaf=5&xowf=1&xospf=1&hl=en&ip=0.0.0.0&ipbits=0&expire=1767386943&sparams=ip%2Cipbits%2Cexpire%2Cv%2Cei%2Ccaps%2Copi%2Cxoaf&signature=31ACC713C92BF468B0604D892289468DE459EB82.25E594A16AE4D763A16583FBA9E0634898D041F5&key=yt8&kind=asr&lang=pl&variant=ec&tlang=hu&fmt=json3\", \"name\": \"Hungarian\", \"impersonate\": true, \"__yt_dlp_client\": \"tv_downgraded\"}, {\"ext\": \"srv1\", \"url\": \"https://www.youtube.com/api/timedtext?v=ezv5DuvCk0E&ei=z8xXafHFHv6Z6dsP-9P_uAs&caps=asr&opi=112496729&xoaf=5&xowf=1&xospf=1&hl=en&ip=0.0.0.0&ipbits=0&expire=1767386943&sparams=ip%2Cipbits%2Cexpire%2Cv%2Cei%2Ccaps%2Copi%2Cxoaf&signature=31ACC713C92BF468B0604D892289468DE459EB82.25E594A16AE4D763A16583FBA9E0634898D041F5&key=yt8&kind=asr&lang=pl&variant=ec&tlang=hu&fmt=srv1\", \"name\": \"Hungarian\", \"impersonate\": true, \"__yt_dlp_client\": \"tv_downgraded\"}, {\"ext\": \"srv2\", \"url\": \"https://www.youtube.com/api/timedtext?v=ezv5DuvCk0E&ei=z8xXafHFHv6Z6dsP-9P_uAs&caps=asr&opi=112496729&xoaf=5&xowf=1&xospf=1&hl=en&ip=0.0.0.0&ipbits=0&expire=1767386943&sparams=ip%2Cipbits%2Cexpire%2Cv%2Cei%2Ccaps%2Copi%2Cxoaf&signature=31ACC713C92BF468B0604D892289468DE459EB82.25E594A16AE4D763A16583FBA9E0634898D041F5&key=yt8&kind=asr&lang=pl&variant=ec&tlang=hu&fmt=srv2\", \"name\": \"Hungarian\", \"impersonate\": true, \"__yt_dlp_client\": \"tv_downgraded\"}, {\"ext\": \"srv3\", \"url\": \"https://www.youtube.com/api/timedtext?v=ezv5DuvCk0E&ei=z8xXafHFHv6Z6dsP-9P_uAs&caps=asr&opi=112496729&xoaf=5&xowf=1&xospf=1&hl=en&ip=0.0.0.0&ipbits=0&expire=1767386943&sparams=ip%2Cipbits%2Cexpire%2Cv%2Cei%2Ccaps%2Copi%2Cxoaf&signature=31ACC713C92BF468B0604D892289468DE459EB82.25E594A16AE4D763A16583FBA9E0634898D041F5&key=yt8&kind=asr&lang=pl&variant=ec&tlang=hu&fmt=srv3\", \"name\": \"Hungarian\", \"impersonate\": true, \"__yt_dlp_client\": \"tv_downgraded\"}, {\"ext\": \"ttml\", \"url\": \"https://www.youtube.com/api/timedtext?v=ezv5DuvCk0E&ei=z8xXafHFHv6Z6dsP-9P_uAs&caps=asr&opi=112496729&xoaf=5&xowf=1&xospf=1&hl=en&ip=0.0.0.0&ipbits=0&expire=1767386943&sparams=ip%2Cipbits%2Cexpire%2Cv%2Cei%2Ccaps%2Copi%2Cxoaf&signature=31ACC713C92BF468B0604D892289468DE459EB82.25E594A16AE4D763A16583FBA9E0634898D041F5&key=yt8&kind=asr&lang=pl&variant=ec&tlang=hu&fmt=ttml\", \"name\": \"Hungarian\", \"impersonate\": true, \"__yt_dlp_client\": \"tv_downgraded\"}, {\"ext\": \"srt\", \"url\": \"https://www.youtube.com/api/timedtext?v=ezv5DuvCk0E&ei=z8xXafHFHv6Z6dsP-9P_uAs&caps=asr&opi=112496729&xoaf=5&xowf=1&xospf=1&hl=en&ip=0.0.0.0&ipbits=0&expire=1767386943&sparams=ip%2Cipbits%2Cexpire%2Cv%2Cei%2Ccaps%2Copi%2Cxoaf&signature=31ACC713C92BF468B0604D892289468DE459EB82.25E594A16AE4D763A16583FBA9E0634898D041F5&key=yt8&kind=asr&lang=pl&variant=ec&tlang=hu&fmt=srt\", \"name\": \"Hungarian\", \"impersonate\": true, \"__yt_dlp_client\": \"tv_downgraded\"}, {\"ext\": \"vtt\", \"url\": \"https://www.youtube.com/api/timedtext?v=ezv5DuvCk0E&ei=z8xXafHFHv6Z6dsP-9P_uAs&caps=asr&opi=112496729&xoaf=5&xowf=1&xospf=1&hl=en&ip=0.0.0.0&ipbits=0&expire=1767386943&sparams=ip%2Cipbits%2Cexpire%2Cv%2Cei%2Ccaps%2Copi%2Cxoaf&signature=31ACC713C92BF468B0604D892289468DE459EB82.25E594A16AE4D763A16583FBA9E0634898D041F5&key=yt8&kind=asr&lang=pl&variant=ec&tlang=hu&fmt=vtt\", \"name\": \"Hungarian\", \"impersonate\": true, \"__yt_dlp_client\": \"tv_downgraded\"}], \"is\": [{\"ext\": \"json3\", \"url\": \"https://www.youtube.com/api/timedtext?v=ezv5DuvCk0E&ei=z8xXafHFHv6Z6dsP-9P_uAs&caps=asr&opi=112496729&xoaf=5&xowf=1&xospf=1&hl=en&ip=0.0.0.0&ipbits=0&expire=1767386943&sparams=ip%2Cipbits%2Cexpire%2Cv%2Cei%2Ccaps%2Copi%2Cxoaf&signature=31ACC713C92BF468B0604D892289468DE459EB82.25E594A16AE4D763A16583FBA9E0634898D041F5&key=yt8&kind=asr&lang=pl&variant=ec&tlang=is&fmt=json3\", \"name\": \"Icelandic\", \"impersonate\": true, \"__yt_dlp_client\": \"tv_downgraded\"}, {\"ext\": \"srv1\", \"url\": \"https://www.youtube.com/api/timedtext?v=ezv5DuvCk0E&ei=z8xXafHFHv6Z6dsP-9P_uAs&caps=asr&opi=112496729&xoaf=5&xowf=1&xospf=1&hl=en&ip=0.0.0.0&ipbits=0&expire=1767386943&sparams=ip%2Cipbits%2Cexpire%2Cv%2Cei%2Ccaps%2Copi%2Cxoaf&signature=31ACC713C92BF468B0604D892289468DE459EB82.25E594A16AE4D763A16583FBA9E0634898D041F5&key=yt8&kind=asr&lang=pl&variant=ec&tlang=is&fmt=srv1\", \"name\": \"Icelandic\", \"impersonate\": true, \"__yt_dlp_client\": \"tv_downgraded\"}, {\"ext\": \"srv2\", \"url\": \"https://www.youtube.com/api/timedtext?v=ezv5DuvCk0E&ei=z8xXafHFHv6Z6dsP-9P_uAs&caps=asr&opi=112496729&xoaf=5&xowf=1&xospf=1&hl=en&ip=0.0.0.0&ipbits=0&expire=1767386943&sparams=ip%2Cipbits%2Cexpire%2Cv%2Cei%2Ccaps%2Copi%2Cxoaf&signature=31ACC713C92BF468B0604D892289468DE459EB82.25E594A16AE4D763A16583FBA9E0634898D041F5&key=yt8&kind=asr&lang=pl&variant=ec&tlang=is&fmt=srv2\", \"name\": \"Icelandic\", \"impersonate\": true, \"__yt_dlp_client\": \"tv_downgraded\"}, {\"ext\": \"srv3\", \"url\": \"https://www.youtube.com/api/timedtext?v=ezv5DuvCk0E&ei=z8xXafHFHv6Z6dsP-9P_uAs&caps=asr&opi=112496729&xoaf=5&xowf=1&xospf=1&hl=en&ip=0.0.0.0&ipbits=0&expire=1767386943&sparams=ip%2Cipbits%2Cexpire%2Cv%2Cei%2Ccaps%2Copi%2Cxoaf&signature=31ACC713C92BF468B0604D892289468DE459EB82.25E594A16AE4D763A16583FBA9E0634898D041F5&key=yt8&kind=asr&lang=pl&variant=ec&tlang=is&fmt=srv3\", \"name\": \"Icelandic\", \"impersonate\": true, \"__yt_dlp_client\": \"tv_downgraded\"}, {\"ext\": \"ttml\", \"url\": \"https://www.youtube.com/api/timedtext?v=ezv5DuvCk0E&ei=z8xXafHFHv6Z6dsP-9P_uAs&caps=asr&opi=112496729&xoaf=5&xowf=1&xospf=1&hl=en&ip=0.0.0.0&ipbits=0&expire=1767386943&sparams=ip%2Cipbits%2Cexpire%2Cv%2Cei%2Ccaps%2Copi%2Cxoaf&signature=31ACC713C92BF468B0604D892289468DE459EB82.25E594A16AE4D763A16583FBA9E0634898D041F5&key=yt8&kind=asr&lang=pl&variant=ec&tlang=is&fmt=ttml\", \"name\": \"Icelandic\", \"impersonate\": true, \"__yt_dlp_client\": \"tv_downgraded\"}, {\"ext\": \"srt\", \"url\": \"https://www.youtube.com/api/timedtext?v=ezv5DuvCk0E&ei=z8xXafHFHv6Z6dsP-9P_uAs&caps=asr&opi=112496729&xoaf=5&xowf=1&xospf=1&hl=en&ip=0.0.0.0&ipbits=0&expire=1767386943&sparams=ip%2Cipbits%2Cexpire%2Cv%2Cei%2Ccaps%2Copi%2Cxoaf&signature=31ACC713C92BF468B0604D892289468DE459EB82.25E594A16AE4D763A16583FBA9E0634898D041F5&key=yt8&kind=asr&lang=pl&variant=ec&tlang=is&fmt=srt\", \"name\": \"Icelandic\", \"impersonate\": true, \"__yt_dlp_client\": \"tv_downgraded\"}, {\"ext\": \"vtt\", \"url\": \"https://www.youtube.com/api/timedtext?v=ezv5DuvCk0E&ei=z8xXafHFHv6Z6dsP-9P_uAs&caps=asr&opi=112496729&xoaf=5&xowf=1&xospf=1&hl=en&ip=0.0.0.0&ipbits=0&expire=1767386943&sparams=ip%2Cipbits%2Cexpire%2Cv%2Cei%2Ccaps%2Copi%2Cxoaf&signature=31ACC713C92BF468B0604D892289468DE459EB82.25E594A16AE4D763A16583FBA9E0634898D041F5&key=yt8&kind=asr&lang=pl&variant=ec&tlang=is&fmt=vtt\", \"name\": \"Icelandic\", \"impersonate\": true, \"__yt_dlp_client\": \"tv_downgraded\"}], \"ig\": [{\"ext\": \"json3\", \"url\": \"https://www.youtube.com/api/timedtext?v=ezv5DuvCk0E&ei=z8xXafHFHv6Z6dsP-9P_uAs&caps=asr&opi=112496729&xoaf=5&xowf=1&xospf=1&hl=en&ip=0.0.0.0&ipbits=0&expire=1767386943&sparams=ip%2Cipbits%2Cexpire%2Cv%2Cei%2Ccaps%2Copi%2Cxoaf&signature=31ACC713C92BF468B0604D892289468DE459EB82.25E594A16AE4D763A16583FBA9E0634898D041F5&key=yt8&kind=asr&lang=pl&variant=ec&tlang=ig&fmt=json3\", \"name\": \"Igbo\", \"impersonate\": true, \"__yt_dlp_client\": \"tv_downgraded\"}, {\"ext\": \"srv1\", \"url\": \"https://www.youtube.com/api/timedtext?v=ezv5DuvCk0E&ei=z8xXafHFHv6Z6dsP-9P_uAs&caps=asr&opi=112496729&xoaf=5&xowf=1&xospf=1&hl=en&ip=0.0.0.0&ipbits=0&expire=1767386943&sparams=ip%2Cipbits%2Cexpire%2Cv%2Cei%2Ccaps%2Copi%2Cxoaf&signature=31ACC713C92BF468B0604D892289468DE459EB82.25E594A16AE4D763A16583FBA9E0634898D041F5&key=yt8&kind=asr&lang=pl&variant=ec&tlang=ig&fmt=srv1\", \"name\": \"Igbo\", \"impersonate\": true, \"__yt_dlp_client\": \"tv_downgraded\"}, {\"ext\": \"srv2\", \"url\": \"https://www.youtube.com/api/timedtext?v=ezv5DuvCk0E&ei=z8xXafHFHv6Z6dsP-9P_uAs&caps=asr&opi=112496729&xoaf=5&xowf=1&xospf=1&hl=en&ip=0.0.0.0&ipbits=0&expire=1767386943&sparams=ip%2Cipbits%2Cexpire%2Cv%2Cei%2Ccaps%2Copi%2Cxoaf&signature=31ACC713C92BF468B0604D892289468DE459EB82.25E594A16AE4D763A16583FBA9E0634898D041F5&key=yt8&kind=asr&lang=pl&variant=ec&tlang=ig&fmt=srv2\", \"name\": \"Igbo\", \"impersonate\": true, \"__yt_dlp_client\": \"tv_downgraded\"}, {\"ext\": \"srv3\", \"url\": \"https://www.youtube.com/api/timedtext?v=ezv5DuvCk0E&ei=z8xXafHFHv6Z6dsP-9P_uAs&caps=asr&opi=112496729&xoaf=5&xowf=1&xospf=1&hl=en&ip=0.0.0.0&ipbits=0&expire=1767386943&sparams=ip%2Cipbits%2Cexpire%2Cv%2Cei%2Ccaps%2Copi%2Cxoaf&signature=31ACC713C92BF468B0604D892289468DE459EB82.25E594A16AE4D763A16583FBA9E0634898D041F5&key=yt8&kind=asr&lang=pl&variant=ec&tlang=ig&fmt=srv3\", \"name\": \"Igbo\", \"impersonate\": true, \"__yt_dlp_client\": \"tv_downgraded\"}, {\"ext\": \"ttml\", \"url\": \"https://www.youtube.com/api/timedtext?v=ezv5DuvCk0E&ei=z8xXafHFHv6Z6dsP-9P_uAs&caps=asr&opi=112496729&xoaf=5&xowf=1&xospf=1&hl=en&ip=0.0.0.0&ipbits=0&expire=1767386943&sparams=ip%2Cipbits%2Cexpire%2Cv%2Cei%2Ccaps%2Copi%2Cxoaf&signature=31ACC713C92BF468B0604D892289468DE459EB82.25E594A16AE4D763A16583FBA9E0634898D041F5&key=yt8&kind=asr&lang=pl&variant=ec&tlang=ig&fmt=ttml\", \"name\": \"Igbo\", \"impersonate\": true, \"__yt_dlp_client\": \"tv_downgraded\"}, {\"ext\": \"srt\", \"url\": \"https://www.youtube.com/api/timedtext?v=ezv5DuvCk0E&ei=z8xXafHFHv6Z6dsP-9P_uAs&caps=asr&opi=112496729&xoaf=5&xowf=1&xospf=1&hl=en&ip=0.0.0.0&ipbits=0&expire=1767386943&sparams=ip%2Cipbits%2Cexpire%2Cv%2Cei%2Ccaps%2Copi%2Cxoaf&signature=31ACC713C92BF468B0604D892289468DE459EB82.25E594A16AE4D763A16583FBA9E0634898D041F5&key=yt8&kind=asr&lang=pl&variant=ec&tlang=ig&fmt=srt\", \"name\": \"Igbo\", \"impersonate\": true, \"__yt_dlp_client\": \"tv_downgraded\"}, {\"ext\": \"vtt\", \"url\": \"https://www.youtube.com/api/timedtext?v=ezv5DuvCk0E&ei=z8xXafHFHv6Z6dsP-9P_uAs&caps=asr&opi=112496729&xoaf=5&xowf=1&xospf=1&hl=en&ip=0.0.0.0&ipbits=0&expire=1767386943&sparams=ip%2Cipbits%2Cexpire%2Cv%2Cei%2Ccaps%2Copi%2Cxoaf&signature=31ACC713C92BF468B0604D892289468DE459EB82.25E594A16AE4D763A16583FBA9E0634898D041F5&key=yt8&kind=asr&lang=pl&variant=ec&tlang=ig&fmt=vtt\", \"name\": \"Igbo\", \"impersonate\": true, \"__yt_dlp_client\": \"tv_downgraded\"}], \"id\": [{\"ext\": \"json3\", \"url\": \"https://www.youtube.com/api/timedtext?v=ezv5DuvCk0E&ei=z8xXafHFHv6Z6dsP-9P_uAs&caps=asr&opi=112496729&xoaf=5&xowf=1&xospf=1&hl=en&ip=0.0.0.0&ipbits=0&expire=1767386943&sparams=ip%2Cipbits%2Cexpire%2Cv%2Cei%2Ccaps%2Copi%2Cxoaf&signature=31ACC713C92BF468B0604D892289468DE459EB82.25E594A16AE4D763A16583FBA9E0634898D041F5&key=yt8&kind=asr&lang=pl&variant=ec&tlang=id&fmt=json3\", \"name\": \"Indonesian\", \"impersonate\": true, \"__yt_dlp_client\": \"tv_downgraded\"}, {\"ext\": \"srv1\", \"url\": \"https://www.youtube.com/api/timedtext?v=ezv5DuvCk0E&ei=z8xXafHFHv6Z6dsP-9P_uAs&caps=asr&opi=112496729&xoaf=5&xowf=1&xospf=1&hl=en&ip=0.0.0.0&ipbits=0&expire=1767386943&sparams=ip%2Cipbits%2Cexpire%2Cv%2Cei%2Ccaps%2Copi%2Cxoaf&signature=31ACC713C92BF468B0604D892289468DE459EB82.25E594A16AE4D763A16583FBA9E0634898D041F5&key=yt8&kind=asr&lang=pl&variant=ec&tlang=id&fmt=srv1\", \"name\": \"Indonesian\", \"impersonate\": true, \"__yt_dlp_client\": \"tv_downgraded\"}, {\"ext\": \"srv2\", \"url\": \"https://www.youtube.com/api/timedtext?v=ezv5DuvCk0E&ei=z8xXafHFHv6Z6dsP-9P_uAs&caps=asr&opi=112496729&xoaf=5&xowf=1&xospf=1&hl=en&ip=0.0.0.0&ipbits=0&expire=1767386943&sparams=ip%2Cipbits%2Cexpire%2Cv%2Cei%2Ccaps%2Copi%2Cxoaf&signature=31ACC713C92BF468B0604D892289468DE459EB82.25E594A16AE4D763A16583FBA9E0634898D041F5&key=yt8&kind=asr&lang=pl&variant=ec&tlang=id&fmt=srv2\", \"name\": \"Indonesian\", \"impersonate\": true, \"__yt_dlp_client\": \"tv_downgraded\"}, {\"ext\": \"srv3\", \"url\": \"https://www.youtube.com/api/timedtext?v=ezv5DuvCk0E&ei=z8xXafHFHv6Z6dsP-9P_uAs&caps=asr&opi=112496729&xoaf=5&xowf=1&xospf=1&hl=en&ip=0.0.0.0&ipbits=0&expire=1767386943&sparams=ip%2Cipbits%2Cexpire%2Cv%2Cei%2Ccaps%2Copi%2Cxoaf&signature=31ACC713C92BF468B0604D892289468DE459EB82.25E594A16AE4D763A16583FBA9E0634898D041F5&key=yt8&kind=asr&lang=pl&variant=ec&tlang=id&fmt=srv3\", \"name\": \"Indonesian\", \"impersonate\": true, \"__yt_dlp_client\": \"tv_downgraded\"}, {\"ext\": \"ttml\", \"url\": \"https://www.youtube.com/api/timedtext?v=ezv5DuvCk0E&ei=z8xXafHFHv6Z6dsP-9P_uAs&caps=asr&opi=112496729&xoaf=5&xowf=1&xospf=1&hl=en&ip=0.0.0.0&ipbits=0&expire=1767386943&sparams=ip%2Cipbits%2Cexpire%2Cv%2Cei%2Ccaps%2Copi%2Cxoaf&signature=31ACC713C92BF468B0604D892289468DE459EB82.25E594A16AE4D763A16583FBA9E0634898D041F5&key=yt8&kind=asr&lang=pl&variant=ec&tlang=id&fmt=ttml\", \"name\": \"Indonesian\", \"impersonate\": true, \"__yt_dlp_client\": \"tv_downgraded\"}, {\"ext\": \"srt\", \"url\": \"https://www.youtube.com/api/timedtext?v=ezv5DuvCk0E&ei=z8xXafHFHv6Z6dsP-9P_uAs&caps=asr&opi=112496729&xoaf=5&xowf=1&xospf=1&hl=en&ip=0.0.0.0&ipbits=0&expire=1767386943&sparams=ip%2Cipbits%2Cexpire%2Cv%2Cei%2Ccaps%2Copi%2Cxoaf&signature=31ACC713C92BF468B0604D892289468DE459EB82.25E594A16AE4D763A16583FBA9E0634898D041F5&key=yt8&kind=asr&lang=pl&variant=ec&tlang=id&fmt=srt\", \"name\": \"Indonesian\", \"impersonate\": true, \"__yt_dlp_client\": \"tv_downgraded\"}, {\"ext\": \"vtt\", \"url\": \"https://www.youtube.com/api/timedtext?v=ezv5DuvCk0E&ei=z8xXafHFHv6Z6dsP-9P_uAs&caps=asr&opi=112496729&xoaf=5&xowf=1&xospf=1&hl=en&ip=0.0.0.0&ipbits=0&expire=1767386943&sparams=ip%2Cipbits%2Cexpire%2Cv%2Cei%2Ccaps%2Copi%2Cxoaf&signature=31ACC713C92BF468B0604D892289468DE459EB82.25E594A16AE4D763A16583FBA9E0634898D041F5&key=yt8&kind=asr&lang=pl&variant=ec&tlang=id&fmt=vtt\", \"name\": \"Indonesian\", \"impersonate\": true, \"__yt_dlp_client\": \"tv_downgraded\"}], \"iu\": [{\"ext\": \"json3\", \"url\": \"https://www.youtube.com/api/timedtext?v=ezv5DuvCk0E&ei=z8xXafHFHv6Z6dsP-9P_uAs&caps=asr&opi=112496729&xoaf=5&xowf=1&xospf=1&hl=en&ip=0.0.0.0&ipbits=0&expire=1767386943&sparams=ip%2Cipbits%2Cexpire%2Cv%2Cei%2Ccaps%2Copi%2Cxoaf&signature=31ACC713C92BF468B0604D892289468DE459EB82.25E594A16AE4D763A16583FBA9E0634898D041F5&key=yt8&kind=asr&lang=pl&variant=ec&tlang=iu&fmt=json3\", \"name\": \"Inuktitut\", \"impersonate\": true, \"__yt_dlp_client\": \"tv_downgraded\"}, {\"ext\": \"srv1\", \"url\": \"https://www.youtube.com/api/timedtext?v=ezv5DuvCk0E&ei=z8xXafHFHv6Z6dsP-9P_uAs&caps=asr&opi=112496729&xoaf=5&xowf=1&xospf=1&hl=en&ip=0.0.0.0&ipbits=0&expire=1767386943&sparams=ip%2Cipbits%2Cexpire%2Cv%2Cei%2Ccaps%2Copi%2Cxoaf&signature=31ACC713C92BF468B0604D892289468DE459EB82.25E594A16AE4D763A16583FBA9E0634898D041F5&key=yt8&kind=asr&lang=pl&variant=ec&tlang=iu&fmt=srv1\", \"name\": \"Inuktitut\", \"impersonate\": true, \"__yt_dlp_client\": \"tv_downgraded\"}, {\"ext\": \"srv2\", \"url\": \"https://www.youtube.com/api/timedtext?v=ezv5DuvCk0E&ei=z8xXafHFHv6Z6dsP-9P_uAs&caps=asr&opi=112496729&xoaf=5&xowf=1&xospf=1&hl=en&ip=0.0.0.0&ipbits=0&expire=1767386943&sparams=ip%2Cipbits%2Cexpire%2Cv%2Cei%2Ccaps%2Copi%2Cxoaf&signature=31ACC713C92BF468B0604D892289468DE459EB82.25E594A16AE4D763A16583FBA9E0634898D041F5&key=yt8&kind=asr&lang=pl&variant=ec&tlang=iu&fmt=srv2\", \"name\": \"Inuktitut\", \"impersonate\": true, \"__yt_dlp_client\": \"tv_downgraded\"}, {\"ext\": \"srv3\", \"url\": \"https://www.youtube.com/api/timedtext?v=ezv5DuvCk0E&ei=z8xXafHFHv6Z6dsP-9P_uAs&caps=asr&opi=112496729&xoaf=5&xowf=1&xospf=1&hl=en&ip=0.0.0.0&ipbits=0&expire=1767386943&sparams=ip%2Cipbits%2Cexpire%2Cv%2Cei%2Ccaps%2Copi%2Cxoaf&signature=31ACC713C92BF468B0604D892289468DE459EB82.25E594A16AE4D763A16583FBA9E0634898D041F5&key=yt8&kind=asr&lang=pl&variant=ec&tlang=iu&fmt=srv3\", \"name\": \"Inuktitut\", \"impersonate\": true, \"__yt_dlp_client\": \"tv_downgraded\"}, {\"ext\": \"ttml\", \"url\": \"https://www.youtube.com/api/timedtext?v=ezv5DuvCk0E&ei=z8xXafHFHv6Z6dsP-9P_uAs&caps=asr&opi=112496729&xoaf=5&xowf=1&xospf=1&hl=en&ip=0.0.0.0&ipbits=0&expire=1767386943&sparams=ip%2Cipbits%2Cexpire%2Cv%2Cei%2Ccaps%2Copi%2Cxoaf&signature=31ACC713C92BF468B0604D892289468DE459EB82.25E594A16AE4D763A16583FBA9E0634898D041F5&key=yt8&kind=asr&lang=pl&variant=ec&tlang=iu&fmt=ttml\", \"name\": \"Inuktitut\", \"impersonate\": true, \"__yt_dlp_client\": \"tv_downgraded\"}, {\"ext\": \"srt\", \"url\": \"https://www.youtube.com/api/timedtext?v=ezv5DuvCk0E&ei=z8xXafHFHv6Z6dsP-9P_uAs&caps=asr&opi=112496729&xoaf=5&xowf=1&xospf=1&hl=en&ip=0.0.0.0&ipbits=0&expire=1767386943&sparams=ip%2Cipbits%2Cexpire%2Cv%2Cei%2Ccaps%2Copi%2Cxoaf&signature=31ACC713C92BF468B0604D892289468DE459EB82.25E594A16AE4D763A16583FBA9E0634898D041F5&key=yt8&kind=asr&lang=pl&variant=ec&tlang=iu&fmt=srt\", \"name\": \"Inuktitut\", \"impersonate\": true, \"__yt_dlp_client\": \"tv_downgraded\"}, {\"ext\": \"vtt\", \"url\": \"https://www.youtube.com/api/timedtext?v=ezv5DuvCk0E&ei=z8xXafHFHv6Z6dsP-9P_uAs&caps=asr&opi=112496729&xoaf=5&xowf=1&xospf=1&hl=en&ip=0.0.0.0&ipbits=0&expire=1767386943&sparams=ip%2Cipbits%2Cexpire%2Cv%2Cei%2Ccaps%2Copi%2Cxoaf&signature=31ACC713C92BF468B0604D892289468DE459EB82.25E594A16AE4D763A16583FBA9E0634898D041F5&key=yt8&kind=asr&lang=pl&variant=ec&tlang=iu&fmt=vtt\", \"name\": \"Inuktitut\", \"impersonate\": true, \"__yt_dlp_client\": \"tv_downgraded\"}], \"ga\": [{\"ext\": \"json3\", \"url\": \"https://www.youtube.com/api/timedtext?v=ezv5DuvCk0E&ei=z8xXafHFHv6Z6dsP-9P_uAs&caps=asr&opi=112496729&xoaf=5&xowf=1&xospf=1&hl=en&ip=0.0.0.0&ipbits=0&expire=1767386943&sparams=ip%2Cipbits%2Cexpire%2Cv%2Cei%2Ccaps%2Copi%2Cxoaf&signature=31ACC713C92BF468B0604D892289468DE459EB82.25E594A16AE4D763A16583FBA9E0634898D041F5&key=yt8&kind=asr&lang=pl&variant=ec&tlang=ga&fmt=json3\", \"name\": \"Irish\", \"impersonate\": true, \"__yt_dlp_client\": \"tv_downgraded\"}, {\"ext\": \"srv1\", \"url\": \"https://www.youtube.com/api/timedtext?v=ezv5DuvCk0E&ei=z8xXafHFHv6Z6dsP-9P_uAs&caps=asr&opi=112496729&xoaf=5&xowf=1&xospf=1&hl=en&ip=0.0.0.0&ipbits=0&expire=1767386943&sparams=ip%2Cipbits%2Cexpire%2Cv%2Cei%2Ccaps%2Copi%2Cxoaf&signature=31ACC713C92BF468B0604D892289468DE459EB82.25E594A16AE4D763A16583FBA9E0634898D041F5&key=yt8&kind=asr&lang=pl&variant=ec&tlang=ga&fmt=srv1\", \"name\": \"Irish\", \"impersonate\": true, \"__yt_dlp_client\": \"tv_downgraded\"}, {\"ext\": \"srv2\", \"url\": \"https://www.youtube.com/api/timedtext?v=ezv5DuvCk0E&ei=z8xXafHFHv6Z6dsP-9P_uAs&caps=asr&opi=112496729&xoaf=5&xowf=1&xospf=1&hl=en&ip=0.0.0.0&ipbits=0&expire=1767386943&sparams=ip%2Cipbits%2Cexpire%2Cv%2Cei%2Ccaps%2Copi%2Cxoaf&signature=31ACC713C92BF468B0604D892289468DE459EB82.25E594A16AE4D763A16583FBA9E0634898D041F5&key=yt8&kind=asr&lang=pl&variant=ec&tlang=ga&fmt=srv2\", \"name\": \"Irish\", \"impersonate\": true, \"__yt_dlp_client\": \"tv_downgraded\"}, {\"ext\": \"srv3\", \"url\": \"https://www.youtube.com/api/timedtext?v=ezv5DuvCk0E&ei=z8xXafHFHv6Z6dsP-9P_uAs&caps=asr&opi=112496729&xoaf=5&xowf=1&xospf=1&hl=en&ip=0.0.0.0&ipbits=0&expire=1767386943&sparams=ip%2Cipbits%2Cexpire%2Cv%2Cei%2Ccaps%2Copi%2Cxoaf&signature=31ACC713C92BF468B0604D892289468DE459EB82.25E594A16AE4D763A16583FBA9E0634898D041F5&key=yt8&kind=asr&lang=pl&variant=ec&tlang=ga&fmt=srv3\", \"name\": \"Irish\", \"impersonate\": true, \"__yt_dlp_client\": \"tv_downgraded\"}, {\"ext\": \"ttml\", \"url\": \"https://www.youtube.com/api/timedtext?v=ezv5DuvCk0E&ei=z8xXafHFHv6Z6dsP-9P_uAs&caps=asr&opi=112496729&xoaf=5&xowf=1&xospf=1&hl=en&ip=0.0.0.0&ipbits=0&expire=1767386943&sparams=ip%2Cipbits%2Cexpire%2Cv%2Cei%2Ccaps%2Copi%2Cxoaf&signature=31ACC713C92BF468B0604D892289468DE459EB82.25E594A16AE4D763A16583FBA9E0634898D041F5&key=yt8&kind=asr&lang=pl&variant=ec&tlang=ga&fmt=ttml\", \"name\": \"Irish\", \"impersonate\": true, \"__yt_dlp_client\": \"tv_downgraded\"}, {\"ext\": \"srt\", \"url\": \"https://www.youtube.com/api/timedtext?v=ezv5DuvCk0E&ei=z8xXafHFHv6Z6dsP-9P_uAs&caps=asr&opi=112496729&xoaf=5&xowf=1&xospf=1&hl=en&ip=0.0.0.0&ipbits=0&expire=1767386943&sparams=ip%2Cipbits%2Cexpire%2Cv%2Cei%2Ccaps%2Copi%2Cxoaf&signature=31ACC713C92BF468B0604D892289468DE459EB82.25E594A16AE4D763A16583FBA9E0634898D041F5&key=yt8&kind=asr&lang=pl&variant=ec&tlang=ga&fmt=srt\", \"name\": \"Irish\", \"impersonate\": true, \"__yt_dlp_client\": \"tv_downgraded\"}, {\"ext\": \"vtt\", \"url\": \"https://www.youtube.com/api/timedtext?v=ezv5DuvCk0E&ei=z8xXafHFHv6Z6dsP-9P_uAs&caps=asr&opi=112496729&xoaf=5&xowf=1&xospf=1&hl=en&ip=0.0.0.0&ipbits=0&expire=1767386943&sparams=ip%2Cipbits%2Cexpire%2Cv%2Cei%2Ccaps%2Copi%2Cxoaf&signature=31ACC713C92BF468B0604D892289468DE459EB82.25E594A16AE4D763A16583FBA9E0634898D041F5&key=yt8&kind=asr&lang=pl&variant=ec&tlang=ga&fmt=vtt\", \"name\": \"Irish\", \"impersonate\": true, \"__yt_dlp_client\": \"tv_downgraded\"}], \"it\": [{\"ext\": \"json3\", \"url\": \"https://www.youtube.com/api/timedtext?v=ezv5DuvCk0E&ei=z8xXafHFHv6Z6dsP-9P_uAs&caps=asr&opi=112496729&xoaf=5&xowf=1&xospf=1&hl=en&ip=0.0.0.0&ipbits=0&expire=1767386943&sparams=ip%2Cipbits%2Cexpire%2Cv%2Cei%2Ccaps%2Copi%2Cxoaf&signature=31ACC713C92BF468B0604D892289468DE459EB82.25E594A16AE4D763A16583FBA9E0634898D041F5&key=yt8&kind=asr&lang=pl&variant=ec&tlang=it&fmt=json3\", \"name\": \"Italian\", \"impersonate\": true, \"__yt_dlp_client\": \"tv_downgraded\"}, {\"ext\": \"srv1\", \"url\": \"https://www.youtube.com/api/timedtext?v=ezv5DuvCk0E&ei=z8xXafHFHv6Z6dsP-9P_uAs&caps=asr&opi=112496729&xoaf=5&xowf=1&xospf=1&hl=en&ip=0.0.0.0&ipbits=0&expire=1767386943&sparams=ip%2Cipbits%2Cexpire%2Cv%2Cei%2Ccaps%2Copi%2Cxoaf&signature=31ACC713C92BF468B0604D892289468DE459EB82.25E594A16AE4D763A16583FBA9E0634898D041F5&key=yt8&kind=asr&lang=pl&variant=ec&tlang=it&fmt=srv1\", \"name\": \"Italian\", \"impersonate\": true, \"__yt_dlp_client\": \"tv_downgraded\"}, {\"ext\": \"srv2\", \"url\": \"https://www.youtube.com/api/timedtext?v=ezv5DuvCk0E&ei=z8xXafHFHv6Z6dsP-9P_uAs&caps=asr&opi=112496729&xoaf=5&xowf=1&xospf=1&hl=en&ip=0.0.0.0&ipbits=0&expire=1767386943&sparams=ip%2Cipbits%2Cexpire%2Cv%2Cei%2Ccaps%2Copi%2Cxoaf&signature=31ACC713C92BF468B0604D892289468DE459EB82.25E594A16AE4D763A16583FBA9E0634898D041F5&key=yt8&kind=asr&lang=pl&variant=ec&tlang=it&fmt=srv2\", \"name\": \"Italian\", \"impersonate\": true, \"__yt_dlp_client\": \"tv_downgraded\"}, {\"ext\": \"srv3\", \"url\": \"https://www.youtube.com/api/timedtext?v=ezv5DuvCk0E&ei=z8xXafHFHv6Z6dsP-9P_uAs&caps=asr&opi=112496729&xoaf=5&xowf=1&xospf=1&hl=en&ip=0.0.0.0&ipbits=0&expire=1767386943&sparams=ip%2Cipbits%2Cexpire%2Cv%2Cei%2Ccaps%2Copi%2Cxoaf&signature=31ACC713C92BF468B0604D892289468DE459EB82.25E594A16AE4D763A16583FBA9E0634898D041F5&key=yt8&kind=asr&lang=pl&variant=ec&tlang=it&fmt=srv3\", \"name\": \"Italian\", \"impersonate\": true, \"__yt_dlp_client\": \"tv_downgraded\"}, {\"ext\": \"ttml\", \"url\": \"https://www.youtube.com/api/timedtext?v=ezv5DuvCk0E&ei=z8xXafHFHv6Z6dsP-9P_uAs&caps=asr&opi=112496729&xoaf=5&xowf=1&xospf=1&hl=en&ip=0.0.0.0&ipbits=0&expire=1767386943&sparams=ip%2Cipbits%2Cexpire%2Cv%2Cei%2Ccaps%2Copi%2Cxoaf&signature=31ACC713C92BF468B0604D892289468DE459EB82.25E594A16AE4D763A16583FBA9E0634898D041F5&key=yt8&kind=asr&lang=pl&variant=ec&tlang=it&fmt=ttml\", \"name\": \"Italian\", \"impersonate\": true, \"__yt_dlp_client\": \"tv_downgraded\"}, {\"ext\": \"srt\", \"url\": \"https://www.youtube.com/api/timedtext?v=ezv5DuvCk0E&ei=z8xXafHFHv6Z6dsP-9P_uAs&caps=asr&opi=112496729&xoaf=5&xowf=1&xospf=1&hl=en&ip=0.0.0.0&ipbits=0&expire=1767386943&sparams=ip%2Cipbits%2Cexpire%2Cv%2Cei%2Ccaps%2Copi%2Cxoaf&signature=31ACC713C92BF468B0604D892289468DE459EB82.25E594A16AE4D763A16583FBA9E0634898D041F5&key=yt8&kind=asr&lang=pl&variant=ec&tlang=it&fmt=srt\", \"name\": \"Italian\", \"impersonate\": true, \"__yt_dlp_client\": \"tv_downgraded\"}, {\"ext\": \"vtt\", \"url\": \"https://www.youtube.com/api/timedtext?v=ezv5DuvCk0E&ei=z8xXafHFHv6Z6dsP-9P_uAs&caps=asr&opi=112496729&xoaf=5&xowf=1&xospf=1&hl=en&ip=0.0.0.0&ipbits=0&expire=1767386943&sparams=ip%2Cipbits%2Cexpire%2Cv%2Cei%2Ccaps%2Copi%2Cxoaf&signature=31ACC713C92BF468B0604D892289468DE459EB82.25E594A16AE4D763A16583FBA9E0634898D041F5&key=yt8&kind=asr&lang=pl&variant=ec&tlang=it&fmt=vtt\", \"name\": \"Italian\", \"impersonate\": true, \"__yt_dlp_client\": \"tv_downgraded\"}], \"ja\": [{\"ext\": \"json3\", \"url\": \"https://www.youtube.com/api/timedtext?v=ezv5DuvCk0E&ei=z8xXafHFHv6Z6dsP-9P_uAs&caps=asr&opi=112496729&xoaf=5&xowf=1&xospf=1&hl=en&ip=0.0.0.0&ipbits=0&expire=1767386943&sparams=ip%2Cipbits%2Cexpire%2Cv%2Cei%2Ccaps%2Copi%2Cxoaf&signature=31ACC713C92BF468B0604D892289468DE459EB82.25E594A16AE4D763A16583FBA9E0634898D041F5&key=yt8&kind=asr&lang=pl&variant=ec&tlang=ja&fmt=json3\", \"name\": \"Japanese\", \"impersonate\": true, \"__yt_dlp_client\": \"tv_downgraded\"}, {\"ext\": \"srv1\", \"url\": \"https://www.youtube.com/api/timedtext?v=ezv5DuvCk0E&ei=z8xXafHFHv6Z6dsP-9P_uAs&caps=asr&opi=112496729&xoaf=5&xowf=1&xospf=1&hl=en&ip=0.0.0.0&ipbits=0&expire=1767386943&sparams=ip%2Cipbits%2Cexpire%2Cv%2Cei%2Ccaps%2Copi%2Cxoaf&signature=31ACC713C92BF468B0604D892289468DE459EB82.25E594A16AE4D763A16583FBA9E0634898D041F5&key=yt8&kind=asr&lang=pl&variant=ec&tlang=ja&fmt=srv1\", \"name\": \"Japanese\", \"impersonate\": true, \"__yt_dlp_client\": \"tv_downgraded\"}, {\"ext\": \"srv2\", \"url\": \"https://www.youtube.com/api/timedtext?v=ezv5DuvCk0E&ei=z8xXafHFHv6Z6dsP-9P_uAs&caps=asr&opi=112496729&xoaf=5&xowf=1&xospf=1&hl=en&ip=0.0.0.0&ipbits=0&expire=1767386943&sparams=ip%2Cipbits%2Cexpire%2Cv%2Cei%2Ccaps%2Copi%2Cxoaf&signature=31ACC713C92BF468B0604D892289468DE459EB82.25E594A16AE4D763A16583FBA9E0634898D041F5&key=yt8&kind=asr&lang=pl&variant=ec&tlang=ja&fmt=srv2\", \"name\": \"Japanese\", \"impersonate\": true, \"__yt_dlp_client\": \"tv_downgraded\"}, {\"ext\": \"srv3\", \"url\": \"https://www.youtube.com/api/timedtext?v=ezv5DuvCk0E&ei=z8xXafHFHv6Z6dsP-9P_uAs&caps=asr&opi=112496729&xoaf=5&xowf=1&xospf=1&hl=en&ip=0.0.0.0&ipbits=0&expire=1767386943&sparams=ip%2Cipbits%2Cexpire%2Cv%2Cei%2Ccaps%2Copi%2Cxoaf&signature=31ACC713C92BF468B0604D892289468DE459EB82.25E594A16AE4D763A16583FBA9E0634898D041F5&key=yt8&kind=asr&lang=pl&variant=ec&tlang=ja&fmt=srv3\", \"name\": \"Japanese\", \"impersonate\": true, \"__yt_dlp_client\": \"tv_downgraded\"}, {\"ext\": \"ttml\", \"url\": \"https://www.youtube.com/api/timedtext?v=ezv5DuvCk0E&ei=z8xXafHFHv6Z6dsP-9P_uAs&caps=asr&opi=112496729&xoaf=5&xowf=1&xospf=1&hl=en&ip=0.0.0.0&ipbits=0&expire=1767386943&sparams=ip%2Cipbits%2Cexpire%2Cv%2Cei%2Ccaps%2Copi%2Cxoaf&signature=31ACC713C92BF468B0604D892289468DE459EB82.25E594A16AE4D763A16583FBA9E0634898D041F5&key=yt8&kind=asr&lang=pl&variant=ec&tlang=ja&fmt=ttml\", \"name\": \"Japanese\", \"impersonate\": true, \"__yt_dlp_client\": \"tv_downgraded\"}, {\"ext\": \"srt\", \"url\": \"https://www.youtube.com/api/timedtext?v=ezv5DuvCk0E&ei=z8xXafHFHv6Z6dsP-9P_uAs&caps=asr&opi=112496729&xoaf=5&xowf=1&xospf=1&hl=en&ip=0.0.0.0&ipbits=0&expire=1767386943&sparams=ip%2Cipbits%2Cexpire%2Cv%2Cei%2Ccaps%2Copi%2Cxoaf&signature=31ACC713C92BF468B0604D892289468DE459EB82.25E594A16AE4D763A16583FBA9E0634898D041F5&key=yt8&kind=asr&lang=pl&variant=ec&tlang=ja&fmt=srt\", \"name\": \"Japanese\", \"impersonate\": true, \"__yt_dlp_client\": \"tv_downgraded\"}, {\"ext\": \"vtt\", \"url\": \"https://www.youtube.com/api/timedtext?v=ezv5DuvCk0E&ei=z8xXafHFHv6Z6dsP-9P_uAs&caps=asr&opi=112496729&xoaf=5&xowf=1&xospf=1&hl=en&ip=0.0.0.0&ipbits=0&expire=1767386943&sparams=ip%2Cipbits%2Cexpire%2Cv%2Cei%2Ccaps%2Copi%2Cxoaf&signature=31ACC713C92BF468B0604D892289468DE459EB82.25E594A16AE4D763A16583FBA9E0634898D041F5&key=yt8&kind=asr&lang=pl&variant=ec&tlang=ja&fmt=vtt\", \"name\": \"Japanese\", \"impersonate\": true, \"__yt_dlp_client\": \"tv_downgraded\"}], \"jv\": [{\"ext\": \"json3\", \"url\": \"https://www.youtube.com/api/timedtext?v=ezv5DuvCk0E&ei=z8xXafHFHv6Z6dsP-9P_uAs&caps=asr&opi=112496729&xoaf=5&xowf=1&xospf=1&hl=en&ip=0.0.0.0&ipbits=0&expire=1767386943&sparams=ip%2Cipbits%2Cexpire%2Cv%2Cei%2Ccaps%2Copi%2Cxoaf&signature=31ACC713C92BF468B0604D892289468DE459EB82.25E594A16AE4D763A16583FBA9E0634898D041F5&key=yt8&kind=asr&lang=pl&variant=ec&tlang=jv&fmt=json3\", \"name\": \"Javanese\", \"impersonate\": true, \"__yt_dlp_client\": \"tv_downgraded\"}, {\"ext\": \"srv1\", \"url\": \"https://www.youtube.com/api/timedtext?v=ezv5DuvCk0E&ei=z8xXafHFHv6Z6dsP-9P_uAs&caps=asr&opi=112496729&xoaf=5&xowf=1&xospf=1&hl=en&ip=0.0.0.0&ipbits=0&expire=1767386943&sparams=ip%2Cipbits%2Cexpire%2Cv%2Cei%2Ccaps%2Copi%2Cxoaf&signature=31ACC713C92BF468B0604D892289468DE459EB82.25E594A16AE4D763A16583FBA9E0634898D041F5&key=yt8&kind=asr&lang=pl&variant=ec&tlang=jv&fmt=srv1\", \"name\": \"Javanese\", \"impersonate\": true, \"__yt_dlp_client\": \"tv_downgraded\"}, {\"ext\": \"srv2\", \"url\": \"https://www.youtube.com/api/timedtext?v=ezv5DuvCk0E&ei=z8xXafHFHv6Z6dsP-9P_uAs&caps=asr&opi=112496729&xoaf=5&xowf=1&xospf=1&hl=en&ip=0.0.0.0&ipbits=0&expire=1767386943&sparams=ip%2Cipbits%2Cexpire%2Cv%2Cei%2Ccaps%2Copi%2Cxoaf&signature=31ACC713C92BF468B0604D892289468DE459EB82.25E594A16AE4D763A16583FBA9E0634898D041F5&key=yt8&kind=asr&lang=pl&variant=ec&tlang=jv&fmt=srv2\", \"name\": \"Javanese\", \"impersonate\": true, \"__yt_dlp_client\": \"tv_downgraded\"}, {\"ext\": \"srv3\", \"url\": \"https://www.youtube.com/api/timedtext?v=ezv5DuvCk0E&ei=z8xXafHFHv6Z6dsP-9P_uAs&caps=asr&opi=112496729&xoaf=5&xowf=1&xospf=1&hl=en&ip=0.0.0.0&ipbits=0&expire=1767386943&sparams=ip%2Cipbits%2Cexpire%2Cv%2Cei%2Ccaps%2Copi%2Cxoaf&signature=31ACC713C92BF468B0604D892289468DE459EB82.25E594A16AE4D763A16583FBA9E0634898D041F5&key=yt8&kind=asr&lang=pl&variant=ec&tlang=jv&fmt=srv3\", \"name\": \"Javanese\", \"impersonate\": true, \"__yt_dlp_client\": \"tv_downgraded\"}, {\"ext\": \"ttml\", \"url\": \"https://www.youtube.com/api/timedtext?v=ezv5DuvCk0E&ei=z8xXafHFHv6Z6dsP-9P_uAs&caps=asr&opi=112496729&xoaf=5&xowf=1&xospf=1&hl=en&ip=0.0.0.0&ipbits=0&expire=1767386943&sparams=ip%2Cipbits%2Cexpire%2Cv%2Cei%2Ccaps%2Copi%2Cxoaf&signature=31ACC713C92BF468B0604D892289468DE459EB82.25E594A16AE4D763A16583FBA9E0634898D041F5&key=yt8&kind=asr&lang=pl&variant=ec&tlang=jv&fmt=ttml\", \"name\": \"Javanese\", \"impersonate\": true, \"__yt_dlp_client\": \"tv_downgraded\"}, {\"ext\": \"srt\", \"url\": \"https://www.youtube.com/api/timedtext?v=ezv5DuvCk0E&ei=z8xXafHFHv6Z6dsP-9P_uAs&caps=asr&opi=112496729&xoaf=5&xowf=1&xospf=1&hl=en&ip=0.0.0.0&ipbits=0&expire=1767386943&sparams=ip%2Cipbits%2Cexpire%2Cv%2Cei%2Ccaps%2Copi%2Cxoaf&signature=31ACC713C92BF468B0604D892289468DE459EB82.25E594A16AE4D763A16583FBA9E0634898D041F5&key=yt8&kind=asr&lang=pl&variant=ec&tlang=jv&fmt=srt\", \"name\": \"Javanese\", \"impersonate\": true, \"__yt_dlp_client\": \"tv_downgraded\"}, {\"ext\": \"vtt\", \"url\": \"https://www.youtube.com/api/timedtext?v=ezv5DuvCk0E&ei=z8xXafHFHv6Z6dsP-9P_uAs&caps=asr&opi=112496729&xoaf=5&xowf=1&xospf=1&hl=en&ip=0.0.0.0&ipbits=0&expire=1767386943&sparams=ip%2Cipbits%2Cexpire%2Cv%2Cei%2Ccaps%2Copi%2Cxoaf&signature=31ACC713C92BF468B0604D892289468DE459EB82.25E594A16AE4D763A16583FBA9E0634898D041F5&key=yt8&kind=asr&lang=pl&variant=ec&tlang=jv&fmt=vtt\", \"name\": \"Javanese\", \"impersonate\": true, \"__yt_dlp_client\": \"tv_downgraded\"}], \"kl\": [{\"ext\": \"json3\", \"url\": \"https://www.youtube.com/api/timedtext?v=ezv5DuvCk0E&ei=z8xXafHFHv6Z6dsP-9P_uAs&caps=asr&opi=112496729&xoaf=5&xowf=1&xospf=1&hl=en&ip=0.0.0.0&ipbits=0&expire=1767386943&sparams=ip%2Cipbits%2Cexpire%2Cv%2Cei%2Ccaps%2Copi%2Cxoaf&signature=31ACC713C92BF468B0604D892289468DE459EB82.25E594A16AE4D763A16583FBA9E0634898D041F5&key=yt8&kind=asr&lang=pl&variant=ec&tlang=kl&fmt=json3\", \"name\": \"Kalaallisut\", \"impersonate\": true, \"__yt_dlp_client\": \"tv_downgraded\"}, {\"ext\": \"srv1\", \"url\": \"https://www.youtube.com/api/timedtext?v=ezv5DuvCk0E&ei=z8xXafHFHv6Z6dsP-9P_uAs&caps=asr&opi=112496729&xoaf=5&xowf=1&xospf=1&hl=en&ip=0.0.0.0&ipbits=0&expire=1767386943&sparams=ip%2Cipbits%2Cexpire%2Cv%2Cei%2Ccaps%2Copi%2Cxoaf&signature=31ACC713C92BF468B0604D892289468DE459EB82.25E594A16AE4D763A16583FBA9E0634898D041F5&key=yt8&kind=asr&lang=pl&variant=ec&tlang=kl&fmt=srv1\", \"name\": \"Kalaallisut\", \"impersonate\": true, \"__yt_dlp_client\": \"tv_downgraded\"}, {\"ext\": \"srv2\", \"url\": \"https://www.youtube.com/api/timedtext?v=ezv5DuvCk0E&ei=z8xXafHFHv6Z6dsP-9P_uAs&caps=asr&opi=112496729&xoaf=5&xowf=1&xospf=1&hl=en&ip=0.0.0.0&ipbits=0&expire=1767386943&sparams=ip%2Cipbits%2Cexpire%2Cv%2Cei%2Ccaps%2Copi%2Cxoaf&signature=31ACC713C92BF468B0604D892289468DE459EB82.25E594A16AE4D763A16583FBA9E0634898D041F5&key=yt8&kind=asr&lang=pl&variant=ec&tlang=kl&fmt=srv2\", \"name\": \"Kalaallisut\", \"impersonate\": true, \"__yt_dlp_client\": \"tv_downgraded\"}, {\"ext\": \"srv3\", \"url\": \"https://www.youtube.com/api/timedtext?v=ezv5DuvCk0E&ei=z8xXafHFHv6Z6dsP-9P_uAs&caps=asr&opi=112496729&xoaf=5&xowf=1&xospf=1&hl=en&ip=0.0.0.0&ipbits=0&expire=1767386943&sparams=ip%2Cipbits%2Cexpire%2Cv%2Cei%2Ccaps%2Copi%2Cxoaf&signature=31ACC713C92BF468B0604D892289468DE459EB82.25E594A16AE4D763A16583FBA9E0634898D041F5&key=yt8&kind=asr&lang=pl&variant=ec&tlang=kl&fmt=srv3\", \"name\": \"Kalaallisut\", \"impersonate\": true, \"__yt_dlp_client\": \"tv_downgraded\"}, {\"ext\": \"ttml\", \"url\": \"https://www.youtube.com/api/timedtext?v=ezv5DuvCk0E&ei=z8xXafHFHv6Z6dsP-9P_uAs&caps=asr&opi=112496729&xoaf=5&xowf=1&xospf=1&hl=en&ip=0.0.0.0&ipbits=0&expire=1767386943&sparams=ip%2Cipbits%2Cexpire%2Cv%2Cei%2Ccaps%2Copi%2Cxoaf&signature=31ACC713C92BF468B0604D892289468DE459EB82.25E594A16AE4D763A16583FBA9E0634898D041F5&key=yt8&kind=asr&lang=pl&variant=ec&tlang=kl&fmt=ttml\", \"name\": \"Kalaallisut\", \"impersonate\": true, \"__yt_dlp_client\": \"tv_downgraded\"}, {\"ext\": \"srt\", \"url\": \"https://www.youtube.com/api/timedtext?v=ezv5DuvCk0E&ei=z8xXafHFHv6Z6dsP-9P_uAs&caps=asr&opi=112496729&xoaf=5&xowf=1&xospf=1&hl=en&ip=0.0.0.0&ipbits=0&expire=1767386943&sparams=ip%2Cipbits%2Cexpire%2Cv%2Cei%2Ccaps%2Copi%2Cxoaf&signature=31ACC713C92BF468B0604D892289468DE459EB82.25E594A16AE4D763A16583FBA9E0634898D041F5&key=yt8&kind=asr&lang=pl&variant=ec&tlang=kl&fmt=srt\", \"name\": \"Kalaallisut\", \"impersonate\": true, \"__yt_dlp_client\": \"tv_downgraded\"}, {\"ext\": \"vtt\", \"url\": \"https://www.youtube.com/api/timedtext?v=ezv5DuvCk0E&ei=z8xXafHFHv6Z6dsP-9P_uAs&caps=asr&opi=112496729&xoaf=5&xowf=1&xospf=1&hl=en&ip=0.0.0.0&ipbits=0&expire=1767386943&sparams=ip%2Cipbits%2Cexpire%2Cv%2Cei%2Ccaps%2Copi%2Cxoaf&signature=31ACC713C92BF468B0604D892289468DE459EB82.25E594A16AE4D763A16583FBA9E0634898D041F5&key=yt8&kind=asr&lang=pl&variant=ec&tlang=kl&fmt=vtt\", \"name\": \"Kalaallisut\", \"impersonate\": true, \"__yt_dlp_client\": \"tv_downgraded\"}], \"kn\": [{\"ext\": \"json3\", \"url\": \"https://www.youtube.com/api/timedtext?v=ezv5DuvCk0E&ei=z8xXafHFHv6Z6dsP-9P_uAs&caps=asr&opi=112496729&xoaf=5&xowf=1&xospf=1&hl=en&ip=0.0.0.0&ipbits=0&expire=1767386943&sparams=ip%2Cipbits%2Cexpire%2Cv%2Cei%2Ccaps%2Copi%2Cxoaf&signature=31ACC713C92BF468B0604D892289468DE459EB82.25E594A16AE4D763A16583FBA9E0634898D041F5&key=yt8&kind=asr&lang=pl&variant=ec&tlang=kn&fmt=json3\", \"name\": \"Kannada\", \"impersonate\": true, \"__yt_dlp_client\": \"tv_downgraded\"}, {\"ext\": \"srv1\", \"url\": \"https://www.youtube.com/api/timedtext?v=ezv5DuvCk0E&ei=z8xXafHFHv6Z6dsP-9P_uAs&caps=asr&opi=112496729&xoaf=5&xowf=1&xospf=1&hl=en&ip=0.0.0.0&ipbits=0&expire=1767386943&sparams=ip%2Cipbits%2Cexpire%2Cv%2Cei%2Ccaps%2Copi%2Cxoaf&signature=31ACC713C92BF468B0604D892289468DE459EB82.25E594A16AE4D763A16583FBA9E0634898D041F5&key=yt8&kind=asr&lang=pl&variant=ec&tlang=kn&fmt=srv1\", \"name\": \"Kannada\", \"impersonate\": true, \"__yt_dlp_client\": \"tv_downgraded\"}, {\"ext\": \"srv2\", \"url\": \"https://www.youtube.com/api/timedtext?v=ezv5DuvCk0E&ei=z8xXafHFHv6Z6dsP-9P_uAs&caps=asr&opi=112496729&xoaf=5&xowf=1&xospf=1&hl=en&ip=0.0.0.0&ipbits=0&expire=1767386943&sparams=ip%2Cipbits%2Cexpire%2Cv%2Cei%2Ccaps%2Copi%2Cxoaf&signature=31ACC713C92BF468B0604D892289468DE459EB82.25E594A16AE4D763A16583FBA9E0634898D041F5&key=yt8&kind=asr&lang=pl&variant=ec&tlang=kn&fmt=srv2\", \"name\": \"Kannada\", \"impersonate\": true, \"__yt_dlp_client\": \"tv_downgraded\"}, {\"ext\": \"srv3\", \"url\": \"https://www.youtube.com/api/timedtext?v=ezv5DuvCk0E&ei=z8xXafHFHv6Z6dsP-9P_uAs&caps=asr&opi=112496729&xoaf=5&xowf=1&xospf=1&hl=en&ip=0.0.0.0&ipbits=0&expire=1767386943&sparams=ip%2Cipbits%2Cexpire%2Cv%2Cei%2Ccaps%2Copi%2Cxoaf&signature=31ACC713C92BF468B0604D892289468DE459EB82.25E594A16AE4D763A16583FBA9E0634898D041F5&key=yt8&kind=asr&lang=pl&variant=ec&tlang=kn&fmt=srv3\", \"name\": \"Kannada\", \"impersonate\": true, \"__yt_dlp_client\": \"tv_downgraded\"}, {\"ext\": \"ttml\", \"url\": \"https://www.youtube.com/api/timedtext?v=ezv5DuvCk0E&ei=z8xXafHFHv6Z6dsP-9P_uAs&caps=asr&opi=112496729&xoaf=5&xowf=1&xospf=1&hl=en&ip=0.0.0.0&ipbits=0&expire=1767386943&sparams=ip%2Cipbits%2Cexpire%2Cv%2Cei%2Ccaps%2Copi%2Cxoaf&signature=31ACC713C92BF468B0604D892289468DE459EB82.25E594A16AE4D763A16583FBA9E0634898D041F5&key=yt8&kind=asr&lang=pl&variant=ec&tlang=kn&fmt=ttml\", \"name\": \"Kannada\", \"impersonate\": true, \"__yt_dlp_client\": \"tv_downgraded\"}, {\"ext\": \"srt\", \"url\": \"https://www.youtube.com/api/timedtext?v=ezv5DuvCk0E&ei=z8xXafHFHv6Z6dsP-9P_uAs&caps=asr&opi=112496729&xoaf=5&xowf=1&xospf=1&hl=en&ip=0.0.0.0&ipbits=0&expire=1767386943&sparams=ip%2Cipbits%2Cexpire%2Cv%2Cei%2Ccaps%2Copi%2Cxoaf&signature=31ACC713C92BF468B0604D892289468DE459EB82.25E594A16AE4D763A16583FBA9E0634898D041F5&key=yt8&kind=asr&lang=pl&variant=ec&tlang=kn&fmt=srt\", \"name\": \"Kannada\", \"impersonate\": true, \"__yt_dlp_client\": \"tv_downgraded\"}, {\"ext\": \"vtt\", \"url\": \"https://www.youtube.com/api/timedtext?v=ezv5DuvCk0E&ei=z8xXafHFHv6Z6dsP-9P_uAs&caps=asr&opi=112496729&xoaf=5&xowf=1&xospf=1&hl=en&ip=0.0.0.0&ipbits=0&expire=1767386943&sparams=ip%2Cipbits%2Cexpire%2Cv%2Cei%2Ccaps%2Copi%2Cxoaf&signature=31ACC713C92BF468B0604D892289468DE459EB82.25E594A16AE4D763A16583FBA9E0634898D041F5&key=yt8&kind=asr&lang=pl&variant=ec&tlang=kn&fmt=vtt\", \"name\": \"Kannada\", \"impersonate\": true, \"__yt_dlp_client\": \"tv_downgraded\"}], \"kk\": [{\"ext\": \"json3\", \"url\": \"https://www.youtube.com/api/timedtext?v=ezv5DuvCk0E&ei=z8xXafHFHv6Z6dsP-9P_uAs&caps=asr&opi=112496729&xoaf=5&xowf=1&xospf=1&hl=en&ip=0.0.0.0&ipbits=0&expire=1767386943&sparams=ip%2Cipbits%2Cexpire%2Cv%2Cei%2Ccaps%2Copi%2Cxoaf&signature=31ACC713C92BF468B0604D892289468DE459EB82.25E594A16AE4D763A16583FBA9E0634898D041F5&key=yt8&kind=asr&lang=pl&variant=ec&tlang=kk&fmt=json3\", \"name\": \"Kazakh\", \"impersonate\": true, \"__yt_dlp_client\": \"tv_downgraded\"}, {\"ext\": \"srv1\", \"url\": \"https://www.youtube.com/api/timedtext?v=ezv5DuvCk0E&ei=z8xXafHFHv6Z6dsP-9P_uAs&caps=asr&opi=112496729&xoaf=5&xowf=1&xospf=1&hl=en&ip=0.0.0.0&ipbits=0&expire=1767386943&sparams=ip%2Cipbits%2Cexpire%2Cv%2Cei%2Ccaps%2Copi%2Cxoaf&signature=31ACC713C92BF468B0604D892289468DE459EB82.25E594A16AE4D763A16583FBA9E0634898D041F5&key=yt8&kind=asr&lang=pl&variant=ec&tlang=kk&fmt=srv1\", \"name\": \"Kazakh\", \"impersonate\": true, \"__yt_dlp_client\": \"tv_downgraded\"}, {\"ext\": \"srv2\", \"url\": \"https://www.youtube.com/api/timedtext?v=ezv5DuvCk0E&ei=z8xXafHFHv6Z6dsP-9P_uAs&caps=asr&opi=112496729&xoaf=5&xowf=1&xospf=1&hl=en&ip=0.0.0.0&ipbits=0&expire=1767386943&sparams=ip%2Cipbits%2Cexpire%2Cv%2Cei%2Ccaps%2Copi%2Cxoaf&signature=31ACC713C92BF468B0604D892289468DE459EB82.25E594A16AE4D763A16583FBA9E0634898D041F5&key=yt8&kind=asr&lang=pl&variant=ec&tlang=kk&fmt=srv2\", \"name\": \"Kazakh\", \"impersonate\": true, \"__yt_dlp_client\": \"tv_downgraded\"}, {\"ext\": \"srv3\", \"url\": \"https://www.youtube.com/api/timedtext?v=ezv5DuvCk0E&ei=z8xXafHFHv6Z6dsP-9P_uAs&caps=asr&opi=112496729&xoaf=5&xowf=1&xospf=1&hl=en&ip=0.0.0.0&ipbits=0&expire=1767386943&sparams=ip%2Cipbits%2Cexpire%2Cv%2Cei%2Ccaps%2Copi%2Cxoaf&signature=31ACC713C92BF468B0604D892289468DE459EB82.25E594A16AE4D763A16583FBA9E0634898D041F5&key=yt8&kind=asr&lang=pl&variant=ec&tlang=kk&fmt=srv3\", \"name\": \"Kazakh\", \"impersonate\": true, \"__yt_dlp_client\": \"tv_downgraded\"}, {\"ext\": \"ttml\", \"url\": \"https://www.youtube.com/api/timedtext?v=ezv5DuvCk0E&ei=z8xXafHFHv6Z6dsP-9P_uAs&caps=asr&opi=112496729&xoaf=5&xowf=1&xospf=1&hl=en&ip=0.0.0.0&ipbits=0&expire=1767386943&sparams=ip%2Cipbits%2Cexpire%2Cv%2Cei%2Ccaps%2Copi%2Cxoaf&signature=31ACC713C92BF468B0604D892289468DE459EB82.25E594A16AE4D763A16583FBA9E0634898D041F5&key=yt8&kind=asr&lang=pl&variant=ec&tlang=kk&fmt=ttml\", \"name\": \"Kazakh\", \"impersonate\": true, \"__yt_dlp_client\": \"tv_downgraded\"}, {\"ext\": \"srt\", \"url\": \"https://www.youtube.com/api/timedtext?v=ezv5DuvCk0E&ei=z8xXafHFHv6Z6dsP-9P_uAs&caps=asr&opi=112496729&xoaf=5&xowf=1&xospf=1&hl=en&ip=0.0.0.0&ipbits=0&expire=1767386943&sparams=ip%2Cipbits%2Cexpire%2Cv%2Cei%2Ccaps%2Copi%2Cxoaf&signature=31ACC713C92BF468B0604D892289468DE459EB82.25E594A16AE4D763A16583FBA9E0634898D041F5&key=yt8&kind=asr&lang=pl&variant=ec&tlang=kk&fmt=srt\", \"name\": \"Kazakh\", \"impersonate\": true, \"__yt_dlp_client\": \"tv_downgraded\"}, {\"ext\": \"vtt\", \"url\": \"https://www.youtube.com/api/timedtext?v=ezv5DuvCk0E&ei=z8xXafHFHv6Z6dsP-9P_uAs&caps=asr&opi=112496729&xoaf=5&xowf=1&xospf=1&hl=en&ip=0.0.0.0&ipbits=0&expire=1767386943&sparams=ip%2Cipbits%2Cexpire%2Cv%2Cei%2Ccaps%2Copi%2Cxoaf&signature=31ACC713C92BF468B0604D892289468DE459EB82.25E594A16AE4D763A16583FBA9E0634898D041F5&key=yt8&kind=asr&lang=pl&variant=ec&tlang=kk&fmt=vtt\", \"name\": \"Kazakh\", \"impersonate\": true, \"__yt_dlp_client\": \"tv_downgraded\"}], \"kha\": [{\"ext\": \"json3\", \"url\": \"https://www.youtube.com/api/timedtext?v=ezv5DuvCk0E&ei=z8xXafHFHv6Z6dsP-9P_uAs&caps=asr&opi=112496729&xoaf=5&xowf=1&xospf=1&hl=en&ip=0.0.0.0&ipbits=0&expire=1767386943&sparams=ip%2Cipbits%2Cexpire%2Cv%2Cei%2Ccaps%2Copi%2Cxoaf&signature=31ACC713C92BF468B0604D892289468DE459EB82.25E594A16AE4D763A16583FBA9E0634898D041F5&key=yt8&kind=asr&lang=pl&variant=ec&tlang=kha&fmt=json3\", \"name\": \"Khasi\", \"impersonate\": true, \"__yt_dlp_client\": \"tv_downgraded\"}, {\"ext\": \"srv1\", \"url\": \"https://www.youtube.com/api/timedtext?v=ezv5DuvCk0E&ei=z8xXafHFHv6Z6dsP-9P_uAs&caps=asr&opi=112496729&xoaf=5&xowf=1&xospf=1&hl=en&ip=0.0.0.0&ipbits=0&expire=1767386943&sparams=ip%2Cipbits%2Cexpire%2Cv%2Cei%2Ccaps%2Copi%2Cxoaf&signature=31ACC713C92BF468B0604D892289468DE459EB82.25E594A16AE4D763A16583FBA9E0634898D041F5&key=yt8&kind=asr&lang=pl&variant=ec&tlang=kha&fmt=srv1\", \"name\": \"Khasi\", \"impersonate\": true, \"__yt_dlp_client\": \"tv_downgraded\"}, {\"ext\": \"srv2\", \"url\": \"https://www.youtube.com/api/timedtext?v=ezv5DuvCk0E&ei=z8xXafHFHv6Z6dsP-9P_uAs&caps=asr&opi=112496729&xoaf=5&xowf=1&xospf=1&hl=en&ip=0.0.0.0&ipbits=0&expire=1767386943&sparams=ip%2Cipbits%2Cexpire%2Cv%2Cei%2Ccaps%2Copi%2Cxoaf&signature=31ACC713C92BF468B0604D892289468DE459EB82.25E594A16AE4D763A16583FBA9E0634898D041F5&key=yt8&kind=asr&lang=pl&variant=ec&tlang=kha&fmt=srv2\", \"name\": \"Khasi\", \"impersonate\": true, \"__yt_dlp_client\": \"tv_downgraded\"}, {\"ext\": \"srv3\", \"url\": \"https://www.youtube.com/api/timedtext?v=ezv5DuvCk0E&ei=z8xXafHFHv6Z6dsP-9P_uAs&caps=asr&opi=112496729&xoaf=5&xowf=1&xospf=1&hl=en&ip=0.0.0.0&ipbits=0&expire=1767386943&sparams=ip%2Cipbits%2Cexpire%2Cv%2Cei%2Ccaps%2Copi%2Cxoaf&signature=31ACC713C92BF468B0604D892289468DE459EB82.25E594A16AE4D763A16583FBA9E0634898D041F5&key=yt8&kind=asr&lang=pl&variant=ec&tlang=kha&fmt=srv3\", \"name\": \"Khasi\", \"impersonate\": true, \"__yt_dlp_client\": \"tv_downgraded\"}, {\"ext\": \"ttml\", \"url\": \"https://www.youtube.com/api/timedtext?v=ezv5DuvCk0E&ei=z8xXafHFHv6Z6dsP-9P_uAs&caps=asr&opi=112496729&xoaf=5&xowf=1&xospf=1&hl=en&ip=0.0.0.0&ipbits=0&expire=1767386943&sparams=ip%2Cipbits%2Cexpire%2Cv%2Cei%2Ccaps%2Copi%2Cxoaf&signature=31ACC713C92BF468B0604D892289468DE459EB82.25E594A16AE4D763A16583FBA9E0634898D041F5&key=yt8&kind=asr&lang=pl&variant=ec&tlang=kha&fmt=ttml\", \"name\": \"Khasi\", \"impersonate\": true, \"__yt_dlp_client\": \"tv_downgraded\"}, {\"ext\": \"srt\", \"url\": \"https://www.youtube.com/api/timedtext?v=ezv5DuvCk0E&ei=z8xXafHFHv6Z6dsP-9P_uAs&caps=asr&opi=112496729&xoaf=5&xowf=1&xospf=1&hl=en&ip=0.0.0.0&ipbits=0&expire=1767386943&sparams=ip%2Cipbits%2Cexpire%2Cv%2Cei%2Ccaps%2Copi%2Cxoaf&signature=31ACC713C92BF468B0604D892289468DE459EB82.25E594A16AE4D763A16583FBA9E0634898D041F5&key=yt8&kind=asr&lang=pl&variant=ec&tlang=kha&fmt=srt\", \"name\": \"Khasi\", \"impersonate\": true, \"__yt_dlp_client\": \"tv_downgraded\"}, {\"ext\": \"vtt\", \"url\": \"https://www.youtube.com/api/timedtext?v=ezv5DuvCk0E&ei=z8xXafHFHv6Z6dsP-9P_uAs&caps=asr&opi=112496729&xoaf=5&xowf=1&xospf=1&hl=en&ip=0.0.0.0&ipbits=0&expire=1767386943&sparams=ip%2Cipbits%2Cexpire%2Cv%2Cei%2Ccaps%2Copi%2Cxoaf&signature=31ACC713C92BF468B0604D892289468DE459EB82.25E594A16AE4D763A16583FBA9E0634898D041F5&key=yt8&kind=asr&lang=pl&variant=ec&tlang=kha&fmt=vtt\", \"name\": \"Khasi\", \"impersonate\": true, \"__yt_dlp_client\": \"tv_downgraded\"}], \"km\": [{\"ext\": \"json3\", \"url\": \"https://www.youtube.com/api/timedtext?v=ezv5DuvCk0E&ei=z8xXafHFHv6Z6dsP-9P_uAs&caps=asr&opi=112496729&xoaf=5&xowf=1&xospf=1&hl=en&ip=0.0.0.0&ipbits=0&expire=1767386943&sparams=ip%2Cipbits%2Cexpire%2Cv%2Cei%2Ccaps%2Copi%2Cxoaf&signature=31ACC713C92BF468B0604D892289468DE459EB82.25E594A16AE4D763A16583FBA9E0634898D041F5&key=yt8&kind=asr&lang=pl&variant=ec&tlang=km&fmt=json3\", \"name\": \"Khmer\", \"impersonate\": true, \"__yt_dlp_client\": \"tv_downgraded\"}, {\"ext\": \"srv1\", \"url\": \"https://www.youtube.com/api/timedtext?v=ezv5DuvCk0E&ei=z8xXafHFHv6Z6dsP-9P_uAs&caps=asr&opi=112496729&xoaf=5&xowf=1&xospf=1&hl=en&ip=0.0.0.0&ipbits=0&expire=1767386943&sparams=ip%2Cipbits%2Cexpire%2Cv%2Cei%2Ccaps%2Copi%2Cxoaf&signature=31ACC713C92BF468B0604D892289468DE459EB82.25E594A16AE4D763A16583FBA9E0634898D041F5&key=yt8&kind=asr&lang=pl&variant=ec&tlang=km&fmt=srv1\", \"name\": \"Khmer\", \"impersonate\": true, \"__yt_dlp_client\": \"tv_downgraded\"}, {\"ext\": \"srv2\", \"url\": \"https://www.youtube.com/api/timedtext?v=ezv5DuvCk0E&ei=z8xXafHFHv6Z6dsP-9P_uAs&caps=asr&opi=112496729&xoaf=5&xowf=1&xospf=1&hl=en&ip=0.0.0.0&ipbits=0&expire=1767386943&sparams=ip%2Cipbits%2Cexpire%2Cv%2Cei%2Ccaps%2Copi%2Cxoaf&signature=31ACC713C92BF468B0604D892289468DE459EB82.25E594A16AE4D763A16583FBA9E0634898D041F5&key=yt8&kind=asr&lang=pl&variant=ec&tlang=km&fmt=srv2\", \"name\": \"Khmer\", \"impersonate\": true, \"__yt_dlp_client\": \"tv_downgraded\"}, {\"ext\": \"srv3\", \"url\": \"https://www.youtube.com/api/timedtext?v=ezv5DuvCk0E&ei=z8xXafHFHv6Z6dsP-9P_uAs&caps=asr&opi=112496729&xoaf=5&xowf=1&xospf=1&hl=en&ip=0.0.0.0&ipbits=0&expire=1767386943&sparams=ip%2Cipbits%2Cexpire%2Cv%2Cei%2Ccaps%2Copi%2Cxoaf&signature=31ACC713C92BF468B0604D892289468DE459EB82.25E594A16AE4D763A16583FBA9E0634898D041F5&key=yt8&kind=asr&lang=pl&variant=ec&tlang=km&fmt=srv3\", \"name\": \"Khmer\", \"impersonate\": true, \"__yt_dlp_client\": \"tv_downgraded\"}, {\"ext\": \"ttml\", \"url\": \"https://www.youtube.com/api/timedtext?v=ezv5DuvCk0E&ei=z8xXafHFHv6Z6dsP-9P_uAs&caps=asr&opi=112496729&xoaf=5&xowf=1&xospf=1&hl=en&ip=0.0.0.0&ipbits=0&expire=1767386943&sparams=ip%2Cipbits%2Cexpire%2Cv%2Cei%2Ccaps%2Copi%2Cxoaf&signature=31ACC713C92BF468B0604D892289468DE459EB82.25E594A16AE4D763A16583FBA9E0634898D041F5&key=yt8&kind=asr&lang=pl&variant=ec&tlang=km&fmt=ttml\", \"name\": \"Khmer\", \"impersonate\": true, \"__yt_dlp_client\": \"tv_downgraded\"}, {\"ext\": \"srt\", \"url\": \"https://www.youtube.com/api/timedtext?v=ezv5DuvCk0E&ei=z8xXafHFHv6Z6dsP-9P_uAs&caps=asr&opi=112496729&xoaf=5&xowf=1&xospf=1&hl=en&ip=0.0.0.0&ipbits=0&expire=1767386943&sparams=ip%2Cipbits%2Cexpire%2Cv%2Cei%2Ccaps%2Copi%2Cxoaf&signature=31ACC713C92BF468B0604D892289468DE459EB82.25E594A16AE4D763A16583FBA9E0634898D041F5&key=yt8&kind=asr&lang=pl&variant=ec&tlang=km&fmt=srt\", \"name\": \"Khmer\", \"impersonate\": true, \"__yt_dlp_client\": \"tv_downgraded\"}, {\"ext\": \"vtt\", \"url\": \"https://www.youtube.com/api/timedtext?v=ezv5DuvCk0E&ei=z8xXafHFHv6Z6dsP-9P_uAs&caps=asr&opi=112496729&xoaf=5&xowf=1&xospf=1&hl=en&ip=0.0.0.0&ipbits=0&expire=1767386943&sparams=ip%2Cipbits%2Cexpire%2Cv%2Cei%2Ccaps%2Copi%2Cxoaf&signature=31ACC713C92BF468B0604D892289468DE459EB82.25E594A16AE4D763A16583FBA9E0634898D041F5&key=yt8&kind=asr&lang=pl&variant=ec&tlang=km&fmt=vtt\", \"name\": \"Khmer\", \"impersonate\": true, \"__yt_dlp_client\": \"tv_downgraded\"}], \"rw\": [{\"ext\": \"json3\", \"url\": \"https://www.youtube.com/api/timedtext?v=ezv5DuvCk0E&ei=z8xXafHFHv6Z6dsP-9P_uAs&caps=asr&opi=112496729&xoaf=5&xowf=1&xospf=1&hl=en&ip=0.0.0.0&ipbits=0&expire=1767386943&sparams=ip%2Cipbits%2Cexpire%2Cv%2Cei%2Ccaps%2Copi%2Cxoaf&signature=31ACC713C92BF468B0604D892289468DE459EB82.25E594A16AE4D763A16583FBA9E0634898D041F5&key=yt8&kind=asr&lang=pl&variant=ec&tlang=rw&fmt=json3\", \"name\": \"Kinyarwanda\", \"impersonate\": true, \"__yt_dlp_client\": \"tv_downgraded\"}, {\"ext\": \"srv1\", \"url\": \"https://www.youtube.com/api/timedtext?v=ezv5DuvCk0E&ei=z8xXafHFHv6Z6dsP-9P_uAs&caps=asr&opi=112496729&xoaf=5&xowf=1&xospf=1&hl=en&ip=0.0.0.0&ipbits=0&expire=1767386943&sparams=ip%2Cipbits%2Cexpire%2Cv%2Cei%2Ccaps%2Copi%2Cxoaf&signature=31ACC713C92BF468B0604D892289468DE459EB82.25E594A16AE4D763A16583FBA9E0634898D041F5&key=yt8&kind=asr&lang=pl&variant=ec&tlang=rw&fmt=srv1\", \"name\": \"Kinyarwanda\", \"impersonate\": true, \"__yt_dlp_client\": \"tv_downgraded\"}, {\"ext\": \"srv2\", \"url\": \"https://www.youtube.com/api/timedtext?v=ezv5DuvCk0E&ei=z8xXafHFHv6Z6dsP-9P_uAs&caps=asr&opi=112496729&xoaf=5&xowf=1&xospf=1&hl=en&ip=0.0.0.0&ipbits=0&expire=1767386943&sparams=ip%2Cipbits%2Cexpire%2Cv%2Cei%2Ccaps%2Copi%2Cxoaf&signature=31ACC713C92BF468B0604D892289468DE459EB82.25E594A16AE4D763A16583FBA9E0634898D041F5&key=yt8&kind=asr&lang=pl&variant=ec&tlang=rw&fmt=srv2\", \"name\": \"Kinyarwanda\", \"impersonate\": true, \"__yt_dlp_client\": \"tv_downgraded\"}, {\"ext\": \"srv3\", \"url\": \"https://www.youtube.com/api/timedtext?v=ezv5DuvCk0E&ei=z8xXafHFHv6Z6dsP-9P_uAs&caps=asr&opi=112496729&xoaf=5&xowf=1&xospf=1&hl=en&ip=0.0.0.0&ipbits=0&expire=1767386943&sparams=ip%2Cipbits%2Cexpire%2Cv%2Cei%2Ccaps%2Copi%2Cxoaf&signature=31ACC713C92BF468B0604D892289468DE459EB82.25E594A16AE4D763A16583FBA9E0634898D041F5&key=yt8&kind=asr&lang=pl&variant=ec&tlang=rw&fmt=srv3\", \"name\": \"Kinyarwanda\", \"impersonate\": true, \"__yt_dlp_client\": \"tv_downgraded\"}, {\"ext\": \"ttml\", \"url\": \"https://www.youtube.com/api/timedtext?v=ezv5DuvCk0E&ei=z8xXafHFHv6Z6dsP-9P_uAs&caps=asr&opi=112496729&xoaf=5&xowf=1&xospf=1&hl=en&ip=0.0.0.0&ipbits=0&expire=1767386943&sparams=ip%2Cipbits%2Cexpire%2Cv%2Cei%2Ccaps%2Copi%2Cxoaf&signature=31ACC713C92BF468B0604D892289468DE459EB82.25E594A16AE4D763A16583FBA9E0634898D041F5&key=yt8&kind=asr&lang=pl&variant=ec&tlang=rw&fmt=ttml\", \"name\": \"Kinyarwanda\", \"impersonate\": true, \"__yt_dlp_client\": \"tv_downgraded\"}, {\"ext\": \"srt\", \"url\": \"https://www.youtube.com/api/timedtext?v=ezv5DuvCk0E&ei=z8xXafHFHv6Z6dsP-9P_uAs&caps=asr&opi=112496729&xoaf=5&xowf=1&xospf=1&hl=en&ip=0.0.0.0&ipbits=0&expire=1767386943&sparams=ip%2Cipbits%2Cexpire%2Cv%2Cei%2Ccaps%2Copi%2Cxoaf&signature=31ACC713C92BF468B0604D892289468DE459EB82.25E594A16AE4D763A16583FBA9E0634898D041F5&key=yt8&kind=asr&lang=pl&variant=ec&tlang=rw&fmt=srt\", \"name\": \"Kinyarwanda\", \"impersonate\": true, \"__yt_dlp_client\": \"tv_downgraded\"}, {\"ext\": \"vtt\", \"url\": \"https://www.youtube.com/api/timedtext?v=ezv5DuvCk0E&ei=z8xXafHFHv6Z6dsP-9P_uAs&caps=asr&opi=112496729&xoaf=5&xowf=1&xospf=1&hl=en&ip=0.0.0.0&ipbits=0&expire=1767386943&sparams=ip%2Cipbits%2Cexpire%2Cv%2Cei%2Ccaps%2Copi%2Cxoaf&signature=31ACC713C92BF468B0604D892289468DE459EB82.25E594A16AE4D763A16583FBA9E0634898D041F5&key=yt8&kind=asr&lang=pl&variant=ec&tlang=rw&fmt=vtt\", \"name\": \"Kinyarwanda\", \"impersonate\": true, \"__yt_dlp_client\": \"tv_downgraded\"}], \"ko\": [{\"ext\": \"json3\", \"url\": \"https://www.youtube.com/api/timedtext?v=ezv5DuvCk0E&ei=z8xXafHFHv6Z6dsP-9P_uAs&caps=asr&opi=112496729&xoaf=5&xowf=1&xospf=1&hl=en&ip=0.0.0.0&ipbits=0&expire=1767386943&sparams=ip%2Cipbits%2Cexpire%2Cv%2Cei%2Ccaps%2Copi%2Cxoaf&signature=31ACC713C92BF468B0604D892289468DE459EB82.25E594A16AE4D763A16583FBA9E0634898D041F5&key=yt8&kind=asr&lang=pl&variant=ec&tlang=ko&fmt=json3\", \"name\": \"Korean\", \"impersonate\": true, \"__yt_dlp_client\": \"tv_downgraded\"}, {\"ext\": \"srv1\", \"url\": \"https://www.youtube.com/api/timedtext?v=ezv5DuvCk0E&ei=z8xXafHFHv6Z6dsP-9P_uAs&caps=asr&opi=112496729&xoaf=5&xowf=1&xospf=1&hl=en&ip=0.0.0.0&ipbits=0&expire=1767386943&sparams=ip%2Cipbits%2Cexpire%2Cv%2Cei%2Ccaps%2Copi%2Cxoaf&signature=31ACC713C92BF468B0604D892289468DE459EB82.25E594A16AE4D763A16583FBA9E0634898D041F5&key=yt8&kind=asr&lang=pl&variant=ec&tlang=ko&fmt=srv1\", \"name\": \"Korean\", \"impersonate\": true, \"__yt_dlp_client\": \"tv_downgraded\"}, {\"ext\": \"srv2\", \"url\": \"https://www.youtube.com/api/timedtext?v=ezv5DuvCk0E&ei=z8xXafHFHv6Z6dsP-9P_uAs&caps=asr&opi=112496729&xoaf=5&xowf=1&xospf=1&hl=en&ip=0.0.0.0&ipbits=0&expire=1767386943&sparams=ip%2Cipbits%2Cexpire%2Cv%2Cei%2Ccaps%2Copi%2Cxoaf&signature=31ACC713C92BF468B0604D892289468DE459EB82.25E594A16AE4D763A16583FBA9E0634898D041F5&key=yt8&kind=asr&lang=pl&variant=ec&tlang=ko&fmt=srv2\", \"name\": \"Korean\", \"impersonate\": true, \"__yt_dlp_client\": \"tv_downgraded\"}, {\"ext\": \"srv3\", \"url\": \"https://www.youtube.com/api/timedtext?v=ezv5DuvCk0E&ei=z8xXafHFHv6Z6dsP-9P_uAs&caps=asr&opi=112496729&xoaf=5&xowf=1&xospf=1&hl=en&ip=0.0.0.0&ipbits=0&expire=1767386943&sparams=ip%2Cipbits%2Cexpire%2Cv%2Cei%2Ccaps%2Copi%2Cxoaf&signature=31ACC713C92BF468B0604D892289468DE459EB82.25E594A16AE4D763A16583FBA9E0634898D041F5&key=yt8&kind=asr&lang=pl&variant=ec&tlang=ko&fmt=srv3\", \"name\": \"Korean\", \"impersonate\": true, \"__yt_dlp_client\": \"tv_downgraded\"}, {\"ext\": \"ttml\", \"url\": \"https://www.youtube.com/api/timedtext?v=ezv5DuvCk0E&ei=z8xXafHFHv6Z6dsP-9P_uAs&caps=asr&opi=112496729&xoaf=5&xowf=1&xospf=1&hl=en&ip=0.0.0.0&ipbits=0&expire=1767386943&sparams=ip%2Cipbits%2Cexpire%2Cv%2Cei%2Ccaps%2Copi%2Cxoaf&signature=31ACC713C92BF468B0604D892289468DE459EB82.25E594A16AE4D763A16583FBA9E0634898D041F5&key=yt8&kind=asr&lang=pl&variant=ec&tlang=ko&fmt=ttml\", \"name\": \"Korean\", \"impersonate\": true, \"__yt_dlp_client\": \"tv_downgraded\"}, {\"ext\": \"srt\", \"url\": \"https://www.youtube.com/api/timedtext?v=ezv5DuvCk0E&ei=z8xXafHFHv6Z6dsP-9P_uAs&caps=asr&opi=112496729&xoaf=5&xowf=1&xospf=1&hl=en&ip=0.0.0.0&ipbits=0&expire=1767386943&sparams=ip%2Cipbits%2Cexpire%2Cv%2Cei%2Ccaps%2Copi%2Cxoaf&signature=31ACC713C92BF468B0604D892289468DE459EB82.25E594A16AE4D763A16583FBA9E0634898D041F5&key=yt8&kind=asr&lang=pl&variant=ec&tlang=ko&fmt=srt\", \"name\": \"Korean\", \"impersonate\": true, \"__yt_dlp_client\": \"tv_downgraded\"}, {\"ext\": \"vtt\", \"url\": \"https://www.youtube.com/api/timedtext?v=ezv5DuvCk0E&ei=z8xXafHFHv6Z6dsP-9P_uAs&caps=asr&opi=112496729&xoaf=5&xowf=1&xospf=1&hl=en&ip=0.0.0.0&ipbits=0&expire=1767386943&sparams=ip%2Cipbits%2Cexpire%2Cv%2Cei%2Ccaps%2Copi%2Cxoaf&signature=31ACC713C92BF468B0604D892289468DE459EB82.25E594A16AE4D763A16583FBA9E0634898D041F5&key=yt8&kind=asr&lang=pl&variant=ec&tlang=ko&fmt=vtt\", \"name\": \"Korean\", \"impersonate\": true, \"__yt_dlp_client\": \"tv_downgraded\"}], \"kri\": [{\"ext\": \"json3\", \"url\": \"https://www.youtube.com/api/timedtext?v=ezv5DuvCk0E&ei=z8xXafHFHv6Z6dsP-9P_uAs&caps=asr&opi=112496729&xoaf=5&xowf=1&xospf=1&hl=en&ip=0.0.0.0&ipbits=0&expire=1767386943&sparams=ip%2Cipbits%2Cexpire%2Cv%2Cei%2Ccaps%2Copi%2Cxoaf&signature=31ACC713C92BF468B0604D892289468DE459EB82.25E594A16AE4D763A16583FBA9E0634898D041F5&key=yt8&kind=asr&lang=pl&variant=ec&tlang=kri&fmt=json3\", \"name\": \"Krio\", \"impersonate\": true, \"__yt_dlp_client\": \"tv_downgraded\"}, {\"ext\": \"srv1\", \"url\": \"https://www.youtube.com/api/timedtext?v=ezv5DuvCk0E&ei=z8xXafHFHv6Z6dsP-9P_uAs&caps=asr&opi=112496729&xoaf=5&xowf=1&xospf=1&hl=en&ip=0.0.0.0&ipbits=0&expire=1767386943&sparams=ip%2Cipbits%2Cexpire%2Cv%2Cei%2Ccaps%2Copi%2Cxoaf&signature=31ACC713C92BF468B0604D892289468DE459EB82.25E594A16AE4D763A16583FBA9E0634898D041F5&key=yt8&kind=asr&lang=pl&variant=ec&tlang=kri&fmt=srv1\", \"name\": \"Krio\", \"impersonate\": true, \"__yt_dlp_client\": \"tv_downgraded\"}, {\"ext\": \"srv2\", \"url\": \"https://www.youtube.com/api/timedtext?v=ezv5DuvCk0E&ei=z8xXafHFHv6Z6dsP-9P_uAs&caps=asr&opi=112496729&xoaf=5&xowf=1&xospf=1&hl=en&ip=0.0.0.0&ipbits=0&expire=1767386943&sparams=ip%2Cipbits%2Cexpire%2Cv%2Cei%2Ccaps%2Copi%2Cxoaf&signature=31ACC713C92BF468B0604D892289468DE459EB82.25E594A16AE4D763A16583FBA9E0634898D041F5&key=yt8&kind=asr&lang=pl&variant=ec&tlang=kri&fmt=srv2\", \"name\": \"Krio\", \"impersonate\": true, \"__yt_dlp_client\": \"tv_downgraded\"}, {\"ext\": \"srv3\", \"url\": \"https://www.youtube.com/api/timedtext?v=ezv5DuvCk0E&ei=z8xXafHFHv6Z6dsP-9P_uAs&caps=asr&opi=112496729&xoaf=5&xowf=1&xospf=1&hl=en&ip=0.0.0.0&ipbits=0&expire=1767386943&sparams=ip%2Cipbits%2Cexpire%2Cv%2Cei%2Ccaps%2Copi%2Cxoaf&signature=31ACC713C92BF468B0604D892289468DE459EB82.25E594A16AE4D763A16583FBA9E0634898D041F5&key=yt8&kind=asr&lang=pl&variant=ec&tlang=kri&fmt=srv3\", \"name\": \"Krio\", \"impersonate\": true, \"__yt_dlp_client\": \"tv_downgraded\"}, {\"ext\": \"ttml\", \"url\": \"https://www.youtube.com/api/timedtext?v=ezv5DuvCk0E&ei=z8xXafHFHv6Z6dsP-9P_uAs&caps=asr&opi=112496729&xoaf=5&xowf=1&xospf=1&hl=en&ip=0.0.0.0&ipbits=0&expire=1767386943&sparams=ip%2Cipbits%2Cexpire%2Cv%2Cei%2Ccaps%2Copi%2Cxoaf&signature=31ACC713C92BF468B0604D892289468DE459EB82.25E594A16AE4D763A16583FBA9E0634898D041F5&key=yt8&kind=asr&lang=pl&variant=ec&tlang=kri&fmt=ttml\", \"name\": \"Krio\", \"impersonate\": true, \"__yt_dlp_client\": \"tv_downgraded\"}, {\"ext\": \"srt\", \"url\": \"https://www.youtube.com/api/timedtext?v=ezv5DuvCk0E&ei=z8xXafHFHv6Z6dsP-9P_uAs&caps=asr&opi=112496729&xoaf=5&xowf=1&xospf=1&hl=en&ip=0.0.0.0&ipbits=0&expire=1767386943&sparams=ip%2Cipbits%2Cexpire%2Cv%2Cei%2Ccaps%2Copi%2Cxoaf&signature=31ACC713C92BF468B0604D892289468DE459EB82.25E594A16AE4D763A16583FBA9E0634898D041F5&key=yt8&kind=asr&lang=pl&variant=ec&tlang=kri&fmt=srt\", \"name\": \"Krio\", \"impersonate\": true, \"__yt_dlp_client\": \"tv_downgraded\"}, {\"ext\": \"vtt\", \"url\": \"https://www.youtube.com/api/timedtext?v=ezv5DuvCk0E&ei=z8xXafHFHv6Z6dsP-9P_uAs&caps=asr&opi=112496729&xoaf=5&xowf=1&xospf=1&hl=en&ip=0.0.0.0&ipbits=0&expire=1767386943&sparams=ip%2Cipbits%2Cexpire%2Cv%2Cei%2Ccaps%2Copi%2Cxoaf&signature=31ACC713C92BF468B0604D892289468DE459EB82.25E594A16AE4D763A16583FBA9E0634898D041F5&key=yt8&kind=asr&lang=pl&variant=ec&tlang=kri&fmt=vtt\", \"name\": \"Krio\", \"impersonate\": true, \"__yt_dlp_client\": \"tv_downgraded\"}], \"ku\": [{\"ext\": \"json3\", \"url\": \"https://www.youtube.com/api/timedtext?v=ezv5DuvCk0E&ei=z8xXafHFHv6Z6dsP-9P_uAs&caps=asr&opi=112496729&xoaf=5&xowf=1&xospf=1&hl=en&ip=0.0.0.0&ipbits=0&expire=1767386943&sparams=ip%2Cipbits%2Cexpire%2Cv%2Cei%2Ccaps%2Copi%2Cxoaf&signature=31ACC713C92BF468B0604D892289468DE459EB82.25E594A16AE4D763A16583FBA9E0634898D041F5&key=yt8&kind=asr&lang=pl&variant=ec&tlang=ku&fmt=json3\", \"name\": \"Kurdish\", \"impersonate\": true, \"__yt_dlp_client\": \"tv_downgraded\"}, {\"ext\": \"srv1\", \"url\": \"https://www.youtube.com/api/timedtext?v=ezv5DuvCk0E&ei=z8xXafHFHv6Z6dsP-9P_uAs&caps=asr&opi=112496729&xoaf=5&xowf=1&xospf=1&hl=en&ip=0.0.0.0&ipbits=0&expire=1767386943&sparams=ip%2Cipbits%2Cexpire%2Cv%2Cei%2Ccaps%2Copi%2Cxoaf&signature=31ACC713C92BF468B0604D892289468DE459EB82.25E594A16AE4D763A16583FBA9E0634898D041F5&key=yt8&kind=asr&lang=pl&variant=ec&tlang=ku&fmt=srv1\", \"name\": \"Kurdish\", \"impersonate\": true, \"__yt_dlp_client\": \"tv_downgraded\"}, {\"ext\": \"srv2\", \"url\": \"https://www.youtube.com/api/timedtext?v=ezv5DuvCk0E&ei=z8xXafHFHv6Z6dsP-9P_uAs&caps=asr&opi=112496729&xoaf=5&xowf=1&xospf=1&hl=en&ip=0.0.0.0&ipbits=0&expire=1767386943&sparams=ip%2Cipbits%2Cexpire%2Cv%2Cei%2Ccaps%2Copi%2Cxoaf&signature=31ACC713C92BF468B0604D892289468DE459EB82.25E594A16AE4D763A16583FBA9E0634898D041F5&key=yt8&kind=asr&lang=pl&variant=ec&tlang=ku&fmt=srv2\", \"name\": \"Kurdish\", \"impersonate\": true, \"__yt_dlp_client\": \"tv_downgraded\"}, {\"ext\": \"srv3\", \"url\": \"https://www.youtube.com/api/timedtext?v=ezv5DuvCk0E&ei=z8xXafHFHv6Z6dsP-9P_uAs&caps=asr&opi=112496729&xoaf=5&xowf=1&xospf=1&hl=en&ip=0.0.0.0&ipbits=0&expire=1767386943&sparams=ip%2Cipbits%2Cexpire%2Cv%2Cei%2Ccaps%2Copi%2Cxoaf&signature=31ACC713C92BF468B0604D892289468DE459EB82.25E594A16AE4D763A16583FBA9E0634898D041F5&key=yt8&kind=asr&lang=pl&variant=ec&tlang=ku&fmt=srv3\", \"name\": \"Kurdish\", \"impersonate\": true, \"__yt_dlp_client\": \"tv_downgraded\"}, {\"ext\": \"ttml\", \"url\": \"https://www.youtube.com/api/timedtext?v=ezv5DuvCk0E&ei=z8xXafHFHv6Z6dsP-9P_uAs&caps=asr&opi=112496729&xoaf=5&xowf=1&xospf=1&hl=en&ip=0.0.0.0&ipbits=0&expire=1767386943&sparams=ip%2Cipbits%2Cexpire%2Cv%2Cei%2Ccaps%2Copi%2Cxoaf&signature=31ACC713C92BF468B0604D892289468DE459EB82.25E594A16AE4D763A16583FBA9E0634898D041F5&key=yt8&kind=asr&lang=pl&variant=ec&tlang=ku&fmt=ttml\", \"name\": \"Kurdish\", \"impersonate\": true, \"__yt_dlp_client\": \"tv_downgraded\"}, {\"ext\": \"srt\", \"url\": \"https://www.youtube.com/api/timedtext?v=ezv5DuvCk0E&ei=z8xXafHFHv6Z6dsP-9P_uAs&caps=asr&opi=112496729&xoaf=5&xowf=1&xospf=1&hl=en&ip=0.0.0.0&ipbits=0&expire=1767386943&sparams=ip%2Cipbits%2Cexpire%2Cv%2Cei%2Ccaps%2Copi%2Cxoaf&signature=31ACC713C92BF468B0604D892289468DE459EB82.25E594A16AE4D763A16583FBA9E0634898D041F5&key=yt8&kind=asr&lang=pl&variant=ec&tlang=ku&fmt=srt\", \"name\": \"Kurdish\", \"impersonate\": true, \"__yt_dlp_client\": \"tv_downgraded\"}, {\"ext\": \"vtt\", \"url\": \"https://www.youtube.com/api/timedtext?v=ezv5DuvCk0E&ei=z8xXafHFHv6Z6dsP-9P_uAs&caps=asr&opi=112496729&xoaf=5&xowf=1&xospf=1&hl=en&ip=0.0.0.0&ipbits=0&expire=1767386943&sparams=ip%2Cipbits%2Cexpire%2Cv%2Cei%2Ccaps%2Copi%2Cxoaf&signature=31ACC713C92BF468B0604D892289468DE459EB82.25E594A16AE4D763A16583FBA9E0634898D041F5&key=yt8&kind=asr&lang=pl&variant=ec&tlang=ku&fmt=vtt\", \"name\": \"Kurdish\", \"impersonate\": true, \"__yt_dlp_client\": \"tv_downgraded\"}], \"ky\": [{\"ext\": \"json3\", \"url\": \"https://www.youtube.com/api/timedtext?v=ezv5DuvCk0E&ei=z8xXafHFHv6Z6dsP-9P_uAs&caps=asr&opi=112496729&xoaf=5&xowf=1&xospf=1&hl=en&ip=0.0.0.0&ipbits=0&expire=1767386943&sparams=ip%2Cipbits%2Cexpire%2Cv%2Cei%2Ccaps%2Copi%2Cxoaf&signature=31ACC713C92BF468B0604D892289468DE459EB82.25E594A16AE4D763A16583FBA9E0634898D041F5&key=yt8&kind=asr&lang=pl&variant=ec&tlang=ky&fmt=json3\", \"name\": \"Kyrgyz\", \"impersonate\": true, \"__yt_dlp_client\": \"tv_downgraded\"}, {\"ext\": \"srv1\", \"url\": \"https://www.youtube.com/api/timedtext?v=ezv5DuvCk0E&ei=z8xXafHFHv6Z6dsP-9P_uAs&caps=asr&opi=112496729&xoaf=5&xowf=1&xospf=1&hl=en&ip=0.0.0.0&ipbits=0&expire=1767386943&sparams=ip%2Cipbits%2Cexpire%2Cv%2Cei%2Ccaps%2Copi%2Cxoaf&signature=31ACC713C92BF468B0604D892289468DE459EB82.25E594A16AE4D763A16583FBA9E0634898D041F5&key=yt8&kind=asr&lang=pl&variant=ec&tlang=ky&fmt=srv1\", \"name\": \"Kyrgyz\", \"impersonate\": true, \"__yt_dlp_client\": \"tv_downgraded\"}, {\"ext\": \"srv2\", \"url\": \"https://www.youtube.com/api/timedtext?v=ezv5DuvCk0E&ei=z8xXafHFHv6Z6dsP-9P_uAs&caps=asr&opi=112496729&xoaf=5&xowf=1&xospf=1&hl=en&ip=0.0.0.0&ipbits=0&expire=1767386943&sparams=ip%2Cipbits%2Cexpire%2Cv%2Cei%2Ccaps%2Copi%2Cxoaf&signature=31ACC713C92BF468B0604D892289468DE459EB82.25E594A16AE4D763A16583FBA9E0634898D041F5&key=yt8&kind=asr&lang=pl&variant=ec&tlang=ky&fmt=srv2\", \"name\": \"Kyrgyz\", \"impersonate\": true, \"__yt_dlp_client\": \"tv_downgraded\"}, {\"ext\": \"srv3\", \"url\": \"https://www.youtube.com/api/timedtext?v=ezv5DuvCk0E&ei=z8xXafHFHv6Z6dsP-9P_uAs&caps=asr&opi=112496729&xoaf=5&xowf=1&xospf=1&hl=en&ip=0.0.0.0&ipbits=0&expire=1767386943&sparams=ip%2Cipbits%2Cexpire%2Cv%2Cei%2Ccaps%2Copi%2Cxoaf&signature=31ACC713C92BF468B0604D892289468DE459EB82.25E594A16AE4D763A16583FBA9E0634898D041F5&key=yt8&kind=asr&lang=pl&variant=ec&tlang=ky&fmt=srv3\", \"name\": \"Kyrgyz\", \"impersonate\": true, \"__yt_dlp_client\": \"tv_downgraded\"}, {\"ext\": \"ttml\", \"url\": \"https://www.youtube.com/api/timedtext?v=ezv5DuvCk0E&ei=z8xXafHFHv6Z6dsP-9P_uAs&caps=asr&opi=112496729&xoaf=5&xowf=1&xospf=1&hl=en&ip=0.0.0.0&ipbits=0&expire=1767386943&sparams=ip%2Cipbits%2Cexpire%2Cv%2Cei%2Ccaps%2Copi%2Cxoaf&signature=31ACC713C92BF468B0604D892289468DE459EB82.25E594A16AE4D763A16583FBA9E0634898D041F5&key=yt8&kind=asr&lang=pl&variant=ec&tlang=ky&fmt=ttml\", \"name\": \"Kyrgyz\", \"impersonate\": true, \"__yt_dlp_client\": \"tv_downgraded\"}, {\"ext\": \"srt\", \"url\": \"https://www.youtube.com/api/timedtext?v=ezv5DuvCk0E&ei=z8xXafHFHv6Z6dsP-9P_uAs&caps=asr&opi=112496729&xoaf=5&xowf=1&xospf=1&hl=en&ip=0.0.0.0&ipbits=0&expire=1767386943&sparams=ip%2Cipbits%2Cexpire%2Cv%2Cei%2Ccaps%2Copi%2Cxoaf&signature=31ACC713C92BF468B0604D892289468DE459EB82.25E594A16AE4D763A16583FBA9E0634898D041F5&key=yt8&kind=asr&lang=pl&variant=ec&tlang=ky&fmt=srt\", \"name\": \"Kyrgyz\", \"impersonate\": true, \"__yt_dlp_client\": \"tv_downgraded\"}, {\"ext\": \"vtt\", \"url\": \"https://www.youtube.com/api/timedtext?v=ezv5DuvCk0E&ei=z8xXafHFHv6Z6dsP-9P_uAs&caps=asr&opi=112496729&xoaf=5&xowf=1&xospf=1&hl=en&ip=0.0.0.0&ipbits=0&expire=1767386943&sparams=ip%2Cipbits%2Cexpire%2Cv%2Cei%2Ccaps%2Copi%2Cxoaf&signature=31ACC713C92BF468B0604D892289468DE459EB82.25E594A16AE4D763A16583FBA9E0634898D041F5&key=yt8&kind=asr&lang=pl&variant=ec&tlang=ky&fmt=vtt\", \"name\": \"Kyrgyz\", \"impersonate\": true, \"__yt_dlp_client\": \"tv_downgraded\"}], \"lo\": [{\"ext\": \"json3\", \"url\": \"https://www.youtube.com/api/timedtext?v=ezv5DuvCk0E&ei=z8xXafHFHv6Z6dsP-9P_uAs&caps=asr&opi=112496729&xoaf=5&xowf=1&xospf=1&hl=en&ip=0.0.0.0&ipbits=0&expire=1767386943&sparams=ip%2Cipbits%2Cexpire%2Cv%2Cei%2Ccaps%2Copi%2Cxoaf&signature=31ACC713C92BF468B0604D892289468DE459EB82.25E594A16AE4D763A16583FBA9E0634898D041F5&key=yt8&kind=asr&lang=pl&variant=ec&tlang=lo&fmt=json3\", \"name\": \"Lao\", \"impersonate\": true, \"__yt_dlp_client\": \"tv_downgraded\"}, {\"ext\": \"srv1\", \"url\": \"https://www.youtube.com/api/timedtext?v=ezv5DuvCk0E&ei=z8xXafHFHv6Z6dsP-9P_uAs&caps=asr&opi=112496729&xoaf=5&xowf=1&xospf=1&hl=en&ip=0.0.0.0&ipbits=0&expire=1767386943&sparams=ip%2Cipbits%2Cexpire%2Cv%2Cei%2Ccaps%2Copi%2Cxoaf&signature=31ACC713C92BF468B0604D892289468DE459EB82.25E594A16AE4D763A16583FBA9E0634898D041F5&key=yt8&kind=asr&lang=pl&variant=ec&tlang=lo&fmt=srv1\", \"name\": \"Lao\", \"impersonate\": true, \"__yt_dlp_client\": \"tv_downgraded\"}, {\"ext\": \"srv2\", \"url\": \"https://www.youtube.com/api/timedtext?v=ezv5DuvCk0E&ei=z8xXafHFHv6Z6dsP-9P_uAs&caps=asr&opi=112496729&xoaf=5&xowf=1&xospf=1&hl=en&ip=0.0.0.0&ipbits=0&expire=1767386943&sparams=ip%2Cipbits%2Cexpire%2Cv%2Cei%2Ccaps%2Copi%2Cxoaf&signature=31ACC713C92BF468B0604D892289468DE459EB82.25E594A16AE4D763A16583FBA9E0634898D041F5&key=yt8&kind=asr&lang=pl&variant=ec&tlang=lo&fmt=srv2\", \"name\": \"Lao\", \"impersonate\": true, \"__yt_dlp_client\": \"tv_downgraded\"}, {\"ext\": \"srv3\", \"url\": \"https://www.youtube.com/api/timedtext?v=ezv5DuvCk0E&ei=z8xXafHFHv6Z6dsP-9P_uAs&caps=asr&opi=112496729&xoaf=5&xowf=1&xospf=1&hl=en&ip=0.0.0.0&ipbits=0&expire=1767386943&sparams=ip%2Cipbits%2Cexpire%2Cv%2Cei%2Ccaps%2Copi%2Cxoaf&signature=31ACC713C92BF468B0604D892289468DE459EB82.25E594A16AE4D763A16583FBA9E0634898D041F5&key=yt8&kind=asr&lang=pl&variant=ec&tlang=lo&fmt=srv3\", \"name\": \"Lao\", \"impersonate\": true, \"__yt_dlp_client\": \"tv_downgraded\"}, {\"ext\": \"ttml\", \"url\": \"https://www.youtube.com/api/timedtext?v=ezv5DuvCk0E&ei=z8xXafHFHv6Z6dsP-9P_uAs&caps=asr&opi=112496729&xoaf=5&xowf=1&xospf=1&hl=en&ip=0.0.0.0&ipbits=0&expire=1767386943&sparams=ip%2Cipbits%2Cexpire%2Cv%2Cei%2Ccaps%2Copi%2Cxoaf&signature=31ACC713C92BF468B0604D892289468DE459EB82.25E594A16AE4D763A16583FBA9E0634898D041F5&key=yt8&kind=asr&lang=pl&variant=ec&tlang=lo&fmt=ttml\", \"name\": \"Lao\", \"impersonate\": true, \"__yt_dlp_client\": \"tv_downgraded\"}, {\"ext\": \"srt\", \"url\": \"https://www.youtube.com/api/timedtext?v=ezv5DuvCk0E&ei=z8xXafHFHv6Z6dsP-9P_uAs&caps=asr&opi=112496729&xoaf=5&xowf=1&xospf=1&hl=en&ip=0.0.0.0&ipbits=0&expire=1767386943&sparams=ip%2Cipbits%2Cexpire%2Cv%2Cei%2Ccaps%2Copi%2Cxoaf&signature=31ACC713C92BF468B0604D892289468DE459EB82.25E594A16AE4D763A16583FBA9E0634898D041F5&key=yt8&kind=asr&lang=pl&variant=ec&tlang=lo&fmt=srt\", \"name\": \"Lao\", \"impersonate\": true, \"__yt_dlp_client\": \"tv_downgraded\"}, {\"ext\": \"vtt\", \"url\": \"https://www.youtube.com/api/timedtext?v=ezv5DuvCk0E&ei=z8xXafHFHv6Z6dsP-9P_uAs&caps=asr&opi=112496729&xoaf=5&xowf=1&xospf=1&hl=en&ip=0.0.0.0&ipbits=0&expire=1767386943&sparams=ip%2Cipbits%2Cexpire%2Cv%2Cei%2Ccaps%2Copi%2Cxoaf&signature=31ACC713C92BF468B0604D892289468DE459EB82.25E594A16AE4D763A16583FBA9E0634898D041F5&key=yt8&kind=asr&lang=pl&variant=ec&tlang=lo&fmt=vtt\", \"name\": \"Lao\", \"impersonate\": true, \"__yt_dlp_client\": \"tv_downgraded\"}], \"la\": [{\"ext\": \"json3\", \"url\": \"https://www.youtube.com/api/timedtext?v=ezv5DuvCk0E&ei=z8xXafHFHv6Z6dsP-9P_uAs&caps=asr&opi=112496729&xoaf=5&xowf=1&xospf=1&hl=en&ip=0.0.0.0&ipbits=0&expire=1767386943&sparams=ip%2Cipbits%2Cexpire%2Cv%2Cei%2Ccaps%2Copi%2Cxoaf&signature=31ACC713C92BF468B0604D892289468DE459EB82.25E594A16AE4D763A16583FBA9E0634898D041F5&key=yt8&kind=asr&lang=pl&variant=ec&tlang=la&fmt=json3\", \"name\": \"Latin\", \"impersonate\": true, \"__yt_dlp_client\": \"tv_downgraded\"}, {\"ext\": \"srv1\", \"url\": \"https://www.youtube.com/api/timedtext?v=ezv5DuvCk0E&ei=z8xXafHFHv6Z6dsP-9P_uAs&caps=asr&opi=112496729&xoaf=5&xowf=1&xospf=1&hl=en&ip=0.0.0.0&ipbits=0&expire=1767386943&sparams=ip%2Cipbits%2Cexpire%2Cv%2Cei%2Ccaps%2Copi%2Cxoaf&signature=31ACC713C92BF468B0604D892289468DE459EB82.25E594A16AE4D763A16583FBA9E0634898D041F5&key=yt8&kind=asr&lang=pl&variant=ec&tlang=la&fmt=srv1\", \"name\": \"Latin\", \"impersonate\": true, \"__yt_dlp_client\": \"tv_downgraded\"}, {\"ext\": \"srv2\", \"url\": \"https://www.youtube.com/api/timedtext?v=ezv5DuvCk0E&ei=z8xXafHFHv6Z6dsP-9P_uAs&caps=asr&opi=112496729&xoaf=5&xowf=1&xospf=1&hl=en&ip=0.0.0.0&ipbits=0&expire=1767386943&sparams=ip%2Cipbits%2Cexpire%2Cv%2Cei%2Ccaps%2Copi%2Cxoaf&signature=31ACC713C92BF468B0604D892289468DE459EB82.25E594A16AE4D763A16583FBA9E0634898D041F5&key=yt8&kind=asr&lang=pl&variant=ec&tlang=la&fmt=srv2\", \"name\": \"Latin\", \"impersonate\": true, \"__yt_dlp_client\": \"tv_downgraded\"}, {\"ext\": \"srv3\", \"url\": \"https://www.youtube.com/api/timedtext?v=ezv5DuvCk0E&ei=z8xXafHFHv6Z6dsP-9P_uAs&caps=asr&opi=112496729&xoaf=5&xowf=1&xospf=1&hl=en&ip=0.0.0.0&ipbits=0&expire=1767386943&sparams=ip%2Cipbits%2Cexpire%2Cv%2Cei%2Ccaps%2Copi%2Cxoaf&signature=31ACC713C92BF468B0604D892289468DE459EB82.25E594A16AE4D763A16583FBA9E0634898D041F5&key=yt8&kind=asr&lang=pl&variant=ec&tlang=la&fmt=srv3\", \"name\": \"Latin\", \"impersonate\": true, \"__yt_dlp_client\": \"tv_downgraded\"}, {\"ext\": \"ttml\", \"url\": \"https://www.youtube.com/api/timedtext?v=ezv5DuvCk0E&ei=z8xXafHFHv6Z6dsP-9P_uAs&caps=asr&opi=112496729&xoaf=5&xowf=1&xospf=1&hl=en&ip=0.0.0.0&ipbits=0&expire=1767386943&sparams=ip%2Cipbits%2Cexpire%2Cv%2Cei%2Ccaps%2Copi%2Cxoaf&signature=31ACC713C92BF468B0604D892289468DE459EB82.25E594A16AE4D763A16583FBA9E0634898D041F5&key=yt8&kind=asr&lang=pl&variant=ec&tlang=la&fmt=ttml\", \"name\": \"Latin\", \"impersonate\": true, \"__yt_dlp_client\": \"tv_downgraded\"}, {\"ext\": \"srt\", \"url\": \"https://www.youtube.com/api/timedtext?v=ezv5DuvCk0E&ei=z8xXafHFHv6Z6dsP-9P_uAs&caps=asr&opi=112496729&xoaf=5&xowf=1&xospf=1&hl=en&ip=0.0.0.0&ipbits=0&expire=1767386943&sparams=ip%2Cipbits%2Cexpire%2Cv%2Cei%2Ccaps%2Copi%2Cxoaf&signature=31ACC713C92BF468B0604D892289468DE459EB82.25E594A16AE4D763A16583FBA9E0634898D041F5&key=yt8&kind=asr&lang=pl&variant=ec&tlang=la&fmt=srt\", \"name\": \"Latin\", \"impersonate\": true, \"__yt_dlp_client\": \"tv_downgraded\"}, {\"ext\": \"vtt\", \"url\": \"https://www.youtube.com/api/timedtext?v=ezv5DuvCk0E&ei=z8xXafHFHv6Z6dsP-9P_uAs&caps=asr&opi=112496729&xoaf=5&xowf=1&xospf=1&hl=en&ip=0.0.0.0&ipbits=0&expire=1767386943&sparams=ip%2Cipbits%2Cexpire%2Cv%2Cei%2Ccaps%2Copi%2Cxoaf&signature=31ACC713C92BF468B0604D892289468DE459EB82.25E594A16AE4D763A16583FBA9E0634898D041F5&key=yt8&kind=asr&lang=pl&variant=ec&tlang=la&fmt=vtt\", \"name\": \"Latin\", \"impersonate\": true, \"__yt_dlp_client\": \"tv_downgraded\"}], \"lv\": [{\"ext\": \"json3\", \"url\": \"https://www.youtube.com/api/timedtext?v=ezv5DuvCk0E&ei=z8xXafHFHv6Z6dsP-9P_uAs&caps=asr&opi=112496729&xoaf=5&xowf=1&xospf=1&hl=en&ip=0.0.0.0&ipbits=0&expire=1767386943&sparams=ip%2Cipbits%2Cexpire%2Cv%2Cei%2Ccaps%2Copi%2Cxoaf&signature=31ACC713C92BF468B0604D892289468DE459EB82.25E594A16AE4D763A16583FBA9E0634898D041F5&key=yt8&kind=asr&lang=pl&variant=ec&tlang=lv&fmt=json3\", \"name\": \"Latvian\", \"impersonate\": true, \"__yt_dlp_client\": \"tv_downgraded\"}, {\"ext\": \"srv1\", \"url\": \"https://www.youtube.com/api/timedtext?v=ezv5DuvCk0E&ei=z8xXafHFHv6Z6dsP-9P_uAs&caps=asr&opi=112496729&xoaf=5&xowf=1&xospf=1&hl=en&ip=0.0.0.0&ipbits=0&expire=1767386943&sparams=ip%2Cipbits%2Cexpire%2Cv%2Cei%2Ccaps%2Copi%2Cxoaf&signature=31ACC713C92BF468B0604D892289468DE459EB82.25E594A16AE4D763A16583FBA9E0634898D041F5&key=yt8&kind=asr&lang=pl&variant=ec&tlang=lv&fmt=srv1\", \"name\": \"Latvian\", \"impersonate\": true, \"__yt_dlp_client\": \"tv_downgraded\"}, {\"ext\": \"srv2\", \"url\": \"https://www.youtube.com/api/timedtext?v=ezv5DuvCk0E&ei=z8xXafHFHv6Z6dsP-9P_uAs&caps=asr&opi=112496729&xoaf=5&xowf=1&xospf=1&hl=en&ip=0.0.0.0&ipbits=0&expire=1767386943&sparams=ip%2Cipbits%2Cexpire%2Cv%2Cei%2Ccaps%2Copi%2Cxoaf&signature=31ACC713C92BF468B0604D892289468DE459EB82.25E594A16AE4D763A16583FBA9E0634898D041F5&key=yt8&kind=asr&lang=pl&variant=ec&tlang=lv&fmt=srv2\", \"name\": \"Latvian\", \"impersonate\": true, \"__yt_dlp_client\": \"tv_downgraded\"}, {\"ext\": \"srv3\", \"url\": \"https://www.youtube.com/api/timedtext?v=ezv5DuvCk0E&ei=z8xXafHFHv6Z6dsP-9P_uAs&caps=asr&opi=112496729&xoaf=5&xowf=1&xospf=1&hl=en&ip=0.0.0.0&ipbits=0&expire=1767386943&sparams=ip%2Cipbits%2Cexpire%2Cv%2Cei%2Ccaps%2Copi%2Cxoaf&signature=31ACC713C92BF468B0604D892289468DE459EB82.25E594A16AE4D763A16583FBA9E0634898D041F5&key=yt8&kind=asr&lang=pl&variant=ec&tlang=lv&fmt=srv3\", \"name\": \"Latvian\", \"impersonate\": true, \"__yt_dlp_client\": \"tv_downgraded\"}, {\"ext\": \"ttml\", \"url\": \"https://www.youtube.com/api/timedtext?v=ezv5DuvCk0E&ei=z8xXafHFHv6Z6dsP-9P_uAs&caps=asr&opi=112496729&xoaf=5&xowf=1&xospf=1&hl=en&ip=0.0.0.0&ipbits=0&expire=1767386943&sparams=ip%2Cipbits%2Cexpire%2Cv%2Cei%2Ccaps%2Copi%2Cxoaf&signature=31ACC713C92BF468B0604D892289468DE459EB82.25E594A16AE4D763A16583FBA9E0634898D041F5&key=yt8&kind=asr&lang=pl&variant=ec&tlang=lv&fmt=ttml\", \"name\": \"Latvian\", \"impersonate\": true, \"__yt_dlp_client\": \"tv_downgraded\"}, {\"ext\": \"srt\", \"url\": \"https://www.youtube.com/api/timedtext?v=ezv5DuvCk0E&ei=z8xXafHFHv6Z6dsP-9P_uAs&caps=asr&opi=112496729&xoaf=5&xowf=1&xospf=1&hl=en&ip=0.0.0.0&ipbits=0&expire=1767386943&sparams=ip%2Cipbits%2Cexpire%2Cv%2Cei%2Ccaps%2Copi%2Cxoaf&signature=31ACC713C92BF468B0604D892289468DE459EB82.25E594A16AE4D763A16583FBA9E0634898D041F5&key=yt8&kind=asr&lang=pl&variant=ec&tlang=lv&fmt=srt\", \"name\": \"Latvian\", \"impersonate\": true, \"__yt_dlp_client\": \"tv_downgraded\"}, {\"ext\": \"vtt\", \"url\": \"https://www.youtube.com/api/timedtext?v=ezv5DuvCk0E&ei=z8xXafHFHv6Z6dsP-9P_uAs&caps=asr&opi=112496729&xoaf=5&xowf=1&xospf=1&hl=en&ip=0.0.0.0&ipbits=0&expire=1767386943&sparams=ip%2Cipbits%2Cexpire%2Cv%2Cei%2Ccaps%2Copi%2Cxoaf&signature=31ACC713C92BF468B0604D892289468DE459EB82.25E594A16AE4D763A16583FBA9E0634898D041F5&key=yt8&kind=asr&lang=pl&variant=ec&tlang=lv&fmt=vtt\", \"name\": \"Latvian\", \"impersonate\": true, \"__yt_dlp_client\": \"tv_downgraded\"}], \"ln\": [{\"ext\": \"json3\", \"url\": \"https://www.youtube.com/api/timedtext?v=ezv5DuvCk0E&ei=z8xXafHFHv6Z6dsP-9P_uAs&caps=asr&opi=112496729&xoaf=5&xowf=1&xospf=1&hl=en&ip=0.0.0.0&ipbits=0&expire=1767386943&sparams=ip%2Cipbits%2Cexpire%2Cv%2Cei%2Ccaps%2Copi%2Cxoaf&signature=31ACC713C92BF468B0604D892289468DE459EB82.25E594A16AE4D763A16583FBA9E0634898D041F5&key=yt8&kind=asr&lang=pl&variant=ec&tlang=ln&fmt=json3\", \"name\": \"Lingala\", \"impersonate\": true, \"__yt_dlp_client\": \"tv_downgraded\"}, {\"ext\": \"srv1\", \"url\": \"https://www.youtube.com/api/timedtext?v=ezv5DuvCk0E&ei=z8xXafHFHv6Z6dsP-9P_uAs&caps=asr&opi=112496729&xoaf=5&xowf=1&xospf=1&hl=en&ip=0.0.0.0&ipbits=0&expire=1767386943&sparams=ip%2Cipbits%2Cexpire%2Cv%2Cei%2Ccaps%2Copi%2Cxoaf&signature=31ACC713C92BF468B0604D892289468DE459EB82.25E594A16AE4D763A16583FBA9E0634898D041F5&key=yt8&kind=asr&lang=pl&variant=ec&tlang=ln&fmt=srv1\", \"name\": \"Lingala\", \"impersonate\": true, \"__yt_dlp_client\": \"tv_downgraded\"}, {\"ext\": \"srv2\", \"url\": \"https://www.youtube.com/api/timedtext?v=ezv5DuvCk0E&ei=z8xXafHFHv6Z6dsP-9P_uAs&caps=asr&opi=112496729&xoaf=5&xowf=1&xospf=1&hl=en&ip=0.0.0.0&ipbits=0&expire=1767386943&sparams=ip%2Cipbits%2Cexpire%2Cv%2Cei%2Ccaps%2Copi%2Cxoaf&signature=31ACC713C92BF468B0604D892289468DE459EB82.25E594A16AE4D763A16583FBA9E0634898D041F5&key=yt8&kind=asr&lang=pl&variant=ec&tlang=ln&fmt=srv2\", \"name\": \"Lingala\", \"impersonate\": true, \"__yt_dlp_client\": \"tv_downgraded\"}, {\"ext\": \"srv3\", \"url\": \"https://www.youtube.com/api/timedtext?v=ezv5DuvCk0E&ei=z8xXafHFHv6Z6dsP-9P_uAs&caps=asr&opi=112496729&xoaf=5&xowf=1&xospf=1&hl=en&ip=0.0.0.0&ipbits=0&expire=1767386943&sparams=ip%2Cipbits%2Cexpire%2Cv%2Cei%2Ccaps%2Copi%2Cxoaf&signature=31ACC713C92BF468B0604D892289468DE459EB82.25E594A16AE4D763A16583FBA9E0634898D041F5&key=yt8&kind=asr&lang=pl&variant=ec&tlang=ln&fmt=srv3\", \"name\": \"Lingala\", \"impersonate\": true, \"__yt_dlp_client\": \"tv_downgraded\"}, {\"ext\": \"ttml\", \"url\": \"https://www.youtube.com/api/timedtext?v=ezv5DuvCk0E&ei=z8xXafHFHv6Z6dsP-9P_uAs&caps=asr&opi=112496729&xoaf=5&xowf=1&xospf=1&hl=en&ip=0.0.0.0&ipbits=0&expire=1767386943&sparams=ip%2Cipbits%2Cexpire%2Cv%2Cei%2Ccaps%2Copi%2Cxoaf&signature=31ACC713C92BF468B0604D892289468DE459EB82.25E594A16AE4D763A16583FBA9E0634898D041F5&key=yt8&kind=asr&lang=pl&variant=ec&tlang=ln&fmt=ttml\", \"name\": \"Lingala\", \"impersonate\": true, \"__yt_dlp_client\": \"tv_downgraded\"}, {\"ext\": \"srt\", \"url\": \"https://www.youtube.com/api/timedtext?v=ezv5DuvCk0E&ei=z8xXafHFHv6Z6dsP-9P_uAs&caps=asr&opi=112496729&xoaf=5&xowf=1&xospf=1&hl=en&ip=0.0.0.0&ipbits=0&expire=1767386943&sparams=ip%2Cipbits%2Cexpire%2Cv%2Cei%2Ccaps%2Copi%2Cxoaf&signature=31ACC713C92BF468B0604D892289468DE459EB82.25E594A16AE4D763A16583FBA9E0634898D041F5&key=yt8&kind=asr&lang=pl&variant=ec&tlang=ln&fmt=srt\", \"name\": \"Lingala\", \"impersonate\": true, \"__yt_dlp_client\": \"tv_downgraded\"}, {\"ext\": \"vtt\", \"url\": \"https://www.youtube.com/api/timedtext?v=ezv5DuvCk0E&ei=z8xXafHFHv6Z6dsP-9P_uAs&caps=asr&opi=112496729&xoaf=5&xowf=1&xospf=1&hl=en&ip=0.0.0.0&ipbits=0&expire=1767386943&sparams=ip%2Cipbits%2Cexpire%2Cv%2Cei%2Ccaps%2Copi%2Cxoaf&signature=31ACC713C92BF468B0604D892289468DE459EB82.25E594A16AE4D763A16583FBA9E0634898D041F5&key=yt8&kind=asr&lang=pl&variant=ec&tlang=ln&fmt=vtt\", \"name\": \"Lingala\", \"impersonate\": true, \"__yt_dlp_client\": \"tv_downgraded\"}], \"lt\": [{\"ext\": \"json3\", \"url\": \"https://www.youtube.com/api/timedtext?v=ezv5DuvCk0E&ei=z8xXafHFHv6Z6dsP-9P_uAs&caps=asr&opi=112496729&xoaf=5&xowf=1&xospf=1&hl=en&ip=0.0.0.0&ipbits=0&expire=1767386943&sparams=ip%2Cipbits%2Cexpire%2Cv%2Cei%2Ccaps%2Copi%2Cxoaf&signature=31ACC713C92BF468B0604D892289468DE459EB82.25E594A16AE4D763A16583FBA9E0634898D041F5&key=yt8&kind=asr&lang=pl&variant=ec&tlang=lt&fmt=json3\", \"name\": \"Lithuanian\", \"impersonate\": true, \"__yt_dlp_client\": \"tv_downgraded\"}, {\"ext\": \"srv1\", \"url\": \"https://www.youtube.com/api/timedtext?v=ezv5DuvCk0E&ei=z8xXafHFHv6Z6dsP-9P_uAs&caps=asr&opi=112496729&xoaf=5&xowf=1&xospf=1&hl=en&ip=0.0.0.0&ipbits=0&expire=1767386943&sparams=ip%2Cipbits%2Cexpire%2Cv%2Cei%2Ccaps%2Copi%2Cxoaf&signature=31ACC713C92BF468B0604D892289468DE459EB82.25E594A16AE4D763A16583FBA9E0634898D041F5&key=yt8&kind=asr&lang=pl&variant=ec&tlang=lt&fmt=srv1\", \"name\": \"Lithuanian\", \"impersonate\": true, \"__yt_dlp_client\": \"tv_downgraded\"}, {\"ext\": \"srv2\", \"url\": \"https://www.youtube.com/api/timedtext?v=ezv5DuvCk0E&ei=z8xXafHFHv6Z6dsP-9P_uAs&caps=asr&opi=112496729&xoaf=5&xowf=1&xospf=1&hl=en&ip=0.0.0.0&ipbits=0&expire=1767386943&sparams=ip%2Cipbits%2Cexpire%2Cv%2Cei%2Ccaps%2Copi%2Cxoaf&signature=31ACC713C92BF468B0604D892289468DE459EB82.25E594A16AE4D763A16583FBA9E0634898D041F5&key=yt8&kind=asr&lang=pl&variant=ec&tlang=lt&fmt=srv2\", \"name\": \"Lithuanian\", \"impersonate\": true, \"__yt_dlp_client\": \"tv_downgraded\"}, {\"ext\": \"srv3\", \"url\": \"https://www.youtube.com/api/timedtext?v=ezv5DuvCk0E&ei=z8xXafHFHv6Z6dsP-9P_uAs&caps=asr&opi=112496729&xoaf=5&xowf=1&xospf=1&hl=en&ip=0.0.0.0&ipbits=0&expire=1767386943&sparams=ip%2Cipbits%2Cexpire%2Cv%2Cei%2Ccaps%2Copi%2Cxoaf&signature=31ACC713C92BF468B0604D892289468DE459EB82.25E594A16AE4D763A16583FBA9E0634898D041F5&key=yt8&kind=asr&lang=pl&variant=ec&tlang=lt&fmt=srv3\", \"name\": \"Lithuanian\", \"impersonate\": true, \"__yt_dlp_client\": \"tv_downgraded\"}, {\"ext\": \"ttml\", \"url\": \"https://www.youtube.com/api/timedtext?v=ezv5DuvCk0E&ei=z8xXafHFHv6Z6dsP-9P_uAs&caps=asr&opi=112496729&xoaf=5&xowf=1&xospf=1&hl=en&ip=0.0.0.0&ipbits=0&expire=1767386943&sparams=ip%2Cipbits%2Cexpire%2Cv%2Cei%2Ccaps%2Copi%2Cxoaf&signature=31ACC713C92BF468B0604D892289468DE459EB82.25E594A16AE4D763A16583FBA9E0634898D041F5&key=yt8&kind=asr&lang=pl&variant=ec&tlang=lt&fmt=ttml\", \"name\": \"Lithuanian\", \"impersonate\": true, \"__yt_dlp_client\": \"tv_downgraded\"}, {\"ext\": \"srt\", \"url\": \"https://www.youtube.com/api/timedtext?v=ezv5DuvCk0E&ei=z8xXafHFHv6Z6dsP-9P_uAs&caps=asr&opi=112496729&xoaf=5&xowf=1&xospf=1&hl=en&ip=0.0.0.0&ipbits=0&expire=1767386943&sparams=ip%2Cipbits%2Cexpire%2Cv%2Cei%2Ccaps%2Copi%2Cxoaf&signature=31ACC713C92BF468B0604D892289468DE459EB82.25E594A16AE4D763A16583FBA9E0634898D041F5&key=yt8&kind=asr&lang=pl&variant=ec&tlang=lt&fmt=srt\", \"name\": \"Lithuanian\", \"impersonate\": true, \"__yt_dlp_client\": \"tv_downgraded\"}, {\"ext\": \"vtt\", \"url\": \"https://www.youtube.com/api/timedtext?v=ezv5DuvCk0E&ei=z8xXafHFHv6Z6dsP-9P_uAs&caps=asr&opi=112496729&xoaf=5&xowf=1&xospf=1&hl=en&ip=0.0.0.0&ipbits=0&expire=1767386943&sparams=ip%2Cipbits%2Cexpire%2Cv%2Cei%2Ccaps%2Copi%2Cxoaf&signature=31ACC713C92BF468B0604D892289468DE459EB82.25E594A16AE4D763A16583FBA9E0634898D041F5&key=yt8&kind=asr&lang=pl&variant=ec&tlang=lt&fmt=vtt\", \"name\": \"Lithuanian\", \"impersonate\": true, \"__yt_dlp_client\": \"tv_downgraded\"}], \"lua\": [{\"ext\": \"json3\", \"url\": \"https://www.youtube.com/api/timedtext?v=ezv5DuvCk0E&ei=z8xXafHFHv6Z6dsP-9P_uAs&caps=asr&opi=112496729&xoaf=5&xowf=1&xospf=1&hl=en&ip=0.0.0.0&ipbits=0&expire=1767386943&sparams=ip%2Cipbits%2Cexpire%2Cv%2Cei%2Ccaps%2Copi%2Cxoaf&signature=31ACC713C92BF468B0604D892289468DE459EB82.25E594A16AE4D763A16583FBA9E0634898D041F5&key=yt8&kind=asr&lang=pl&variant=ec&tlang=lua&fmt=json3\", \"name\": \"Luba-Lulua\", \"impersonate\": true, \"__yt_dlp_client\": \"tv_downgraded\"}, {\"ext\": \"srv1\", \"url\": \"https://www.youtube.com/api/timedtext?v=ezv5DuvCk0E&ei=z8xXafHFHv6Z6dsP-9P_uAs&caps=asr&opi=112496729&xoaf=5&xowf=1&xospf=1&hl=en&ip=0.0.0.0&ipbits=0&expire=1767386943&sparams=ip%2Cipbits%2Cexpire%2Cv%2Cei%2Ccaps%2Copi%2Cxoaf&signature=31ACC713C92BF468B0604D892289468DE459EB82.25E594A16AE4D763A16583FBA9E0634898D041F5&key=yt8&kind=asr&lang=pl&variant=ec&tlang=lua&fmt=srv1\", \"name\": \"Luba-Lulua\", \"impersonate\": true, \"__yt_dlp_client\": \"tv_downgraded\"}, {\"ext\": \"srv2\", \"url\": \"https://www.youtube.com/api/timedtext?v=ezv5DuvCk0E&ei=z8xXafHFHv6Z6dsP-9P_uAs&caps=asr&opi=112496729&xoaf=5&xowf=1&xospf=1&hl=en&ip=0.0.0.0&ipbits=0&expire=1767386943&sparams=ip%2Cipbits%2Cexpire%2Cv%2Cei%2Ccaps%2Copi%2Cxoaf&signature=31ACC713C92BF468B0604D892289468DE459EB82.25E594A16AE4D763A16583FBA9E0634898D041F5&key=yt8&kind=asr&lang=pl&variant=ec&tlang=lua&fmt=srv2\", \"name\": \"Luba-Lulua\", \"impersonate\": true, \"__yt_dlp_client\": \"tv_downgraded\"}, {\"ext\": \"srv3\", \"url\": \"https://www.youtube.com/api/timedtext?v=ezv5DuvCk0E&ei=z8xXafHFHv6Z6dsP-9P_uAs&caps=asr&opi=112496729&xoaf=5&xowf=1&xospf=1&hl=en&ip=0.0.0.0&ipbits=0&expire=1767386943&sparams=ip%2Cipbits%2Cexpire%2Cv%2Cei%2Ccaps%2Copi%2Cxoaf&signature=31ACC713C92BF468B0604D892289468DE459EB82.25E594A16AE4D763A16583FBA9E0634898D041F5&key=yt8&kind=asr&lang=pl&variant=ec&tlang=lua&fmt=srv3\", \"name\": \"Luba-Lulua\", \"impersonate\": true, \"__yt_dlp_client\": \"tv_downgraded\"}, {\"ext\": \"ttml\", \"url\": \"https://www.youtube.com/api/timedtext?v=ezv5DuvCk0E&ei=z8xXafHFHv6Z6dsP-9P_uAs&caps=asr&opi=112496729&xoaf=5&xowf=1&xospf=1&hl=en&ip=0.0.0.0&ipbits=0&expire=1767386943&sparams=ip%2Cipbits%2Cexpire%2Cv%2Cei%2Ccaps%2Copi%2Cxoaf&signature=31ACC713C92BF468B0604D892289468DE459EB82.25E594A16AE4D763A16583FBA9E0634898D041F5&key=yt8&kind=asr&lang=pl&variant=ec&tlang=lua&fmt=ttml\", \"name\": \"Luba-Lulua\", \"impersonate\": true, \"__yt_dlp_client\": \"tv_downgraded\"}, {\"ext\": \"srt\", \"url\": \"https://www.youtube.com/api/timedtext?v=ezv5DuvCk0E&ei=z8xXafHFHv6Z6dsP-9P_uAs&caps=asr&opi=112496729&xoaf=5&xowf=1&xospf=1&hl=en&ip=0.0.0.0&ipbits=0&expire=1767386943&sparams=ip%2Cipbits%2Cexpire%2Cv%2Cei%2Ccaps%2Copi%2Cxoaf&signature=31ACC713C92BF468B0604D892289468DE459EB82.25E594A16AE4D763A16583FBA9E0634898D041F5&key=yt8&kind=asr&lang=pl&variant=ec&tlang=lua&fmt=srt\", \"name\": \"Luba-Lulua\", \"impersonate\": true, \"__yt_dlp_client\": \"tv_downgraded\"}, {\"ext\": \"vtt\", \"url\": \"https://www.youtube.com/api/timedtext?v=ezv5DuvCk0E&ei=z8xXafHFHv6Z6dsP-9P_uAs&caps=asr&opi=112496729&xoaf=5&xowf=1&xospf=1&hl=en&ip=0.0.0.0&ipbits=0&expire=1767386943&sparams=ip%2Cipbits%2Cexpire%2Cv%2Cei%2Ccaps%2Copi%2Cxoaf&signature=31ACC713C92BF468B0604D892289468DE459EB82.25E594A16AE4D763A16583FBA9E0634898D041F5&key=yt8&kind=asr&lang=pl&variant=ec&tlang=lua&fmt=vtt\", \"name\": \"Luba-Lulua\", \"impersonate\": true, \"__yt_dlp_client\": \"tv_downgraded\"}], \"luo\": [{\"ext\": \"json3\", \"url\": \"https://www.youtube.com/api/timedtext?v=ezv5DuvCk0E&ei=z8xXafHFHv6Z6dsP-9P_uAs&caps=asr&opi=112496729&xoaf=5&xowf=1&xospf=1&hl=en&ip=0.0.0.0&ipbits=0&expire=1767386943&sparams=ip%2Cipbits%2Cexpire%2Cv%2Cei%2Ccaps%2Copi%2Cxoaf&signature=31ACC713C92BF468B0604D892289468DE459EB82.25E594A16AE4D763A16583FBA9E0634898D041F5&key=yt8&kind=asr&lang=pl&variant=ec&tlang=luo&fmt=json3\", \"name\": \"Luo\", \"impersonate\": true, \"__yt_dlp_client\": \"tv_downgraded\"}, {\"ext\": \"srv1\", \"url\": \"https://www.youtube.com/api/timedtext?v=ezv5DuvCk0E&ei=z8xXafHFHv6Z6dsP-9P_uAs&caps=asr&opi=112496729&xoaf=5&xowf=1&xospf=1&hl=en&ip=0.0.0.0&ipbits=0&expire=1767386943&sparams=ip%2Cipbits%2Cexpire%2Cv%2Cei%2Ccaps%2Copi%2Cxoaf&signature=31ACC713C92BF468B0604D892289468DE459EB82.25E594A16AE4D763A16583FBA9E0634898D041F5&key=yt8&kind=asr&lang=pl&variant=ec&tlang=luo&fmt=srv1\", \"name\": \"Luo\", \"impersonate\": true, \"__yt_dlp_client\": \"tv_downgraded\"}, {\"ext\": \"srv2\", \"url\": \"https://www.youtube.com/api/timedtext?v=ezv5DuvCk0E&ei=z8xXafHFHv6Z6dsP-9P_uAs&caps=asr&opi=112496729&xoaf=5&xowf=1&xospf=1&hl=en&ip=0.0.0.0&ipbits=0&expire=1767386943&sparams=ip%2Cipbits%2Cexpire%2Cv%2Cei%2Ccaps%2Copi%2Cxoaf&signature=31ACC713C92BF468B0604D892289468DE459EB82.25E594A16AE4D763A16583FBA9E0634898D041F5&key=yt8&kind=asr&lang=pl&variant=ec&tlang=luo&fmt=srv2\", \"name\": \"Luo\", \"impersonate\": true, \"__yt_dlp_client\": \"tv_downgraded\"}, {\"ext\": \"srv3\", \"url\": \"https://www.youtube.com/api/timedtext?v=ezv5DuvCk0E&ei=z8xXafHFHv6Z6dsP-9P_uAs&caps=asr&opi=112496729&xoaf=5&xowf=1&xospf=1&hl=en&ip=0.0.0.0&ipbits=0&expire=1767386943&sparams=ip%2Cipbits%2Cexpire%2Cv%2Cei%2Ccaps%2Copi%2Cxoaf&signature=31ACC713C92BF468B0604D892289468DE459EB82.25E594A16AE4D763A16583FBA9E0634898D041F5&key=yt8&kind=asr&lang=pl&variant=ec&tlang=luo&fmt=srv3\", \"name\": \"Luo\", \"impersonate\": true, \"__yt_dlp_client\": \"tv_downgraded\"}, {\"ext\": \"ttml\", \"url\": \"https://www.youtube.com/api/timedtext?v=ezv5DuvCk0E&ei=z8xXafHFHv6Z6dsP-9P_uAs&caps=asr&opi=112496729&xoaf=5&xowf=1&xospf=1&hl=en&ip=0.0.0.0&ipbits=0&expire=1767386943&sparams=ip%2Cipbits%2Cexpire%2Cv%2Cei%2Ccaps%2Copi%2Cxoaf&signature=31ACC713C92BF468B0604D892289468DE459EB82.25E594A16AE4D763A16583FBA9E0634898D041F5&key=yt8&kind=asr&lang=pl&variant=ec&tlang=luo&fmt=ttml\", \"name\": \"Luo\", \"impersonate\": true, \"__yt_dlp_client\": \"tv_downgraded\"}, {\"ext\": \"srt\", \"url\": \"https://www.youtube.com/api/timedtext?v=ezv5DuvCk0E&ei=z8xXafHFHv6Z6dsP-9P_uAs&caps=asr&opi=112496729&xoaf=5&xowf=1&xospf=1&hl=en&ip=0.0.0.0&ipbits=0&expire=1767386943&sparams=ip%2Cipbits%2Cexpire%2Cv%2Cei%2Ccaps%2Copi%2Cxoaf&signature=31ACC713C92BF468B0604D892289468DE459EB82.25E594A16AE4D763A16583FBA9E0634898D041F5&key=yt8&kind=asr&lang=pl&variant=ec&tlang=luo&fmt=srt\", \"name\": \"Luo\", \"impersonate\": true, \"__yt_dlp_client\": \"tv_downgraded\"}, {\"ext\": \"vtt\", \"url\": \"https://www.youtube.com/api/timedtext?v=ezv5DuvCk0E&ei=z8xXafHFHv6Z6dsP-9P_uAs&caps=asr&opi=112496729&xoaf=5&xowf=1&xospf=1&hl=en&ip=0.0.0.0&ipbits=0&expire=1767386943&sparams=ip%2Cipbits%2Cexpire%2Cv%2Cei%2Ccaps%2Copi%2Cxoaf&signature=31ACC713C92BF468B0604D892289468DE459EB82.25E594A16AE4D763A16583FBA9E0634898D041F5&key=yt8&kind=asr&lang=pl&variant=ec&tlang=luo&fmt=vtt\", \"name\": \"Luo\", \"impersonate\": true, \"__yt_dlp_client\": \"tv_downgraded\"}], \"lb\": [{\"ext\": \"json3\", \"url\": \"https://www.youtube.com/api/timedtext?v=ezv5DuvCk0E&ei=z8xXafHFHv6Z6dsP-9P_uAs&caps=asr&opi=112496729&xoaf=5&xowf=1&xospf=1&hl=en&ip=0.0.0.0&ipbits=0&expire=1767386943&sparams=ip%2Cipbits%2Cexpire%2Cv%2Cei%2Ccaps%2Copi%2Cxoaf&signature=31ACC713C92BF468B0604D892289468DE459EB82.25E594A16AE4D763A16583FBA9E0634898D041F5&key=yt8&kind=asr&lang=pl&variant=ec&tlang=lb&fmt=json3\", \"name\": \"Luxembourgish\", \"impersonate\": true, \"__yt_dlp_client\": \"tv_downgraded\"}, {\"ext\": \"srv1\", \"url\": \"https://www.youtube.com/api/timedtext?v=ezv5DuvCk0E&ei=z8xXafHFHv6Z6dsP-9P_uAs&caps=asr&opi=112496729&xoaf=5&xowf=1&xospf=1&hl=en&ip=0.0.0.0&ipbits=0&expire=1767386943&sparams=ip%2Cipbits%2Cexpire%2Cv%2Cei%2Ccaps%2Copi%2Cxoaf&signature=31ACC713C92BF468B0604D892289468DE459EB82.25E594A16AE4D763A16583FBA9E0634898D041F5&key=yt8&kind=asr&lang=pl&variant=ec&tlang=lb&fmt=srv1\", \"name\": \"Luxembourgish\", \"impersonate\": true, \"__yt_dlp_client\": \"tv_downgraded\"}, {\"ext\": \"srv2\", \"url\": \"https://www.youtube.com/api/timedtext?v=ezv5DuvCk0E&ei=z8xXafHFHv6Z6dsP-9P_uAs&caps=asr&opi=112496729&xoaf=5&xowf=1&xospf=1&hl=en&ip=0.0.0.0&ipbits=0&expire=1767386943&sparams=ip%2Cipbits%2Cexpire%2Cv%2Cei%2Ccaps%2Copi%2Cxoaf&signature=31ACC713C92BF468B0604D892289468DE459EB82.25E594A16AE4D763A16583FBA9E0634898D041F5&key=yt8&kind=asr&lang=pl&variant=ec&tlang=lb&fmt=srv2\", \"name\": \"Luxembourgish\", \"impersonate\": true, \"__yt_dlp_client\": \"tv_downgraded\"}, {\"ext\": \"srv3\", \"url\": \"https://www.youtube.com/api/timedtext?v=ezv5DuvCk0E&ei=z8xXafHFHv6Z6dsP-9P_uAs&caps=asr&opi=112496729&xoaf=5&xowf=1&xospf=1&hl=en&ip=0.0.0.0&ipbits=0&expire=1767386943&sparams=ip%2Cipbits%2Cexpire%2Cv%2Cei%2Ccaps%2Copi%2Cxoaf&signature=31ACC713C92BF468B0604D892289468DE459EB82.25E594A16AE4D763A16583FBA9E0634898D041F5&key=yt8&kind=asr&lang=pl&variant=ec&tlang=lb&fmt=srv3\", \"name\": \"Luxembourgish\", \"impersonate\": true, \"__yt_dlp_client\": \"tv_downgraded\"}, {\"ext\": \"ttml\", \"url\": \"https://www.youtube.com/api/timedtext?v=ezv5DuvCk0E&ei=z8xXafHFHv6Z6dsP-9P_uAs&caps=asr&opi=112496729&xoaf=5&xowf=1&xospf=1&hl=en&ip=0.0.0.0&ipbits=0&expire=1767386943&sparams=ip%2Cipbits%2Cexpire%2Cv%2Cei%2Ccaps%2Copi%2Cxoaf&signature=31ACC713C92BF468B0604D892289468DE459EB82.25E594A16AE4D763A16583FBA9E0634898D041F5&key=yt8&kind=asr&lang=pl&variant=ec&tlang=lb&fmt=ttml\", \"name\": \"Luxembourgish\", \"impersonate\": true, \"__yt_dlp_client\": \"tv_downgraded\"}, {\"ext\": \"srt\", \"url\": \"https://www.youtube.com/api/timedtext?v=ezv5DuvCk0E&ei=z8xXafHFHv6Z6dsP-9P_uAs&caps=asr&opi=112496729&xoaf=5&xowf=1&xospf=1&hl=en&ip=0.0.0.0&ipbits=0&expire=1767386943&sparams=ip%2Cipbits%2Cexpire%2Cv%2Cei%2Ccaps%2Copi%2Cxoaf&signature=31ACC713C92BF468B0604D892289468DE459EB82.25E594A16AE4D763A16583FBA9E0634898D041F5&key=yt8&kind=asr&lang=pl&variant=ec&tlang=lb&fmt=srt\", \"name\": \"Luxembourgish\", \"impersonate\": true, \"__yt_dlp_client\": \"tv_downgraded\"}, {\"ext\": \"vtt\", \"url\": \"https://www.youtube.com/api/timedtext?v=ezv5DuvCk0E&ei=z8xXafHFHv6Z6dsP-9P_uAs&caps=asr&opi=112496729&xoaf=5&xowf=1&xospf=1&hl=en&ip=0.0.0.0&ipbits=0&expire=1767386943&sparams=ip%2Cipbits%2Cexpire%2Cv%2Cei%2Ccaps%2Copi%2Cxoaf&signature=31ACC713C92BF468B0604D892289468DE459EB82.25E594A16AE4D763A16583FBA9E0634898D041F5&key=yt8&kind=asr&lang=pl&variant=ec&tlang=lb&fmt=vtt\", \"name\": \"Luxembourgish\", \"impersonate\": true, \"__yt_dlp_client\": \"tv_downgraded\"}], \"mk\": [{\"ext\": \"json3\", \"url\": \"https://www.youtube.com/api/timedtext?v=ezv5DuvCk0E&ei=z8xXafHFHv6Z6dsP-9P_uAs&caps=asr&opi=112496729&xoaf=5&xowf=1&xospf=1&hl=en&ip=0.0.0.0&ipbits=0&expire=1767386943&sparams=ip%2Cipbits%2Cexpire%2Cv%2Cei%2Ccaps%2Copi%2Cxoaf&signature=31ACC713C92BF468B0604D892289468DE459EB82.25E594A16AE4D763A16583FBA9E0634898D041F5&key=yt8&kind=asr&lang=pl&variant=ec&tlang=mk&fmt=json3\", \"name\": \"Macedonian\", \"impersonate\": true, \"__yt_dlp_client\": \"tv_downgraded\"}, {\"ext\": \"srv1\", \"url\": \"https://www.youtube.com/api/timedtext?v=ezv5DuvCk0E&ei=z8xXafHFHv6Z6dsP-9P_uAs&caps=asr&opi=112496729&xoaf=5&xowf=1&xospf=1&hl=en&ip=0.0.0.0&ipbits=0&expire=1767386943&sparams=ip%2Cipbits%2Cexpire%2Cv%2Cei%2Ccaps%2Copi%2Cxoaf&signature=31ACC713C92BF468B0604D892289468DE459EB82.25E594A16AE4D763A16583FBA9E0634898D041F5&key=yt8&kind=asr&lang=pl&variant=ec&tlang=mk&fmt=srv1\", \"name\": \"Macedonian\", \"impersonate\": true, \"__yt_dlp_client\": \"tv_downgraded\"}, {\"ext\": \"srv2\", \"url\": \"https://www.youtube.com/api/timedtext?v=ezv5DuvCk0E&ei=z8xXafHFHv6Z6dsP-9P_uAs&caps=asr&opi=112496729&xoaf=5&xowf=1&xospf=1&hl=en&ip=0.0.0.0&ipbits=0&expire=1767386943&sparams=ip%2Cipbits%2Cexpire%2Cv%2Cei%2Ccaps%2Copi%2Cxoaf&signature=31ACC713C92BF468B0604D892289468DE459EB82.25E594A16AE4D763A16583FBA9E0634898D041F5&key=yt8&kind=asr&lang=pl&variant=ec&tlang=mk&fmt=srv2\", \"name\": \"Macedonian\", \"impersonate\": true, \"__yt_dlp_client\": \"tv_downgraded\"}, {\"ext\": \"srv3\", \"url\": \"https://www.youtube.com/api/timedtext?v=ezv5DuvCk0E&ei=z8xXafHFHv6Z6dsP-9P_uAs&caps=asr&opi=112496729&xoaf=5&xowf=1&xospf=1&hl=en&ip=0.0.0.0&ipbits=0&expire=1767386943&sparams=ip%2Cipbits%2Cexpire%2Cv%2Cei%2Ccaps%2Copi%2Cxoaf&signature=31ACC713C92BF468B0604D892289468DE459EB82.25E594A16AE4D763A16583FBA9E0634898D041F5&key=yt8&kind=asr&lang=pl&variant=ec&tlang=mk&fmt=srv3\", \"name\": \"Macedonian\", \"impersonate\": true, \"__yt_dlp_client\": \"tv_downgraded\"}, {\"ext\": \"ttml\", \"url\": \"https://www.youtube.com/api/timedtext?v=ezv5DuvCk0E&ei=z8xXafHFHv6Z6dsP-9P_uAs&caps=asr&opi=112496729&xoaf=5&xowf=1&xospf=1&hl=en&ip=0.0.0.0&ipbits=0&expire=1767386943&sparams=ip%2Cipbits%2Cexpire%2Cv%2Cei%2Ccaps%2Copi%2Cxoaf&signature=31ACC713C92BF468B0604D892289468DE459EB82.25E594A16AE4D763A16583FBA9E0634898D041F5&key=yt8&kind=asr&lang=pl&variant=ec&tlang=mk&fmt=ttml\", \"name\": \"Macedonian\", \"impersonate\": true, \"__yt_dlp_client\": \"tv_downgraded\"}, {\"ext\": \"srt\", \"url\": \"https://www.youtube.com/api/timedtext?v=ezv5DuvCk0E&ei=z8xXafHFHv6Z6dsP-9P_uAs&caps=asr&opi=112496729&xoaf=5&xowf=1&xospf=1&hl=en&ip=0.0.0.0&ipbits=0&expire=1767386943&sparams=ip%2Cipbits%2Cexpire%2Cv%2Cei%2Ccaps%2Copi%2Cxoaf&signature=31ACC713C92BF468B0604D892289468DE459EB82.25E594A16AE4D763A16583FBA9E0634898D041F5&key=yt8&kind=asr&lang=pl&variant=ec&tlang=mk&fmt=srt\", \"name\": \"Macedonian\", \"impersonate\": true, \"__yt_dlp_client\": \"tv_downgraded\"}, {\"ext\": \"vtt\", \"url\": \"https://www.youtube.com/api/timedtext?v=ezv5DuvCk0E&ei=z8xXafHFHv6Z6dsP-9P_uAs&caps=asr&opi=112496729&xoaf=5&xowf=1&xospf=1&hl=en&ip=0.0.0.0&ipbits=0&expire=1767386943&sparams=ip%2Cipbits%2Cexpire%2Cv%2Cei%2Ccaps%2Copi%2Cxoaf&signature=31ACC713C92BF468B0604D892289468DE459EB82.25E594A16AE4D763A16583FBA9E0634898D041F5&key=yt8&kind=asr&lang=pl&variant=ec&tlang=mk&fmt=vtt\", \"name\": \"Macedonian\", \"impersonate\": true, \"__yt_dlp_client\": \"tv_downgraded\"}], \"mg\": [{\"ext\": \"json3\", \"url\": \"https://www.youtube.com/api/timedtext?v=ezv5DuvCk0E&ei=z8xXafHFHv6Z6dsP-9P_uAs&caps=asr&opi=112496729&xoaf=5&xowf=1&xospf=1&hl=en&ip=0.0.0.0&ipbits=0&expire=1767386943&sparams=ip%2Cipbits%2Cexpire%2Cv%2Cei%2Ccaps%2Copi%2Cxoaf&signature=31ACC713C92BF468B0604D892289468DE459EB82.25E594A16AE4D763A16583FBA9E0634898D041F5&key=yt8&kind=asr&lang=pl&variant=ec&tlang=mg&fmt=json3\", \"name\": \"Malagasy\", \"impersonate\": true, \"__yt_dlp_client\": \"tv_downgraded\"}, {\"ext\": \"srv1\", \"url\": \"https://www.youtube.com/api/timedtext?v=ezv5DuvCk0E&ei=z8xXafHFHv6Z6dsP-9P_uAs&caps=asr&opi=112496729&xoaf=5&xowf=1&xospf=1&hl=en&ip=0.0.0.0&ipbits=0&expire=1767386943&sparams=ip%2Cipbits%2Cexpire%2Cv%2Cei%2Ccaps%2Copi%2Cxoaf&signature=31ACC713C92BF468B0604D892289468DE459EB82.25E594A16AE4D763A16583FBA9E0634898D041F5&key=yt8&kind=asr&lang=pl&variant=ec&tlang=mg&fmt=srv1\", \"name\": \"Malagasy\", \"impersonate\": true, \"__yt_dlp_client\": \"tv_downgraded\"}, {\"ext\": \"srv2\", \"url\": \"https://www.youtube.com/api/timedtext?v=ezv5DuvCk0E&ei=z8xXafHFHv6Z6dsP-9P_uAs&caps=asr&opi=112496729&xoaf=5&xowf=1&xospf=1&hl=en&ip=0.0.0.0&ipbits=0&expire=1767386943&sparams=ip%2Cipbits%2Cexpire%2Cv%2Cei%2Ccaps%2Copi%2Cxoaf&signature=31ACC713C92BF468B0604D892289468DE459EB82.25E594A16AE4D763A16583FBA9E0634898D041F5&key=yt8&kind=asr&lang=pl&variant=ec&tlang=mg&fmt=srv2\", \"name\": \"Malagasy\", \"impersonate\": true, \"__yt_dlp_client\": \"tv_downgraded\"}, {\"ext\": \"srv3\", \"url\": \"https://www.youtube.com/api/timedtext?v=ezv5DuvCk0E&ei=z8xXafHFHv6Z6dsP-9P_uAs&caps=asr&opi=112496729&xoaf=5&xowf=1&xospf=1&hl=en&ip=0.0.0.0&ipbits=0&expire=1767386943&sparams=ip%2Cipbits%2Cexpire%2Cv%2Cei%2Ccaps%2Copi%2Cxoaf&signature=31ACC713C92BF468B0604D892289468DE459EB82.25E594A16AE4D763A16583FBA9E0634898D041F5&key=yt8&kind=asr&lang=pl&variant=ec&tlang=mg&fmt=srv3\", \"name\": \"Malagasy\", \"impersonate\": true, \"__yt_dlp_client\": \"tv_downgraded\"}, {\"ext\": \"ttml\", \"url\": \"https://www.youtube.com/api/timedtext?v=ezv5DuvCk0E&ei=z8xXafHFHv6Z6dsP-9P_uAs&caps=asr&opi=112496729&xoaf=5&xowf=1&xospf=1&hl=en&ip=0.0.0.0&ipbits=0&expire=1767386943&sparams=ip%2Cipbits%2Cexpire%2Cv%2Cei%2Ccaps%2Copi%2Cxoaf&signature=31ACC713C92BF468B0604D892289468DE459EB82.25E594A16AE4D763A16583FBA9E0634898D041F5&key=yt8&kind=asr&lang=pl&variant=ec&tlang=mg&fmt=ttml\", \"name\": \"Malagasy\", \"impersonate\": true, \"__yt_dlp_client\": \"tv_downgraded\"}, {\"ext\": \"srt\", \"url\": \"https://www.youtube.com/api/timedtext?v=ezv5DuvCk0E&ei=z8xXafHFHv6Z6dsP-9P_uAs&caps=asr&opi=112496729&xoaf=5&xowf=1&xospf=1&hl=en&ip=0.0.0.0&ipbits=0&expire=1767386943&sparams=ip%2Cipbits%2Cexpire%2Cv%2Cei%2Ccaps%2Copi%2Cxoaf&signature=31ACC713C92BF468B0604D892289468DE459EB82.25E594A16AE4D763A16583FBA9E0634898D041F5&key=yt8&kind=asr&lang=pl&variant=ec&tlang=mg&fmt=srt\", \"name\": \"Malagasy\", \"impersonate\": true, \"__yt_dlp_client\": \"tv_downgraded\"}, {\"ext\": \"vtt\", \"url\": \"https://www.youtube.com/api/timedtext?v=ezv5DuvCk0E&ei=z8xXafHFHv6Z6dsP-9P_uAs&caps=asr&opi=112496729&xoaf=5&xowf=1&xospf=1&hl=en&ip=0.0.0.0&ipbits=0&expire=1767386943&sparams=ip%2Cipbits%2Cexpire%2Cv%2Cei%2Ccaps%2Copi%2Cxoaf&signature=31ACC713C92BF468B0604D892289468DE459EB82.25E594A16AE4D763A16583FBA9E0634898D041F5&key=yt8&kind=asr&lang=pl&variant=ec&tlang=mg&fmt=vtt\", \"name\": \"Malagasy\", \"impersonate\": true, \"__yt_dlp_client\": \"tv_downgraded\"}], \"ms\": [{\"ext\": \"json3\", \"url\": \"https://www.youtube.com/api/timedtext?v=ezv5DuvCk0E&ei=z8xXafHFHv6Z6dsP-9P_uAs&caps=asr&opi=112496729&xoaf=5&xowf=1&xospf=1&hl=en&ip=0.0.0.0&ipbits=0&expire=1767386943&sparams=ip%2Cipbits%2Cexpire%2Cv%2Cei%2Ccaps%2Copi%2Cxoaf&signature=31ACC713C92BF468B0604D892289468DE459EB82.25E594A16AE4D763A16583FBA9E0634898D041F5&key=yt8&kind=asr&lang=pl&variant=ec&tlang=ms&fmt=json3\", \"name\": \"Malay\", \"impersonate\": true, \"__yt_dlp_client\": \"tv_downgraded\"}, {\"ext\": \"srv1\", \"url\": \"https://www.youtube.com/api/timedtext?v=ezv5DuvCk0E&ei=z8xXafHFHv6Z6dsP-9P_uAs&caps=asr&opi=112496729&xoaf=5&xowf=1&xospf=1&hl=en&ip=0.0.0.0&ipbits=0&expire=1767386943&sparams=ip%2Cipbits%2Cexpire%2Cv%2Cei%2Ccaps%2Copi%2Cxoaf&signature=31ACC713C92BF468B0604D892289468DE459EB82.25E594A16AE4D763A16583FBA9E0634898D041F5&key=yt8&kind=asr&lang=pl&variant=ec&tlang=ms&fmt=srv1\", \"name\": \"Malay\", \"impersonate\": true, \"__yt_dlp_client\": \"tv_downgraded\"}, {\"ext\": \"srv2\", \"url\": \"https://www.youtube.com/api/timedtext?v=ezv5DuvCk0E&ei=z8xXafHFHv6Z6dsP-9P_uAs&caps=asr&opi=112496729&xoaf=5&xowf=1&xospf=1&hl=en&ip=0.0.0.0&ipbits=0&expire=1767386943&sparams=ip%2Cipbits%2Cexpire%2Cv%2Cei%2Ccaps%2Copi%2Cxoaf&signature=31ACC713C92BF468B0604D892289468DE459EB82.25E594A16AE4D763A16583FBA9E0634898D041F5&key=yt8&kind=asr&lang=pl&variant=ec&tlang=ms&fmt=srv2\", \"name\": \"Malay\", \"impersonate\": true, \"__yt_dlp_client\": \"tv_downgraded\"}, {\"ext\": \"srv3\", \"url\": \"https://www.youtube.com/api/timedtext?v=ezv5DuvCk0E&ei=z8xXafHFHv6Z6dsP-9P_uAs&caps=asr&opi=112496729&xoaf=5&xowf=1&xospf=1&hl=en&ip=0.0.0.0&ipbits=0&expire=1767386943&sparams=ip%2Cipbits%2Cexpire%2Cv%2Cei%2Ccaps%2Copi%2Cxoaf&signature=31ACC713C92BF468B0604D892289468DE459EB82.25E594A16AE4D763A16583FBA9E0634898D041F5&key=yt8&kind=asr&lang=pl&variant=ec&tlang=ms&fmt=srv3\", \"name\": \"Malay\", \"impersonate\": true, \"__yt_dlp_client\": \"tv_downgraded\"}, {\"ext\": \"ttml\", \"url\": \"https://www.youtube.com/api/timedtext?v=ezv5DuvCk0E&ei=z8xXafHFHv6Z6dsP-9P_uAs&caps=asr&opi=112496729&xoaf=5&xowf=1&xospf=1&hl=en&ip=0.0.0.0&ipbits=0&expire=1767386943&sparams=ip%2Cipbits%2Cexpire%2Cv%2Cei%2Ccaps%2Copi%2Cxoaf&signature=31ACC713C92BF468B0604D892289468DE459EB82.25E594A16AE4D763A16583FBA9E0634898D041F5&key=yt8&kind=asr&lang=pl&variant=ec&tlang=ms&fmt=ttml\", \"name\": \"Malay\", \"impersonate\": true, \"__yt_dlp_client\": \"tv_downgraded\"}, {\"ext\": \"srt\", \"url\": \"https://www.youtube.com/api/timedtext?v=ezv5DuvCk0E&ei=z8xXafHFHv6Z6dsP-9P_uAs&caps=asr&opi=112496729&xoaf=5&xowf=1&xospf=1&hl=en&ip=0.0.0.0&ipbits=0&expire=1767386943&sparams=ip%2Cipbits%2Cexpire%2Cv%2Cei%2Ccaps%2Copi%2Cxoaf&signature=31ACC713C92BF468B0604D892289468DE459EB82.25E594A16AE4D763A16583FBA9E0634898D041F5&key=yt8&kind=asr&lang=pl&variant=ec&tlang=ms&fmt=srt\", \"name\": \"Malay\", \"impersonate\": true, \"__yt_dlp_client\": \"tv_downgraded\"}, {\"ext\": \"vtt\", \"url\": \"https://www.youtube.com/api/timedtext?v=ezv5DuvCk0E&ei=z8xXafHFHv6Z6dsP-9P_uAs&caps=asr&opi=112496729&xoaf=5&xowf=1&xospf=1&hl=en&ip=0.0.0.0&ipbits=0&expire=1767386943&sparams=ip%2Cipbits%2Cexpire%2Cv%2Cei%2Ccaps%2Copi%2Cxoaf&signature=31ACC713C92BF468B0604D892289468DE459EB82.25E594A16AE4D763A16583FBA9E0634898D041F5&key=yt8&kind=asr&lang=pl&variant=ec&tlang=ms&fmt=vtt\", \"name\": \"Malay\", \"impersonate\": true, \"__yt_dlp_client\": \"tv_downgraded\"}], \"ml\": [{\"ext\": \"json3\", \"url\": \"https://www.youtube.com/api/timedtext?v=ezv5DuvCk0E&ei=z8xXafHFHv6Z6dsP-9P_uAs&caps=asr&opi=112496729&xoaf=5&xowf=1&xospf=1&hl=en&ip=0.0.0.0&ipbits=0&expire=1767386943&sparams=ip%2Cipbits%2Cexpire%2Cv%2Cei%2Ccaps%2Copi%2Cxoaf&signature=31ACC713C92BF468B0604D892289468DE459EB82.25E594A16AE4D763A16583FBA9E0634898D041F5&key=yt8&kind=asr&lang=pl&variant=ec&tlang=ml&fmt=json3\", \"name\": \"Malayalam\", \"impersonate\": true, \"__yt_dlp_client\": \"tv_downgraded\"}, {\"ext\": \"srv1\", \"url\": \"https://www.youtube.com/api/timedtext?v=ezv5DuvCk0E&ei=z8xXafHFHv6Z6dsP-9P_uAs&caps=asr&opi=112496729&xoaf=5&xowf=1&xospf=1&hl=en&ip=0.0.0.0&ipbits=0&expire=1767386943&sparams=ip%2Cipbits%2Cexpire%2Cv%2Cei%2Ccaps%2Copi%2Cxoaf&signature=31ACC713C92BF468B0604D892289468DE459EB82.25E594A16AE4D763A16583FBA9E0634898D041F5&key=yt8&kind=asr&lang=pl&variant=ec&tlang=ml&fmt=srv1\", \"name\": \"Malayalam\", \"impersonate\": true, \"__yt_dlp_client\": \"tv_downgraded\"}, {\"ext\": \"srv2\", \"url\": \"https://www.youtube.com/api/timedtext?v=ezv5DuvCk0E&ei=z8xXafHFHv6Z6dsP-9P_uAs&caps=asr&opi=112496729&xoaf=5&xowf=1&xospf=1&hl=en&ip=0.0.0.0&ipbits=0&expire=1767386943&sparams=ip%2Cipbits%2Cexpire%2Cv%2Cei%2Ccaps%2Copi%2Cxoaf&signature=31ACC713C92BF468B0604D892289468DE459EB82.25E594A16AE4D763A16583FBA9E0634898D041F5&key=yt8&kind=asr&lang=pl&variant=ec&tlang=ml&fmt=srv2\", \"name\": \"Malayalam\", \"impersonate\": true, \"__yt_dlp_client\": \"tv_downgraded\"}, {\"ext\": \"srv3\", \"url\": \"https://www.youtube.com/api/timedtext?v=ezv5DuvCk0E&ei=z8xXafHFHv6Z6dsP-9P_uAs&caps=asr&opi=112496729&xoaf=5&xowf=1&xospf=1&hl=en&ip=0.0.0.0&ipbits=0&expire=1767386943&sparams=ip%2Cipbits%2Cexpire%2Cv%2Cei%2Ccaps%2Copi%2Cxoaf&signature=31ACC713C92BF468B0604D892289468DE459EB82.25E594A16AE4D763A16583FBA9E0634898D041F5&key=yt8&kind=asr&lang=pl&variant=ec&tlang=ml&fmt=srv3\", \"name\": \"Malayalam\", \"impersonate\": true, \"__yt_dlp_client\": \"tv_downgraded\"}, {\"ext\": \"ttml\", \"url\": \"https://www.youtube.com/api/timedtext?v=ezv5DuvCk0E&ei=z8xXafHFHv6Z6dsP-9P_uAs&caps=asr&opi=112496729&xoaf=5&xowf=1&xospf=1&hl=en&ip=0.0.0.0&ipbits=0&expire=1767386943&sparams=ip%2Cipbits%2Cexpire%2Cv%2Cei%2Ccaps%2Copi%2Cxoaf&signature=31ACC713C92BF468B0604D892289468DE459EB82.25E594A16AE4D763A16583FBA9E0634898D041F5&key=yt8&kind=asr&lang=pl&variant=ec&tlang=ml&fmt=ttml\", \"name\": \"Malayalam\", \"impersonate\": true, \"__yt_dlp_client\": \"tv_downgraded\"}, {\"ext\": \"srt\", \"url\": \"https://www.youtube.com/api/timedtext?v=ezv5DuvCk0E&ei=z8xXafHFHv6Z6dsP-9P_uAs&caps=asr&opi=112496729&xoaf=5&xowf=1&xospf=1&hl=en&ip=0.0.0.0&ipbits=0&expire=1767386943&sparams=ip%2Cipbits%2Cexpire%2Cv%2Cei%2Ccaps%2Copi%2Cxoaf&signature=31ACC713C92BF468B0604D892289468DE459EB82.25E594A16AE4D763A16583FBA9E0634898D041F5&key=yt8&kind=asr&lang=pl&variant=ec&tlang=ml&fmt=srt\", \"name\": \"Malayalam\", \"impersonate\": true, \"__yt_dlp_client\": \"tv_downgraded\"}, {\"ext\": \"vtt\", \"url\": \"https://www.youtube.com/api/timedtext?v=ezv5DuvCk0E&ei=z8xXafHFHv6Z6dsP-9P_uAs&caps=asr&opi=112496729&xoaf=5&xowf=1&xospf=1&hl=en&ip=0.0.0.0&ipbits=0&expire=1767386943&sparams=ip%2Cipbits%2Cexpire%2Cv%2Cei%2Ccaps%2Copi%2Cxoaf&signature=31ACC713C92BF468B0604D892289468DE459EB82.25E594A16AE4D763A16583FBA9E0634898D041F5&key=yt8&kind=asr&lang=pl&variant=ec&tlang=ml&fmt=vtt\", \"name\": \"Malayalam\", \"impersonate\": true, \"__yt_dlp_client\": \"tv_downgraded\"}], \"mt\": [{\"ext\": \"json3\", \"url\": \"https://www.youtube.com/api/timedtext?v=ezv5DuvCk0E&ei=z8xXafHFHv6Z6dsP-9P_uAs&caps=asr&opi=112496729&xoaf=5&xowf=1&xospf=1&hl=en&ip=0.0.0.0&ipbits=0&expire=1767386943&sparams=ip%2Cipbits%2Cexpire%2Cv%2Cei%2Ccaps%2Copi%2Cxoaf&signature=31ACC713C92BF468B0604D892289468DE459EB82.25E594A16AE4D763A16583FBA9E0634898D041F5&key=yt8&kind=asr&lang=pl&variant=ec&tlang=mt&fmt=json3\", \"name\": \"Maltese\", \"impersonate\": true, \"__yt_dlp_client\": \"tv_downgraded\"}, {\"ext\": \"srv1\", \"url\": \"https://www.youtube.com/api/timedtext?v=ezv5DuvCk0E&ei=z8xXafHFHv6Z6dsP-9P_uAs&caps=asr&opi=112496729&xoaf=5&xowf=1&xospf=1&hl=en&ip=0.0.0.0&ipbits=0&expire=1767386943&sparams=ip%2Cipbits%2Cexpire%2Cv%2Cei%2Ccaps%2Copi%2Cxoaf&signature=31ACC713C92BF468B0604D892289468DE459EB82.25E594A16AE4D763A16583FBA9E0634898D041F5&key=yt8&kind=asr&lang=pl&variant=ec&tlang=mt&fmt=srv1\", \"name\": \"Maltese\", \"impersonate\": true, \"__yt_dlp_client\": \"tv_downgraded\"}, {\"ext\": \"srv2\", \"url\": \"https://www.youtube.com/api/timedtext?v=ezv5DuvCk0E&ei=z8xXafHFHv6Z6dsP-9P_uAs&caps=asr&opi=112496729&xoaf=5&xowf=1&xospf=1&hl=en&ip=0.0.0.0&ipbits=0&expire=1767386943&sparams=ip%2Cipbits%2Cexpire%2Cv%2Cei%2Ccaps%2Copi%2Cxoaf&signature=31ACC713C92BF468B0604D892289468DE459EB82.25E594A16AE4D763A16583FBA9E0634898D041F5&key=yt8&kind=asr&lang=pl&variant=ec&tlang=mt&fmt=srv2\", \"name\": \"Maltese\", \"impersonate\": true, \"__yt_dlp_client\": \"tv_downgraded\"}, {\"ext\": \"srv3\", \"url\": \"https://www.youtube.com/api/timedtext?v=ezv5DuvCk0E&ei=z8xXafHFHv6Z6dsP-9P_uAs&caps=asr&opi=112496729&xoaf=5&xowf=1&xospf=1&hl=en&ip=0.0.0.0&ipbits=0&expire=1767386943&sparams=ip%2Cipbits%2Cexpire%2Cv%2Cei%2Ccaps%2Copi%2Cxoaf&signature=31ACC713C92BF468B0604D892289468DE459EB82.25E594A16AE4D763A16583FBA9E0634898D041F5&key=yt8&kind=asr&lang=pl&variant=ec&tlang=mt&fmt=srv3\", \"name\": \"Maltese\", \"impersonate\": true, \"__yt_dlp_client\": \"tv_downgraded\"}, {\"ext\": \"ttml\", \"url\": \"https://www.youtube.com/api/timedtext?v=ezv5DuvCk0E&ei=z8xXafHFHv6Z6dsP-9P_uAs&caps=asr&opi=112496729&xoaf=5&xowf=1&xospf=1&hl=en&ip=0.0.0.0&ipbits=0&expire=1767386943&sparams=ip%2Cipbits%2Cexpire%2Cv%2Cei%2Ccaps%2Copi%2Cxoaf&signature=31ACC713C92BF468B0604D892289468DE459EB82.25E594A16AE4D763A16583FBA9E0634898D041F5&key=yt8&kind=asr&lang=pl&variant=ec&tlang=mt&fmt=ttml\", \"name\": \"Maltese\", \"impersonate\": true, \"__yt_dlp_client\": \"tv_downgraded\"}, {\"ext\": \"srt\", \"url\": \"https://www.youtube.com/api/timedtext?v=ezv5DuvCk0E&ei=z8xXafHFHv6Z6dsP-9P_uAs&caps=asr&opi=112496729&xoaf=5&xowf=1&xospf=1&hl=en&ip=0.0.0.0&ipbits=0&expire=1767386943&sparams=ip%2Cipbits%2Cexpire%2Cv%2Cei%2Ccaps%2Copi%2Cxoaf&signature=31ACC713C92BF468B0604D892289468DE459EB82.25E594A16AE4D763A16583FBA9E0634898D041F5&key=yt8&kind=asr&lang=pl&variant=ec&tlang=mt&fmt=srt\", \"name\": \"Maltese\", \"impersonate\": true, \"__yt_dlp_client\": \"tv_downgraded\"}, {\"ext\": \"vtt\", \"url\": \"https://www.youtube.com/api/timedtext?v=ezv5DuvCk0E&ei=z8xXafHFHv6Z6dsP-9P_uAs&caps=asr&opi=112496729&xoaf=5&xowf=1&xospf=1&hl=en&ip=0.0.0.0&ipbits=0&expire=1767386943&sparams=ip%2Cipbits%2Cexpire%2Cv%2Cei%2Ccaps%2Copi%2Cxoaf&signature=31ACC713C92BF468B0604D892289468DE459EB82.25E594A16AE4D763A16583FBA9E0634898D041F5&key=yt8&kind=asr&lang=pl&variant=ec&tlang=mt&fmt=vtt\", \"name\": \"Maltese\", \"impersonate\": true, \"__yt_dlp_client\": \"tv_downgraded\"}], \"gv\": [{\"ext\": \"json3\", \"url\": \"https://www.youtube.com/api/timedtext?v=ezv5DuvCk0E&ei=z8xXafHFHv6Z6dsP-9P_uAs&caps=asr&opi=112496729&xoaf=5&xowf=1&xospf=1&hl=en&ip=0.0.0.0&ipbits=0&expire=1767386943&sparams=ip%2Cipbits%2Cexpire%2Cv%2Cei%2Ccaps%2Copi%2Cxoaf&signature=31ACC713C92BF468B0604D892289468DE459EB82.25E594A16AE4D763A16583FBA9E0634898D041F5&key=yt8&kind=asr&lang=pl&variant=ec&tlang=gv&fmt=json3\", \"name\": \"Manx\", \"impersonate\": true, \"__yt_dlp_client\": \"tv_downgraded\"}, {\"ext\": \"srv1\", \"url\": \"https://www.youtube.com/api/timedtext?v=ezv5DuvCk0E&ei=z8xXafHFHv6Z6dsP-9P_uAs&caps=asr&opi=112496729&xoaf=5&xowf=1&xospf=1&hl=en&ip=0.0.0.0&ipbits=0&expire=1767386943&sparams=ip%2Cipbits%2Cexpire%2Cv%2Cei%2Ccaps%2Copi%2Cxoaf&signature=31ACC713C92BF468B0604D892289468DE459EB82.25E594A16AE4D763A16583FBA9E0634898D041F5&key=yt8&kind=asr&lang=pl&variant=ec&tlang=gv&fmt=srv1\", \"name\": \"Manx\", \"impersonate\": true, \"__yt_dlp_client\": \"tv_downgraded\"}, {\"ext\": \"srv2\", \"url\": \"https://www.youtube.com/api/timedtext?v=ezv5DuvCk0E&ei=z8xXafHFHv6Z6dsP-9P_uAs&caps=asr&opi=112496729&xoaf=5&xowf=1&xospf=1&hl=en&ip=0.0.0.0&ipbits=0&expire=1767386943&sparams=ip%2Cipbits%2Cexpire%2Cv%2Cei%2Ccaps%2Copi%2Cxoaf&signature=31ACC713C92BF468B0604D892289468DE459EB82.25E594A16AE4D763A16583FBA9E0634898D041F5&key=yt8&kind=asr&lang=pl&variant=ec&tlang=gv&fmt=srv2\", \"name\": \"Manx\", \"impersonate\": true, \"__yt_dlp_client\": \"tv_downgraded\"}, {\"ext\": \"srv3\", \"url\": \"https://www.youtube.com/api/timedtext?v=ezv5DuvCk0E&ei=z8xXafHFHv6Z6dsP-9P_uAs&caps=asr&opi=112496729&xoaf=5&xowf=1&xospf=1&hl=en&ip=0.0.0.0&ipbits=0&expire=1767386943&sparams=ip%2Cipbits%2Cexpire%2Cv%2Cei%2Ccaps%2Copi%2Cxoaf&signature=31ACC713C92BF468B0604D892289468DE459EB82.25E594A16AE4D763A16583FBA9E0634898D041F5&key=yt8&kind=asr&lang=pl&variant=ec&tlang=gv&fmt=srv3\", \"name\": \"Manx\", \"impersonate\": true, \"__yt_dlp_client\": \"tv_downgraded\"}, {\"ext\": \"ttml\", \"url\": \"https://www.youtube.com/api/timedtext?v=ezv5DuvCk0E&ei=z8xXafHFHv6Z6dsP-9P_uAs&caps=asr&opi=112496729&xoaf=5&xowf=1&xospf=1&hl=en&ip=0.0.0.0&ipbits=0&expire=1767386943&sparams=ip%2Cipbits%2Cexpire%2Cv%2Cei%2Ccaps%2Copi%2Cxoaf&signature=31ACC713C92BF468B0604D892289468DE459EB82.25E594A16AE4D763A16583FBA9E0634898D041F5&key=yt8&kind=asr&lang=pl&variant=ec&tlang=gv&fmt=ttml\", \"name\": \"Manx\", \"impersonate\": true, \"__yt_dlp_client\": \"tv_downgraded\"}, {\"ext\": \"srt\", \"url\": \"https://www.youtube.com/api/timedtext?v=ezv5DuvCk0E&ei=z8xXafHFHv6Z6dsP-9P_uAs&caps=asr&opi=112496729&xoaf=5&xowf=1&xospf=1&hl=en&ip=0.0.0.0&ipbits=0&expire=1767386943&sparams=ip%2Cipbits%2Cexpire%2Cv%2Cei%2Ccaps%2Copi%2Cxoaf&signature=31ACC713C92BF468B0604D892289468DE459EB82.25E594A16AE4D763A16583FBA9E0634898D041F5&key=yt8&kind=asr&lang=pl&variant=ec&tlang=gv&fmt=srt\", \"name\": \"Manx\", \"impersonate\": true, \"__yt_dlp_client\": \"tv_downgraded\"}, {\"ext\": \"vtt\", \"url\": \"https://www.youtube.com/api/timedtext?v=ezv5DuvCk0E&ei=z8xXafHFHv6Z6dsP-9P_uAs&caps=asr&opi=112496729&xoaf=5&xowf=1&xospf=1&hl=en&ip=0.0.0.0&ipbits=0&expire=1767386943&sparams=ip%2Cipbits%2Cexpire%2Cv%2Cei%2Ccaps%2Copi%2Cxoaf&signature=31ACC713C92BF468B0604D892289468DE459EB82.25E594A16AE4D763A16583FBA9E0634898D041F5&key=yt8&kind=asr&lang=pl&variant=ec&tlang=gv&fmt=vtt\", \"name\": \"Manx\", \"impersonate\": true, \"__yt_dlp_client\": \"tv_downgraded\"}], \"mi\": [{\"ext\": \"json3\", \"url\": \"https://www.youtube.com/api/timedtext?v=ezv5DuvCk0E&ei=z8xXafHFHv6Z6dsP-9P_uAs&caps=asr&opi=112496729&xoaf=5&xowf=1&xospf=1&hl=en&ip=0.0.0.0&ipbits=0&expire=1767386943&sparams=ip%2Cipbits%2Cexpire%2Cv%2Cei%2Ccaps%2Copi%2Cxoaf&signature=31ACC713C92BF468B0604D892289468DE459EB82.25E594A16AE4D763A16583FBA9E0634898D041F5&key=yt8&kind=asr&lang=pl&variant=ec&tlang=mi&fmt=json3\", \"name\": \"M\\u0101ori\", \"impersonate\": true, \"__yt_dlp_client\": \"tv_downgraded\"}, {\"ext\": \"srv1\", \"url\": \"https://www.youtube.com/api/timedtext?v=ezv5DuvCk0E&ei=z8xXafHFHv6Z6dsP-9P_uAs&caps=asr&opi=112496729&xoaf=5&xowf=1&xospf=1&hl=en&ip=0.0.0.0&ipbits=0&expire=1767386943&sparams=ip%2Cipbits%2Cexpire%2Cv%2Cei%2Ccaps%2Copi%2Cxoaf&signature=31ACC713C92BF468B0604D892289468DE459EB82.25E594A16AE4D763A16583FBA9E0634898D041F5&key=yt8&kind=asr&lang=pl&variant=ec&tlang=mi&fmt=srv1\", \"name\": \"M\\u0101ori\", \"impersonate\": true, \"__yt_dlp_client\": \"tv_downgraded\"}, {\"ext\": \"srv2\", \"url\": \"https://www.youtube.com/api/timedtext?v=ezv5DuvCk0E&ei=z8xXafHFHv6Z6dsP-9P_uAs&caps=asr&opi=112496729&xoaf=5&xowf=1&xospf=1&hl=en&ip=0.0.0.0&ipbits=0&expire=1767386943&sparams=ip%2Cipbits%2Cexpire%2Cv%2Cei%2Ccaps%2Copi%2Cxoaf&signature=31ACC713C92BF468B0604D892289468DE459EB82.25E594A16AE4D763A16583FBA9E0634898D041F5&key=yt8&kind=asr&lang=pl&variant=ec&tlang=mi&fmt=srv2\", \"name\": \"M\\u0101ori\", \"impersonate\": true, \"__yt_dlp_client\": \"tv_downgraded\"}, {\"ext\": \"srv3\", \"url\": \"https://www.youtube.com/api/timedtext?v=ezv5DuvCk0E&ei=z8xXafHFHv6Z6dsP-9P_uAs&caps=asr&opi=112496729&xoaf=5&xowf=1&xospf=1&hl=en&ip=0.0.0.0&ipbits=0&expire=1767386943&sparams=ip%2Cipbits%2Cexpire%2Cv%2Cei%2Ccaps%2Copi%2Cxoaf&signature=31ACC713C92BF468B0604D892289468DE459EB82.25E594A16AE4D763A16583FBA9E0634898D041F5&key=yt8&kind=asr&lang=pl&variant=ec&tlang=mi&fmt=srv3\", \"name\": \"M\\u0101ori\", \"impersonate\": true, \"__yt_dlp_client\": \"tv_downgraded\"}, {\"ext\": \"ttml\", \"url\": \"https://www.youtube.com/api/timedtext?v=ezv5DuvCk0E&ei=z8xXafHFHv6Z6dsP-9P_uAs&caps=asr&opi=112496729&xoaf=5&xowf=1&xospf=1&hl=en&ip=0.0.0.0&ipbits=0&expire=1767386943&sparams=ip%2Cipbits%2Cexpire%2Cv%2Cei%2Ccaps%2Copi%2Cxoaf&signature=31ACC713C92BF468B0604D892289468DE459EB82.25E594A16AE4D763A16583FBA9E0634898D041F5&key=yt8&kind=asr&lang=pl&variant=ec&tlang=mi&fmt=ttml\", \"name\": \"M\\u0101ori\", \"impersonate\": true, \"__yt_dlp_client\": \"tv_downgraded\"}, {\"ext\": \"srt\", \"url\": \"https://www.youtube.com/api/timedtext?v=ezv5DuvCk0E&ei=z8xXafHFHv6Z6dsP-9P_uAs&caps=asr&opi=112496729&xoaf=5&xowf=1&xospf=1&hl=en&ip=0.0.0.0&ipbits=0&expire=1767386943&sparams=ip%2Cipbits%2Cexpire%2Cv%2Cei%2Ccaps%2Copi%2Cxoaf&signature=31ACC713C92BF468B0604D892289468DE459EB82.25E594A16AE4D763A16583FBA9E0634898D041F5&key=yt8&kind=asr&lang=pl&variant=ec&tlang=mi&fmt=srt\", \"name\": \"M\\u0101ori\", \"impersonate\": true, \"__yt_dlp_client\": \"tv_downgraded\"}, {\"ext\": \"vtt\", \"url\": \"https://www.youtube.com/api/timedtext?v=ezv5DuvCk0E&ei=z8xXafHFHv6Z6dsP-9P_uAs&caps=asr&opi=112496729&xoaf=5&xowf=1&xospf=1&hl=en&ip=0.0.0.0&ipbits=0&expire=1767386943&sparams=ip%2Cipbits%2Cexpire%2Cv%2Cei%2Ccaps%2Copi%2Cxoaf&signature=31ACC713C92BF468B0604D892289468DE459EB82.25E594A16AE4D763A16583FBA9E0634898D041F5&key=yt8&kind=asr&lang=pl&variant=ec&tlang=mi&fmt=vtt\", \"name\": \"M\\u0101ori\", \"impersonate\": true, \"__yt_dlp_client\": \"tv_downgraded\"}], \"mr\": [{\"ext\": \"json3\", \"url\": \"https://www.youtube.com/api/timedtext?v=ezv5DuvCk0E&ei=z8xXafHFHv6Z6dsP-9P_uAs&caps=asr&opi=112496729&xoaf=5&xowf=1&xospf=1&hl=en&ip=0.0.0.0&ipbits=0&expire=1767386943&sparams=ip%2Cipbits%2Cexpire%2Cv%2Cei%2Ccaps%2Copi%2Cxoaf&signature=31ACC713C92BF468B0604D892289468DE459EB82.25E594A16AE4D763A16583FBA9E0634898D041F5&key=yt8&kind=asr&lang=pl&variant=ec&tlang=mr&fmt=json3\", \"name\": \"Marathi\", \"impersonate\": true, \"__yt_dlp_client\": \"tv_downgraded\"}, {\"ext\": \"srv1\", \"url\": \"https://www.youtube.com/api/timedtext?v=ezv5DuvCk0E&ei=z8xXafHFHv6Z6dsP-9P_uAs&caps=asr&opi=112496729&xoaf=5&xowf=1&xospf=1&hl=en&ip=0.0.0.0&ipbits=0&expire=1767386943&sparams=ip%2Cipbits%2Cexpire%2Cv%2Cei%2Ccaps%2Copi%2Cxoaf&signature=31ACC713C92BF468B0604D892289468DE459EB82.25E594A16AE4D763A16583FBA9E0634898D041F5&key=yt8&kind=asr&lang=pl&variant=ec&tlang=mr&fmt=srv1\", \"name\": \"Marathi\", \"impersonate\": true, \"__yt_dlp_client\": \"tv_downgraded\"}, {\"ext\": \"srv2\", \"url\": \"https://www.youtube.com/api/timedtext?v=ezv5DuvCk0E&ei=z8xXafHFHv6Z6dsP-9P_uAs&caps=asr&opi=112496729&xoaf=5&xowf=1&xospf=1&hl=en&ip=0.0.0.0&ipbits=0&expire=1767386943&sparams=ip%2Cipbits%2Cexpire%2Cv%2Cei%2Ccaps%2Copi%2Cxoaf&signature=31ACC713C92BF468B0604D892289468DE459EB82.25E594A16AE4D763A16583FBA9E0634898D041F5&key=yt8&kind=asr&lang=pl&variant=ec&tlang=mr&fmt=srv2\", \"name\": \"Marathi\", \"impersonate\": true, \"__yt_dlp_client\": \"tv_downgraded\"}, {\"ext\": \"srv3\", \"url\": \"https://www.youtube.com/api/timedtext?v=ezv5DuvCk0E&ei=z8xXafHFHv6Z6dsP-9P_uAs&caps=asr&opi=112496729&xoaf=5&xowf=1&xospf=1&hl=en&ip=0.0.0.0&ipbits=0&expire=1767386943&sparams=ip%2Cipbits%2Cexpire%2Cv%2Cei%2Ccaps%2Copi%2Cxoaf&signature=31ACC713C92BF468B0604D892289468DE459EB82.25E594A16AE4D763A16583FBA9E0634898D041F5&key=yt8&kind=asr&lang=pl&variant=ec&tlang=mr&fmt=srv3\", \"name\": \"Marathi\", \"impersonate\": true, \"__yt_dlp_client\": \"tv_downgraded\"}, {\"ext\": \"ttml\", \"url\": \"https://www.youtube.com/api/timedtext?v=ezv5DuvCk0E&ei=z8xXafHFHv6Z6dsP-9P_uAs&caps=asr&opi=112496729&xoaf=5&xowf=1&xospf=1&hl=en&ip=0.0.0.0&ipbits=0&expire=1767386943&sparams=ip%2Cipbits%2Cexpire%2Cv%2Cei%2Ccaps%2Copi%2Cxoaf&signature=31ACC713C92BF468B0604D892289468DE459EB82.25E594A16AE4D763A16583FBA9E0634898D041F5&key=yt8&kind=asr&lang=pl&variant=ec&tlang=mr&fmt=ttml\", \"name\": \"Marathi\", \"impersonate\": true, \"__yt_dlp_client\": \"tv_downgraded\"}, {\"ext\": \"srt\", \"url\": \"https://www.youtube.com/api/timedtext?v=ezv5DuvCk0E&ei=z8xXafHFHv6Z6dsP-9P_uAs&caps=asr&opi=112496729&xoaf=5&xowf=1&xospf=1&hl=en&ip=0.0.0.0&ipbits=0&expire=1767386943&sparams=ip%2Cipbits%2Cexpire%2Cv%2Cei%2Ccaps%2Copi%2Cxoaf&signature=31ACC713C92BF468B0604D892289468DE459EB82.25E594A16AE4D763A16583FBA9E0634898D041F5&key=yt8&kind=asr&lang=pl&variant=ec&tlang=mr&fmt=srt\", \"name\": \"Marathi\", \"impersonate\": true, \"__yt_dlp_client\": \"tv_downgraded\"}, {\"ext\": \"vtt\", \"url\": \"https://www.youtube.com/api/timedtext?v=ezv5DuvCk0E&ei=z8xXafHFHv6Z6dsP-9P_uAs&caps=asr&opi=112496729&xoaf=5&xowf=1&xospf=1&hl=en&ip=0.0.0.0&ipbits=0&expire=1767386943&sparams=ip%2Cipbits%2Cexpire%2Cv%2Cei%2Ccaps%2Copi%2Cxoaf&signature=31ACC713C92BF468B0604D892289468DE459EB82.25E594A16AE4D763A16583FBA9E0634898D041F5&key=yt8&kind=asr&lang=pl&variant=ec&tlang=mr&fmt=vtt\", \"name\": \"Marathi\", \"impersonate\": true, \"__yt_dlp_client\": \"tv_downgraded\"}], \"mn\": [{\"ext\": \"json3\", \"url\": \"https://www.youtube.com/api/timedtext?v=ezv5DuvCk0E&ei=z8xXafHFHv6Z6dsP-9P_uAs&caps=asr&opi=112496729&xoaf=5&xowf=1&xospf=1&hl=en&ip=0.0.0.0&ipbits=0&expire=1767386943&sparams=ip%2Cipbits%2Cexpire%2Cv%2Cei%2Ccaps%2Copi%2Cxoaf&signature=31ACC713C92BF468B0604D892289468DE459EB82.25E594A16AE4D763A16583FBA9E0634898D041F5&key=yt8&kind=asr&lang=pl&variant=ec&tlang=mn&fmt=json3\", \"name\": \"Mongolian\", \"impersonate\": true, \"__yt_dlp_client\": \"tv_downgraded\"}, {\"ext\": \"srv1\", \"url\": \"https://www.youtube.com/api/timedtext?v=ezv5DuvCk0E&ei=z8xXafHFHv6Z6dsP-9P_uAs&caps=asr&opi=112496729&xoaf=5&xowf=1&xospf=1&hl=en&ip=0.0.0.0&ipbits=0&expire=1767386943&sparams=ip%2Cipbits%2Cexpire%2Cv%2Cei%2Ccaps%2Copi%2Cxoaf&signature=31ACC713C92BF468B0604D892289468DE459EB82.25E594A16AE4D763A16583FBA9E0634898D041F5&key=yt8&kind=asr&lang=pl&variant=ec&tlang=mn&fmt=srv1\", \"name\": \"Mongolian\", \"impersonate\": true, \"__yt_dlp_client\": \"tv_downgraded\"}, {\"ext\": \"srv2\", \"url\": \"https://www.youtube.com/api/timedtext?v=ezv5DuvCk0E&ei=z8xXafHFHv6Z6dsP-9P_uAs&caps=asr&opi=112496729&xoaf=5&xowf=1&xospf=1&hl=en&ip=0.0.0.0&ipbits=0&expire=1767386943&sparams=ip%2Cipbits%2Cexpire%2Cv%2Cei%2Ccaps%2Copi%2Cxoaf&signature=31ACC713C92BF468B0604D892289468DE459EB82.25E594A16AE4D763A16583FBA9E0634898D041F5&key=yt8&kind=asr&lang=pl&variant=ec&tlang=mn&fmt=srv2\", \"name\": \"Mongolian\", \"impersonate\": true, \"__yt_dlp_client\": \"tv_downgraded\"}, {\"ext\": \"srv3\", \"url\": \"https://www.youtube.com/api/timedtext?v=ezv5DuvCk0E&ei=z8xXafHFHv6Z6dsP-9P_uAs&caps=asr&opi=112496729&xoaf=5&xowf=1&xospf=1&hl=en&ip=0.0.0.0&ipbits=0&expire=1767386943&sparams=ip%2Cipbits%2Cexpire%2Cv%2Cei%2Ccaps%2Copi%2Cxoaf&signature=31ACC713C92BF468B0604D892289468DE459EB82.25E594A16AE4D763A16583FBA9E0634898D041F5&key=yt8&kind=asr&lang=pl&variant=ec&tlang=mn&fmt=srv3\", \"name\": \"Mongolian\", \"impersonate\": true, \"__yt_dlp_client\": \"tv_downgraded\"}, {\"ext\": \"ttml\", \"url\": \"https://www.youtube.com/api/timedtext?v=ezv5DuvCk0E&ei=z8xXafHFHv6Z6dsP-9P_uAs&caps=asr&opi=112496729&xoaf=5&xowf=1&xospf=1&hl=en&ip=0.0.0.0&ipbits=0&expire=1767386943&sparams=ip%2Cipbits%2Cexpire%2Cv%2Cei%2Ccaps%2Copi%2Cxoaf&signature=31ACC713C92BF468B0604D892289468DE459EB82.25E594A16AE4D763A16583FBA9E0634898D041F5&key=yt8&kind=asr&lang=pl&variant=ec&tlang=mn&fmt=ttml\", \"name\": \"Mongolian\", \"impersonate\": true, \"__yt_dlp_client\": \"tv_downgraded\"}, {\"ext\": \"srt\", \"url\": \"https://www.youtube.com/api/timedtext?v=ezv5DuvCk0E&ei=z8xXafHFHv6Z6dsP-9P_uAs&caps=asr&opi=112496729&xoaf=5&xowf=1&xospf=1&hl=en&ip=0.0.0.0&ipbits=0&expire=1767386943&sparams=ip%2Cipbits%2Cexpire%2Cv%2Cei%2Ccaps%2Copi%2Cxoaf&signature=31ACC713C92BF468B0604D892289468DE459EB82.25E594A16AE4D763A16583FBA9E0634898D041F5&key=yt8&kind=asr&lang=pl&variant=ec&tlang=mn&fmt=srt\", \"name\": \"Mongolian\", \"impersonate\": true, \"__yt_dlp_client\": \"tv_downgraded\"}, {\"ext\": \"vtt\", \"url\": \"https://www.youtube.com/api/timedtext?v=ezv5DuvCk0E&ei=z8xXafHFHv6Z6dsP-9P_uAs&caps=asr&opi=112496729&xoaf=5&xowf=1&xospf=1&hl=en&ip=0.0.0.0&ipbits=0&expire=1767386943&sparams=ip%2Cipbits%2Cexpire%2Cv%2Cei%2Ccaps%2Copi%2Cxoaf&signature=31ACC713C92BF468B0604D892289468DE459EB82.25E594A16AE4D763A16583FBA9E0634898D041F5&key=yt8&kind=asr&lang=pl&variant=ec&tlang=mn&fmt=vtt\", \"name\": \"Mongolian\", \"impersonate\": true, \"__yt_dlp_client\": \"tv_downgraded\"}], \"mfe\": [{\"ext\": \"json3\", \"url\": \"https://www.youtube.com/api/timedtext?v=ezv5DuvCk0E&ei=z8xXafHFHv6Z6dsP-9P_uAs&caps=asr&opi=112496729&xoaf=5&xowf=1&xospf=1&hl=en&ip=0.0.0.0&ipbits=0&expire=1767386943&sparams=ip%2Cipbits%2Cexpire%2Cv%2Cei%2Ccaps%2Copi%2Cxoaf&signature=31ACC713C92BF468B0604D892289468DE459EB82.25E594A16AE4D763A16583FBA9E0634898D041F5&key=yt8&kind=asr&lang=pl&variant=ec&tlang=mfe&fmt=json3\", \"name\": \"Morisyen\", \"impersonate\": true, \"__yt_dlp_client\": \"tv_downgraded\"}, {\"ext\": \"srv1\", \"url\": \"https://www.youtube.com/api/timedtext?v=ezv5DuvCk0E&ei=z8xXafHFHv6Z6dsP-9P_uAs&caps=asr&opi=112496729&xoaf=5&xowf=1&xospf=1&hl=en&ip=0.0.0.0&ipbits=0&expire=1767386943&sparams=ip%2Cipbits%2Cexpire%2Cv%2Cei%2Ccaps%2Copi%2Cxoaf&signature=31ACC713C92BF468B0604D892289468DE459EB82.25E594A16AE4D763A16583FBA9E0634898D041F5&key=yt8&kind=asr&lang=pl&variant=ec&tlang=mfe&fmt=srv1\", \"name\": \"Morisyen\", \"impersonate\": true, \"__yt_dlp_client\": \"tv_downgraded\"}, {\"ext\": \"srv2\", \"url\": \"https://www.youtube.com/api/timedtext?v=ezv5DuvCk0E&ei=z8xXafHFHv6Z6dsP-9P_uAs&caps=asr&opi=112496729&xoaf=5&xowf=1&xospf=1&hl=en&ip=0.0.0.0&ipbits=0&expire=1767386943&sparams=ip%2Cipbits%2Cexpire%2Cv%2Cei%2Ccaps%2Copi%2Cxoaf&signature=31ACC713C92BF468B0604D892289468DE459EB82.25E594A16AE4D763A16583FBA9E0634898D041F5&key=yt8&kind=asr&lang=pl&variant=ec&tlang=mfe&fmt=srv2\", \"name\": \"Morisyen\", \"impersonate\": true, \"__yt_dlp_client\": \"tv_downgraded\"}, {\"ext\": \"srv3\", \"url\": \"https://www.youtube.com/api/timedtext?v=ezv5DuvCk0E&ei=z8xXafHFHv6Z6dsP-9P_uAs&caps=asr&opi=112496729&xoaf=5&xowf=1&xospf=1&hl=en&ip=0.0.0.0&ipbits=0&expire=1767386943&sparams=ip%2Cipbits%2Cexpire%2Cv%2Cei%2Ccaps%2Copi%2Cxoaf&signature=31ACC713C92BF468B0604D892289468DE459EB82.25E594A16AE4D763A16583FBA9E0634898D041F5&key=yt8&kind=asr&lang=pl&variant=ec&tlang=mfe&fmt=srv3\", \"name\": \"Morisyen\", \"impersonate\": true, \"__yt_dlp_client\": \"tv_downgraded\"}, {\"ext\": \"ttml\", \"url\": \"https://www.youtube.com/api/timedtext?v=ezv5DuvCk0E&ei=z8xXafHFHv6Z6dsP-9P_uAs&caps=asr&opi=112496729&xoaf=5&xowf=1&xospf=1&hl=en&ip=0.0.0.0&ipbits=0&expire=1767386943&sparams=ip%2Cipbits%2Cexpire%2Cv%2Cei%2Ccaps%2Copi%2Cxoaf&signature=31ACC713C92BF468B0604D892289468DE459EB82.25E594A16AE4D763A16583FBA9E0634898D041F5&key=yt8&kind=asr&lang=pl&variant=ec&tlang=mfe&fmt=ttml\", \"name\": \"Morisyen\", \"impersonate\": true, \"__yt_dlp_client\": \"tv_downgraded\"}, {\"ext\": \"srt\", \"url\": \"https://www.youtube.com/api/timedtext?v=ezv5DuvCk0E&ei=z8xXafHFHv6Z6dsP-9P_uAs&caps=asr&opi=112496729&xoaf=5&xowf=1&xospf=1&hl=en&ip=0.0.0.0&ipbits=0&expire=1767386943&sparams=ip%2Cipbits%2Cexpire%2Cv%2Cei%2Ccaps%2Copi%2Cxoaf&signature=31ACC713C92BF468B0604D892289468DE459EB82.25E594A16AE4D763A16583FBA9E0634898D041F5&key=yt8&kind=asr&lang=pl&variant=ec&tlang=mfe&fmt=srt\", \"name\": \"Morisyen\", \"impersonate\": true, \"__yt_dlp_client\": \"tv_downgraded\"}, {\"ext\": \"vtt\", \"url\": \"https://www.youtube.com/api/timedtext?v=ezv5DuvCk0E&ei=z8xXafHFHv6Z6dsP-9P_uAs&caps=asr&opi=112496729&xoaf=5&xowf=1&xospf=1&hl=en&ip=0.0.0.0&ipbits=0&expire=1767386943&sparams=ip%2Cipbits%2Cexpire%2Cv%2Cei%2Ccaps%2Copi%2Cxoaf&signature=31ACC713C92BF468B0604D892289468DE459EB82.25E594A16AE4D763A16583FBA9E0634898D041F5&key=yt8&kind=asr&lang=pl&variant=ec&tlang=mfe&fmt=vtt\", \"name\": \"Morisyen\", \"impersonate\": true, \"__yt_dlp_client\": \"tv_downgraded\"}], \"ne\": [{\"ext\": \"json3\", \"url\": \"https://www.youtube.com/api/timedtext?v=ezv5DuvCk0E&ei=z8xXafHFHv6Z6dsP-9P_uAs&caps=asr&opi=112496729&xoaf=5&xowf=1&xospf=1&hl=en&ip=0.0.0.0&ipbits=0&expire=1767386943&sparams=ip%2Cipbits%2Cexpire%2Cv%2Cei%2Ccaps%2Copi%2Cxoaf&signature=31ACC713C92BF468B0604D892289468DE459EB82.25E594A16AE4D763A16583FBA9E0634898D041F5&key=yt8&kind=asr&lang=pl&variant=ec&tlang=ne&fmt=json3\", \"name\": \"Nepali\", \"impersonate\": true, \"__yt_dlp_client\": \"tv_downgraded\"}, {\"ext\": \"srv1\", \"url\": \"https://www.youtube.com/api/timedtext?v=ezv5DuvCk0E&ei=z8xXafHFHv6Z6dsP-9P_uAs&caps=asr&opi=112496729&xoaf=5&xowf=1&xospf=1&hl=en&ip=0.0.0.0&ipbits=0&expire=1767386943&sparams=ip%2Cipbits%2Cexpire%2Cv%2Cei%2Ccaps%2Copi%2Cxoaf&signature=31ACC713C92BF468B0604D892289468DE459EB82.25E594A16AE4D763A16583FBA9E0634898D041F5&key=yt8&kind=asr&lang=pl&variant=ec&tlang=ne&fmt=srv1\", \"name\": \"Nepali\", \"impersonate\": true, \"__yt_dlp_client\": \"tv_downgraded\"}, {\"ext\": \"srv2\", \"url\": \"https://www.youtube.com/api/timedtext?v=ezv5DuvCk0E&ei=z8xXafHFHv6Z6dsP-9P_uAs&caps=asr&opi=112496729&xoaf=5&xowf=1&xospf=1&hl=en&ip=0.0.0.0&ipbits=0&expire=1767386943&sparams=ip%2Cipbits%2Cexpire%2Cv%2Cei%2Ccaps%2Copi%2Cxoaf&signature=31ACC713C92BF468B0604D892289468DE459EB82.25E594A16AE4D763A16583FBA9E0634898D041F5&key=yt8&kind=asr&lang=pl&variant=ec&tlang=ne&fmt=srv2\", \"name\": \"Nepali\", \"impersonate\": true, \"__yt_dlp_client\": \"tv_downgraded\"}, {\"ext\": \"srv3\", \"url\": \"https://www.youtube.com/api/timedtext?v=ezv5DuvCk0E&ei=z8xXafHFHv6Z6dsP-9P_uAs&caps=asr&opi=112496729&xoaf=5&xowf=1&xospf=1&hl=en&ip=0.0.0.0&ipbits=0&expire=1767386943&sparams=ip%2Cipbits%2Cexpire%2Cv%2Cei%2Ccaps%2Copi%2Cxoaf&signature=31ACC713C92BF468B0604D892289468DE459EB82.25E594A16AE4D763A16583FBA9E0634898D041F5&key=yt8&kind=asr&lang=pl&variant=ec&tlang=ne&fmt=srv3\", \"name\": \"Nepali\", \"impersonate\": true, \"__yt_dlp_client\": \"tv_downgraded\"}, {\"ext\": \"ttml\", \"url\": \"https://www.youtube.com/api/timedtext?v=ezv5DuvCk0E&ei=z8xXafHFHv6Z6dsP-9P_uAs&caps=asr&opi=112496729&xoaf=5&xowf=1&xospf=1&hl=en&ip=0.0.0.0&ipbits=0&expire=1767386943&sparams=ip%2Cipbits%2Cexpire%2Cv%2Cei%2Ccaps%2Copi%2Cxoaf&signature=31ACC713C92BF468B0604D892289468DE459EB82.25E594A16AE4D763A16583FBA9E0634898D041F5&key=yt8&kind=asr&lang=pl&variant=ec&tlang=ne&fmt=ttml\", \"name\": \"Nepali\", \"impersonate\": true, \"__yt_dlp_client\": \"tv_downgraded\"}, {\"ext\": \"srt\", \"url\": \"https://www.youtube.com/api/timedtext?v=ezv5DuvCk0E&ei=z8xXafHFHv6Z6dsP-9P_uAs&caps=asr&opi=112496729&xoaf=5&xowf=1&xospf=1&hl=en&ip=0.0.0.0&ipbits=0&expire=1767386943&sparams=ip%2Cipbits%2Cexpire%2Cv%2Cei%2Ccaps%2Copi%2Cxoaf&signature=31ACC713C92BF468B0604D892289468DE459EB82.25E594A16AE4D763A16583FBA9E0634898D041F5&key=yt8&kind=asr&lang=pl&variant=ec&tlang=ne&fmt=srt\", \"name\": \"Nepali\", \"impersonate\": true, \"__yt_dlp_client\": \"tv_downgraded\"}, {\"ext\": \"vtt\", \"url\": \"https://www.youtube.com/api/timedtext?v=ezv5DuvCk0E&ei=z8xXafHFHv6Z6dsP-9P_uAs&caps=asr&opi=112496729&xoaf=5&xowf=1&xospf=1&hl=en&ip=0.0.0.0&ipbits=0&expire=1767386943&sparams=ip%2Cipbits%2Cexpire%2Cv%2Cei%2Ccaps%2Copi%2Cxoaf&signature=31ACC713C92BF468B0604D892289468DE459EB82.25E594A16AE4D763A16583FBA9E0634898D041F5&key=yt8&kind=asr&lang=pl&variant=ec&tlang=ne&fmt=vtt\", \"name\": \"Nepali\", \"impersonate\": true, \"__yt_dlp_client\": \"tv_downgraded\"}], \"new\": [{\"ext\": \"json3\", \"url\": \"https://www.youtube.com/api/timedtext?v=ezv5DuvCk0E&ei=z8xXafHFHv6Z6dsP-9P_uAs&caps=asr&opi=112496729&xoaf=5&xowf=1&xospf=1&hl=en&ip=0.0.0.0&ipbits=0&expire=1767386943&sparams=ip%2Cipbits%2Cexpire%2Cv%2Cei%2Ccaps%2Copi%2Cxoaf&signature=31ACC713C92BF468B0604D892289468DE459EB82.25E594A16AE4D763A16583FBA9E0634898D041F5&key=yt8&kind=asr&lang=pl&variant=ec&tlang=new&fmt=json3\", \"name\": \"Newari\", \"impersonate\": true, \"__yt_dlp_client\": \"tv_downgraded\"}, {\"ext\": \"srv1\", \"url\": \"https://www.youtube.com/api/timedtext?v=ezv5DuvCk0E&ei=z8xXafHFHv6Z6dsP-9P_uAs&caps=asr&opi=112496729&xoaf=5&xowf=1&xospf=1&hl=en&ip=0.0.0.0&ipbits=0&expire=1767386943&sparams=ip%2Cipbits%2Cexpire%2Cv%2Cei%2Ccaps%2Copi%2Cxoaf&signature=31ACC713C92BF468B0604D892289468DE459EB82.25E594A16AE4D763A16583FBA9E0634898D041F5&key=yt8&kind=asr&lang=pl&variant=ec&tlang=new&fmt=srv1\", \"name\": \"Newari\", \"impersonate\": true, \"__yt_dlp_client\": \"tv_downgraded\"}, {\"ext\": \"srv2\", \"url\": \"https://www.youtube.com/api/timedtext?v=ezv5DuvCk0E&ei=z8xXafHFHv6Z6dsP-9P_uAs&caps=asr&opi=112496729&xoaf=5&xowf=1&xospf=1&hl=en&ip=0.0.0.0&ipbits=0&expire=1767386943&sparams=ip%2Cipbits%2Cexpire%2Cv%2Cei%2Ccaps%2Copi%2Cxoaf&signature=31ACC713C92BF468B0604D892289468DE459EB82.25E594A16AE4D763A16583FBA9E0634898D041F5&key=yt8&kind=asr&lang=pl&variant=ec&tlang=new&fmt=srv2\", \"name\": \"Newari\", \"impersonate\": true, \"__yt_dlp_client\": \"tv_downgraded\"}, {\"ext\": \"srv3\", \"url\": \"https://www.youtube.com/api/timedtext?v=ezv5DuvCk0E&ei=z8xXafHFHv6Z6dsP-9P_uAs&caps=asr&opi=112496729&xoaf=5&xowf=1&xospf=1&hl=en&ip=0.0.0.0&ipbits=0&expire=1767386943&sparams=ip%2Cipbits%2Cexpire%2Cv%2Cei%2Ccaps%2Copi%2Cxoaf&signature=31ACC713C92BF468B0604D892289468DE459EB82.25E594A16AE4D763A16583FBA9E0634898D041F5&key=yt8&kind=asr&lang=pl&variant=ec&tlang=new&fmt=srv3\", \"name\": \"Newari\", \"impersonate\": true, \"__yt_dlp_client\": \"tv_downgraded\"}, {\"ext\": \"ttml\", \"url\": \"https://www.youtube.com/api/timedtext?v=ezv5DuvCk0E&ei=z8xXafHFHv6Z6dsP-9P_uAs&caps=asr&opi=112496729&xoaf=5&xowf=1&xospf=1&hl=en&ip=0.0.0.0&ipbits=0&expire=1767386943&sparams=ip%2Cipbits%2Cexpire%2Cv%2Cei%2Ccaps%2Copi%2Cxoaf&signature=31ACC713C92BF468B0604D892289468DE459EB82.25E594A16AE4D763A16583FBA9E0634898D041F5&key=yt8&kind=asr&lang=pl&variant=ec&tlang=new&fmt=ttml\", \"name\": \"Newari\", \"impersonate\": true, \"__yt_dlp_client\": \"tv_downgraded\"}, {\"ext\": \"srt\", \"url\": \"https://www.youtube.com/api/timedtext?v=ezv5DuvCk0E&ei=z8xXafHFHv6Z6dsP-9P_uAs&caps=asr&opi=112496729&xoaf=5&xowf=1&xospf=1&hl=en&ip=0.0.0.0&ipbits=0&expire=1767386943&sparams=ip%2Cipbits%2Cexpire%2Cv%2Cei%2Ccaps%2Copi%2Cxoaf&signature=31ACC713C92BF468B0604D892289468DE459EB82.25E594A16AE4D763A16583FBA9E0634898D041F5&key=yt8&kind=asr&lang=pl&variant=ec&tlang=new&fmt=srt\", \"name\": \"Newari\", \"impersonate\": true, \"__yt_dlp_client\": \"tv_downgraded\"}, {\"ext\": \"vtt\", \"url\": \"https://www.youtube.com/api/timedtext?v=ezv5DuvCk0E&ei=z8xXafHFHv6Z6dsP-9P_uAs&caps=asr&opi=112496729&xoaf=5&xowf=1&xospf=1&hl=en&ip=0.0.0.0&ipbits=0&expire=1767386943&sparams=ip%2Cipbits%2Cexpire%2Cv%2Cei%2Ccaps%2Copi%2Cxoaf&signature=31ACC713C92BF468B0604D892289468DE459EB82.25E594A16AE4D763A16583FBA9E0634898D041F5&key=yt8&kind=asr&lang=pl&variant=ec&tlang=new&fmt=vtt\", \"name\": \"Newari\", \"impersonate\": true, \"__yt_dlp_client\": \"tv_downgraded\"}], \"nso\": [{\"ext\": \"json3\", \"url\": \"https://www.youtube.com/api/timedtext?v=ezv5DuvCk0E&ei=z8xXafHFHv6Z6dsP-9P_uAs&caps=asr&opi=112496729&xoaf=5&xowf=1&xospf=1&hl=en&ip=0.0.0.0&ipbits=0&expire=1767386943&sparams=ip%2Cipbits%2Cexpire%2Cv%2Cei%2Ccaps%2Copi%2Cxoaf&signature=31ACC713C92BF468B0604D892289468DE459EB82.25E594A16AE4D763A16583FBA9E0634898D041F5&key=yt8&kind=asr&lang=pl&variant=ec&tlang=nso&fmt=json3\", \"name\": \"Northern Sotho\", \"impersonate\": true, \"__yt_dlp_client\": \"tv_downgraded\"}, {\"ext\": \"srv1\", \"url\": \"https://www.youtube.com/api/timedtext?v=ezv5DuvCk0E&ei=z8xXafHFHv6Z6dsP-9P_uAs&caps=asr&opi=112496729&xoaf=5&xowf=1&xospf=1&hl=en&ip=0.0.0.0&ipbits=0&expire=1767386943&sparams=ip%2Cipbits%2Cexpire%2Cv%2Cei%2Ccaps%2Copi%2Cxoaf&signature=31ACC713C92BF468B0604D892289468DE459EB82.25E594A16AE4D763A16583FBA9E0634898D041F5&key=yt8&kind=asr&lang=pl&variant=ec&tlang=nso&fmt=srv1\", \"name\": \"Northern Sotho\", \"impersonate\": true, \"__yt_dlp_client\": \"tv_downgraded\"}, {\"ext\": \"srv2\", \"url\": \"https://www.youtube.com/api/timedtext?v=ezv5DuvCk0E&ei=z8xXafHFHv6Z6dsP-9P_uAs&caps=asr&opi=112496729&xoaf=5&xowf=1&xospf=1&hl=en&ip=0.0.0.0&ipbits=0&expire=1767386943&sparams=ip%2Cipbits%2Cexpire%2Cv%2Cei%2Ccaps%2Copi%2Cxoaf&signature=31ACC713C92BF468B0604D892289468DE459EB82.25E594A16AE4D763A16583FBA9E0634898D041F5&key=yt8&kind=asr&lang=pl&variant=ec&tlang=nso&fmt=srv2\", \"name\": \"Northern Sotho\", \"impersonate\": true, \"__yt_dlp_client\": \"tv_downgraded\"}, {\"ext\": \"srv3\", \"url\": \"https://www.youtube.com/api/timedtext?v=ezv5DuvCk0E&ei=z8xXafHFHv6Z6dsP-9P_uAs&caps=asr&opi=112496729&xoaf=5&xowf=1&xospf=1&hl=en&ip=0.0.0.0&ipbits=0&expire=1767386943&sparams=ip%2Cipbits%2Cexpire%2Cv%2Cei%2Ccaps%2Copi%2Cxoaf&signature=31ACC713C92BF468B0604D892289468DE459EB82.25E594A16AE4D763A16583FBA9E0634898D041F5&key=yt8&kind=asr&lang=pl&variant=ec&tlang=nso&fmt=srv3\", \"name\": \"Northern Sotho\", \"impersonate\": true, \"__yt_dlp_client\": \"tv_downgraded\"}, {\"ext\": \"ttml\", \"url\": \"https://www.youtube.com/api/timedtext?v=ezv5DuvCk0E&ei=z8xXafHFHv6Z6dsP-9P_uAs&caps=asr&opi=112496729&xoaf=5&xowf=1&xospf=1&hl=en&ip=0.0.0.0&ipbits=0&expire=1767386943&sparams=ip%2Cipbits%2Cexpire%2Cv%2Cei%2Ccaps%2Copi%2Cxoaf&signature=31ACC713C92BF468B0604D892289468DE459EB82.25E594A16AE4D763A16583FBA9E0634898D041F5&key=yt8&kind=asr&lang=pl&variant=ec&tlang=nso&fmt=ttml\", \"name\": \"Northern Sotho\", \"impersonate\": true, \"__yt_dlp_client\": \"tv_downgraded\"}, {\"ext\": \"srt\", \"url\": \"https://www.youtube.com/api/timedtext?v=ezv5DuvCk0E&ei=z8xXafHFHv6Z6dsP-9P_uAs&caps=asr&opi=112496729&xoaf=5&xowf=1&xospf=1&hl=en&ip=0.0.0.0&ipbits=0&expire=1767386943&sparams=ip%2Cipbits%2Cexpire%2Cv%2Cei%2Ccaps%2Copi%2Cxoaf&signature=31ACC713C92BF468B0604D892289468DE459EB82.25E594A16AE4D763A16583FBA9E0634898D041F5&key=yt8&kind=asr&lang=pl&variant=ec&tlang=nso&fmt=srt\", \"name\": \"Northern Sotho\", \"impersonate\": true, \"__yt_dlp_client\": \"tv_downgraded\"}, {\"ext\": \"vtt\", \"url\": \"https://www.youtube.com/api/timedtext?v=ezv5DuvCk0E&ei=z8xXafHFHv6Z6dsP-9P_uAs&caps=asr&opi=112496729&xoaf=5&xowf=1&xospf=1&hl=en&ip=0.0.0.0&ipbits=0&expire=1767386943&sparams=ip%2Cipbits%2Cexpire%2Cv%2Cei%2Ccaps%2Copi%2Cxoaf&signature=31ACC713C92BF468B0604D892289468DE459EB82.25E594A16AE4D763A16583FBA9E0634898D041F5&key=yt8&kind=asr&lang=pl&variant=ec&tlang=nso&fmt=vtt\", \"name\": \"Northern Sotho\", \"impersonate\": true, \"__yt_dlp_client\": \"tv_downgraded\"}], \"no\": [{\"ext\": \"json3\", \"url\": \"https://www.youtube.com/api/timedtext?v=ezv5DuvCk0E&ei=z8xXafHFHv6Z6dsP-9P_uAs&caps=asr&opi=112496729&xoaf=5&xowf=1&xospf=1&hl=en&ip=0.0.0.0&ipbits=0&expire=1767386943&sparams=ip%2Cipbits%2Cexpire%2Cv%2Cei%2Ccaps%2Copi%2Cxoaf&signature=31ACC713C92BF468B0604D892289468DE459EB82.25E594A16AE4D763A16583FBA9E0634898D041F5&key=yt8&kind=asr&lang=pl&variant=ec&tlang=no&fmt=json3\", \"name\": \"Norwegian\", \"impersonate\": true, \"__yt_dlp_client\": \"tv_downgraded\"}, {\"ext\": \"srv1\", \"url\": \"https://www.youtube.com/api/timedtext?v=ezv5DuvCk0E&ei=z8xXafHFHv6Z6dsP-9P_uAs&caps=asr&opi=112496729&xoaf=5&xowf=1&xospf=1&hl=en&ip=0.0.0.0&ipbits=0&expire=1767386943&sparams=ip%2Cipbits%2Cexpire%2Cv%2Cei%2Ccaps%2Copi%2Cxoaf&signature=31ACC713C92BF468B0604D892289468DE459EB82.25E594A16AE4D763A16583FBA9E0634898D041F5&key=yt8&kind=asr&lang=pl&variant=ec&tlang=no&fmt=srv1\", \"name\": \"Norwegian\", \"impersonate\": true, \"__yt_dlp_client\": \"tv_downgraded\"}, {\"ext\": \"srv2\", \"url\": \"https://www.youtube.com/api/timedtext?v=ezv5DuvCk0E&ei=z8xXafHFHv6Z6dsP-9P_uAs&caps=asr&opi=112496729&xoaf=5&xowf=1&xospf=1&hl=en&ip=0.0.0.0&ipbits=0&expire=1767386943&sparams=ip%2Cipbits%2Cexpire%2Cv%2Cei%2Ccaps%2Copi%2Cxoaf&signature=31ACC713C92BF468B0604D892289468DE459EB82.25E594A16AE4D763A16583FBA9E0634898D041F5&key=yt8&kind=asr&lang=pl&variant=ec&tlang=no&fmt=srv2\", \"name\": \"Norwegian\", \"impersonate\": true, \"__yt_dlp_client\": \"tv_downgraded\"}, {\"ext\": \"srv3\", \"url\": \"https://www.youtube.com/api/timedtext?v=ezv5DuvCk0E&ei=z8xXafHFHv6Z6dsP-9P_uAs&caps=asr&opi=112496729&xoaf=5&xowf=1&xospf=1&hl=en&ip=0.0.0.0&ipbits=0&expire=1767386943&sparams=ip%2Cipbits%2Cexpire%2Cv%2Cei%2Ccaps%2Copi%2Cxoaf&signature=31ACC713C92BF468B0604D892289468DE459EB82.25E594A16AE4D763A16583FBA9E0634898D041F5&key=yt8&kind=asr&lang=pl&variant=ec&tlang=no&fmt=srv3\", \"name\": \"Norwegian\", \"impersonate\": true, \"__yt_dlp_client\": \"tv_downgraded\"}, {\"ext\": \"ttml\", \"url\": \"https://www.youtube.com/api/timedtext?v=ezv5DuvCk0E&ei=z8xXafHFHv6Z6dsP-9P_uAs&caps=asr&opi=112496729&xoaf=5&xowf=1&xospf=1&hl=en&ip=0.0.0.0&ipbits=0&expire=1767386943&sparams=ip%2Cipbits%2Cexpire%2Cv%2Cei%2Ccaps%2Copi%2Cxoaf&signature=31ACC713C92BF468B0604D892289468DE459EB82.25E594A16AE4D763A16583FBA9E0634898D041F5&key=yt8&kind=asr&lang=pl&variant=ec&tlang=no&fmt=ttml\", \"name\": \"Norwegian\", \"impersonate\": true, \"__yt_dlp_client\": \"tv_downgraded\"}, {\"ext\": \"srt\", \"url\": \"https://www.youtube.com/api/timedtext?v=ezv5DuvCk0E&ei=z8xXafHFHv6Z6dsP-9P_uAs&caps=asr&opi=112496729&xoaf=5&xowf=1&xospf=1&hl=en&ip=0.0.0.0&ipbits=0&expire=1767386943&sparams=ip%2Cipbits%2Cexpire%2Cv%2Cei%2Ccaps%2Copi%2Cxoaf&signature=31ACC713C92BF468B0604D892289468DE459EB82.25E594A16AE4D763A16583FBA9E0634898D041F5&key=yt8&kind=asr&lang=pl&variant=ec&tlang=no&fmt=srt\", \"name\": \"Norwegian\", \"impersonate\": true, \"__yt_dlp_client\": \"tv_downgraded\"}, {\"ext\": \"vtt\", \"url\": \"https://www.youtube.com/api/timedtext?v=ezv5DuvCk0E&ei=z8xXafHFHv6Z6dsP-9P_uAs&caps=asr&opi=112496729&xoaf=5&xowf=1&xospf=1&hl=en&ip=0.0.0.0&ipbits=0&expire=1767386943&sparams=ip%2Cipbits%2Cexpire%2Cv%2Cei%2Ccaps%2Copi%2Cxoaf&signature=31ACC713C92BF468B0604D892289468DE459EB82.25E594A16AE4D763A16583FBA9E0634898D041F5&key=yt8&kind=asr&lang=pl&variant=ec&tlang=no&fmt=vtt\", \"name\": \"Norwegian\", \"impersonate\": true, \"__yt_dlp_client\": \"tv_downgraded\"}], \"ny\": [{\"ext\": \"json3\", \"url\": \"https://www.youtube.com/api/timedtext?v=ezv5DuvCk0E&ei=z8xXafHFHv6Z6dsP-9P_uAs&caps=asr&opi=112496729&xoaf=5&xowf=1&xospf=1&hl=en&ip=0.0.0.0&ipbits=0&expire=1767386943&sparams=ip%2Cipbits%2Cexpire%2Cv%2Cei%2Ccaps%2Copi%2Cxoaf&signature=31ACC713C92BF468B0604D892289468DE459EB82.25E594A16AE4D763A16583FBA9E0634898D041F5&key=yt8&kind=asr&lang=pl&variant=ec&tlang=ny&fmt=json3\", \"name\": \"Nyanja\", \"impersonate\": true, \"__yt_dlp_client\": \"tv_downgraded\"}, {\"ext\": \"srv1\", \"url\": \"https://www.youtube.com/api/timedtext?v=ezv5DuvCk0E&ei=z8xXafHFHv6Z6dsP-9P_uAs&caps=asr&opi=112496729&xoaf=5&xowf=1&xospf=1&hl=en&ip=0.0.0.0&ipbits=0&expire=1767386943&sparams=ip%2Cipbits%2Cexpire%2Cv%2Cei%2Ccaps%2Copi%2Cxoaf&signature=31ACC713C92BF468B0604D892289468DE459EB82.25E594A16AE4D763A16583FBA9E0634898D041F5&key=yt8&kind=asr&lang=pl&variant=ec&tlang=ny&fmt=srv1\", \"name\": \"Nyanja\", \"impersonate\": true, \"__yt_dlp_client\": \"tv_downgraded\"}, {\"ext\": \"srv2\", \"url\": \"https://www.youtube.com/api/timedtext?v=ezv5DuvCk0E&ei=z8xXafHFHv6Z6dsP-9P_uAs&caps=asr&opi=112496729&xoaf=5&xowf=1&xospf=1&hl=en&ip=0.0.0.0&ipbits=0&expire=1767386943&sparams=ip%2Cipbits%2Cexpire%2Cv%2Cei%2Ccaps%2Copi%2Cxoaf&signature=31ACC713C92BF468B0604D892289468DE459EB82.25E594A16AE4D763A16583FBA9E0634898D041F5&key=yt8&kind=asr&lang=pl&variant=ec&tlang=ny&fmt=srv2\", \"name\": \"Nyanja\", \"impersonate\": true, \"__yt_dlp_client\": \"tv_downgraded\"}, {\"ext\": \"srv3\", \"url\": \"https://www.youtube.com/api/timedtext?v=ezv5DuvCk0E&ei=z8xXafHFHv6Z6dsP-9P_uAs&caps=asr&opi=112496729&xoaf=5&xowf=1&xospf=1&hl=en&ip=0.0.0.0&ipbits=0&expire=1767386943&sparams=ip%2Cipbits%2Cexpire%2Cv%2Cei%2Ccaps%2Copi%2Cxoaf&signature=31ACC713C92BF468B0604D892289468DE459EB82.25E594A16AE4D763A16583FBA9E0634898D041F5&key=yt8&kind=asr&lang=pl&variant=ec&tlang=ny&fmt=srv3\", \"name\": \"Nyanja\", \"impersonate\": true, \"__yt_dlp_client\": \"tv_downgraded\"}, {\"ext\": \"ttml\", \"url\": \"https://www.youtube.com/api/timedtext?v=ezv5DuvCk0E&ei=z8xXafHFHv6Z6dsP-9P_uAs&caps=asr&opi=112496729&xoaf=5&xowf=1&xospf=1&hl=en&ip=0.0.0.0&ipbits=0&expire=1767386943&sparams=ip%2Cipbits%2Cexpire%2Cv%2Cei%2Ccaps%2Copi%2Cxoaf&signature=31ACC713C92BF468B0604D892289468DE459EB82.25E594A16AE4D763A16583FBA9E0634898D041F5&key=yt8&kind=asr&lang=pl&variant=ec&tlang=ny&fmt=ttml\", \"name\": \"Nyanja\", \"impersonate\": true, \"__yt_dlp_client\": \"tv_downgraded\"}, {\"ext\": \"srt\", \"url\": \"https://www.youtube.com/api/timedtext?v=ezv5DuvCk0E&ei=z8xXafHFHv6Z6dsP-9P_uAs&caps=asr&opi=112496729&xoaf=5&xowf=1&xospf=1&hl=en&ip=0.0.0.0&ipbits=0&expire=1767386943&sparams=ip%2Cipbits%2Cexpire%2Cv%2Cei%2Ccaps%2Copi%2Cxoaf&signature=31ACC713C92BF468B0604D892289468DE459EB82.25E594A16AE4D763A16583FBA9E0634898D041F5&key=yt8&kind=asr&lang=pl&variant=ec&tlang=ny&fmt=srt\", \"name\": \"Nyanja\", \"impersonate\": true, \"__yt_dlp_client\": \"tv_downgraded\"}, {\"ext\": \"vtt\", \"url\": \"https://www.youtube.com/api/timedtext?v=ezv5DuvCk0E&ei=z8xXafHFHv6Z6dsP-9P_uAs&caps=asr&opi=112496729&xoaf=5&xowf=1&xospf=1&hl=en&ip=0.0.0.0&ipbits=0&expire=1767386943&sparams=ip%2Cipbits%2Cexpire%2Cv%2Cei%2Ccaps%2Copi%2Cxoaf&signature=31ACC713C92BF468B0604D892289468DE459EB82.25E594A16AE4D763A16583FBA9E0634898D041F5&key=yt8&kind=asr&lang=pl&variant=ec&tlang=ny&fmt=vtt\", \"name\": \"Nyanja\", \"impersonate\": true, \"__yt_dlp_client\": \"tv_downgraded\"}], \"oc\": [{\"ext\": \"json3\", \"url\": \"https://www.youtube.com/api/timedtext?v=ezv5DuvCk0E&ei=z8xXafHFHv6Z6dsP-9P_uAs&caps=asr&opi=112496729&xoaf=5&xowf=1&xospf=1&hl=en&ip=0.0.0.0&ipbits=0&expire=1767386943&sparams=ip%2Cipbits%2Cexpire%2Cv%2Cei%2Ccaps%2Copi%2Cxoaf&signature=31ACC713C92BF468B0604D892289468DE459EB82.25E594A16AE4D763A16583FBA9E0634898D041F5&key=yt8&kind=asr&lang=pl&variant=ec&tlang=oc&fmt=json3\", \"name\": \"Occitan\", \"impersonate\": true, \"__yt_dlp_client\": \"tv_downgraded\"}, {\"ext\": \"srv1\", \"url\": \"https://www.youtube.com/api/timedtext?v=ezv5DuvCk0E&ei=z8xXafHFHv6Z6dsP-9P_uAs&caps=asr&opi=112496729&xoaf=5&xowf=1&xospf=1&hl=en&ip=0.0.0.0&ipbits=0&expire=1767386943&sparams=ip%2Cipbits%2Cexpire%2Cv%2Cei%2Ccaps%2Copi%2Cxoaf&signature=31ACC713C92BF468B0604D892289468DE459EB82.25E594A16AE4D763A16583FBA9E0634898D041F5&key=yt8&kind=asr&lang=pl&variant=ec&tlang=oc&fmt=srv1\", \"name\": \"Occitan\", \"impersonate\": true, \"__yt_dlp_client\": \"tv_downgraded\"}, {\"ext\": \"srv2\", \"url\": \"https://www.youtube.com/api/timedtext?v=ezv5DuvCk0E&ei=z8xXafHFHv6Z6dsP-9P_uAs&caps=asr&opi=112496729&xoaf=5&xowf=1&xospf=1&hl=en&ip=0.0.0.0&ipbits=0&expire=1767386943&sparams=ip%2Cipbits%2Cexpire%2Cv%2Cei%2Ccaps%2Copi%2Cxoaf&signature=31ACC713C92BF468B0604D892289468DE459EB82.25E594A16AE4D763A16583FBA9E0634898D041F5&key=yt8&kind=asr&lang=pl&variant=ec&tlang=oc&fmt=srv2\", \"name\": \"Occitan\", \"impersonate\": true, \"__yt_dlp_client\": \"tv_downgraded\"}, {\"ext\": \"srv3\", \"url\": \"https://www.youtube.com/api/timedtext?v=ezv5DuvCk0E&ei=z8xXafHFHv6Z6dsP-9P_uAs&caps=asr&opi=112496729&xoaf=5&xowf=1&xospf=1&hl=en&ip=0.0.0.0&ipbits=0&expire=1767386943&sparams=ip%2Cipbits%2Cexpire%2Cv%2Cei%2Ccaps%2Copi%2Cxoaf&signature=31ACC713C92BF468B0604D892289468DE459EB82.25E594A16AE4D763A16583FBA9E0634898D041F5&key=yt8&kind=asr&lang=pl&variant=ec&tlang=oc&fmt=srv3\", \"name\": \"Occitan\", \"impersonate\": true, \"__yt_dlp_client\": \"tv_downgraded\"}, {\"ext\": \"ttml\", \"url\": \"https://www.youtube.com/api/timedtext?v=ezv5DuvCk0E&ei=z8xXafHFHv6Z6dsP-9P_uAs&caps=asr&opi=112496729&xoaf=5&xowf=1&xospf=1&hl=en&ip=0.0.0.0&ipbits=0&expire=1767386943&sparams=ip%2Cipbits%2Cexpire%2Cv%2Cei%2Ccaps%2Copi%2Cxoaf&signature=31ACC713C92BF468B0604D892289468DE459EB82.25E594A16AE4D763A16583FBA9E0634898D041F5&key=yt8&kind=asr&lang=pl&variant=ec&tlang=oc&fmt=ttml\", \"name\": \"Occitan\", \"impersonate\": true, \"__yt_dlp_client\": \"tv_downgraded\"}, {\"ext\": \"srt\", \"url\": \"https://www.youtube.com/api/timedtext?v=ezv5DuvCk0E&ei=z8xXafHFHv6Z6dsP-9P_uAs&caps=asr&opi=112496729&xoaf=5&xowf=1&xospf=1&hl=en&ip=0.0.0.0&ipbits=0&expire=1767386943&sparams=ip%2Cipbits%2Cexpire%2Cv%2Cei%2Ccaps%2Copi%2Cxoaf&signature=31ACC713C92BF468B0604D892289468DE459EB82.25E594A16AE4D763A16583FBA9E0634898D041F5&key=yt8&kind=asr&lang=pl&variant=ec&tlang=oc&fmt=srt\", \"name\": \"Occitan\", \"impersonate\": true, \"__yt_dlp_client\": \"tv_downgraded\"}, {\"ext\": \"vtt\", \"url\": \"https://www.youtube.com/api/timedtext?v=ezv5DuvCk0E&ei=z8xXafHFHv6Z6dsP-9P_uAs&caps=asr&opi=112496729&xoaf=5&xowf=1&xospf=1&hl=en&ip=0.0.0.0&ipbits=0&expire=1767386943&sparams=ip%2Cipbits%2Cexpire%2Cv%2Cei%2Ccaps%2Copi%2Cxoaf&signature=31ACC713C92BF468B0604D892289468DE459EB82.25E594A16AE4D763A16583FBA9E0634898D041F5&key=yt8&kind=asr&lang=pl&variant=ec&tlang=oc&fmt=vtt\", \"name\": \"Occitan\", \"impersonate\": true, \"__yt_dlp_client\": \"tv_downgraded\"}], \"or\": [{\"ext\": \"json3\", \"url\": \"https://www.youtube.com/api/timedtext?v=ezv5DuvCk0E&ei=z8xXafHFHv6Z6dsP-9P_uAs&caps=asr&opi=112496729&xoaf=5&xowf=1&xospf=1&hl=en&ip=0.0.0.0&ipbits=0&expire=1767386943&sparams=ip%2Cipbits%2Cexpire%2Cv%2Cei%2Ccaps%2Copi%2Cxoaf&signature=31ACC713C92BF468B0604D892289468DE459EB82.25E594A16AE4D763A16583FBA9E0634898D041F5&key=yt8&kind=asr&lang=pl&variant=ec&tlang=or&fmt=json3\", \"name\": \"Odia\", \"impersonate\": true, \"__yt_dlp_client\": \"tv_downgraded\"}, {\"ext\": \"srv1\", \"url\": \"https://www.youtube.com/api/timedtext?v=ezv5DuvCk0E&ei=z8xXafHFHv6Z6dsP-9P_uAs&caps=asr&opi=112496729&xoaf=5&xowf=1&xospf=1&hl=en&ip=0.0.0.0&ipbits=0&expire=1767386943&sparams=ip%2Cipbits%2Cexpire%2Cv%2Cei%2Ccaps%2Copi%2Cxoaf&signature=31ACC713C92BF468B0604D892289468DE459EB82.25E594A16AE4D763A16583FBA9E0634898D041F5&key=yt8&kind=asr&lang=pl&variant=ec&tlang=or&fmt=srv1\", \"name\": \"Odia\", \"impersonate\": true, \"__yt_dlp_client\": \"tv_downgraded\"}, {\"ext\": \"srv2\", \"url\": \"https://www.youtube.com/api/timedtext?v=ezv5DuvCk0E&ei=z8xXafHFHv6Z6dsP-9P_uAs&caps=asr&opi=112496729&xoaf=5&xowf=1&xospf=1&hl=en&ip=0.0.0.0&ipbits=0&expire=1767386943&sparams=ip%2Cipbits%2Cexpire%2Cv%2Cei%2Ccaps%2Copi%2Cxoaf&signature=31ACC713C92BF468B0604D892289468DE459EB82.25E594A16AE4D763A16583FBA9E0634898D041F5&key=yt8&kind=asr&lang=pl&variant=ec&tlang=or&fmt=srv2\", \"name\": \"Odia\", \"impersonate\": true, \"__yt_dlp_client\": \"tv_downgraded\"}, {\"ext\": \"srv3\", \"url\": \"https://www.youtube.com/api/timedtext?v=ezv5DuvCk0E&ei=z8xXafHFHv6Z6dsP-9P_uAs&caps=asr&opi=112496729&xoaf=5&xowf=1&xospf=1&hl=en&ip=0.0.0.0&ipbits=0&expire=1767386943&sparams=ip%2Cipbits%2Cexpire%2Cv%2Cei%2Ccaps%2Copi%2Cxoaf&signature=31ACC713C92BF468B0604D892289468DE459EB82.25E594A16AE4D763A16583FBA9E0634898D041F5&key=yt8&kind=asr&lang=pl&variant=ec&tlang=or&fmt=srv3\", \"name\": \"Odia\", \"impersonate\": true, \"__yt_dlp_client\": \"tv_downgraded\"}, {\"ext\": \"ttml\", \"url\": \"https://www.youtube.com/api/timedtext?v=ezv5DuvCk0E&ei=z8xXafHFHv6Z6dsP-9P_uAs&caps=asr&opi=112496729&xoaf=5&xowf=1&xospf=1&hl=en&ip=0.0.0.0&ipbits=0&expire=1767386943&sparams=ip%2Cipbits%2Cexpire%2Cv%2Cei%2Ccaps%2Copi%2Cxoaf&signature=31ACC713C92BF468B0604D892289468DE459EB82.25E594A16AE4D763A16583FBA9E0634898D041F5&key=yt8&kind=asr&lang=pl&variant=ec&tlang=or&fmt=ttml\", \"name\": \"Odia\", \"impersonate\": true, \"__yt_dlp_client\": \"tv_downgraded\"}, {\"ext\": \"srt\", \"url\": \"https://www.youtube.com/api/timedtext?v=ezv5DuvCk0E&ei=z8xXafHFHv6Z6dsP-9P_uAs&caps=asr&opi=112496729&xoaf=5&xowf=1&xospf=1&hl=en&ip=0.0.0.0&ipbits=0&expire=1767386943&sparams=ip%2Cipbits%2Cexpire%2Cv%2Cei%2Ccaps%2Copi%2Cxoaf&signature=31ACC713C92BF468B0604D892289468DE459EB82.25E594A16AE4D763A16583FBA9E0634898D041F5&key=yt8&kind=asr&lang=pl&variant=ec&tlang=or&fmt=srt\", \"name\": \"Odia\", \"impersonate\": true, \"__yt_dlp_client\": \"tv_downgraded\"}, {\"ext\": \"vtt\", \"url\": \"https://www.youtube.com/api/timedtext?v=ezv5DuvCk0E&ei=z8xXafHFHv6Z6dsP-9P_uAs&caps=asr&opi=112496729&xoaf=5&xowf=1&xospf=1&hl=en&ip=0.0.0.0&ipbits=0&expire=1767386943&sparams=ip%2Cipbits%2Cexpire%2Cv%2Cei%2Ccaps%2Copi%2Cxoaf&signature=31ACC713C92BF468B0604D892289468DE459EB82.25E594A16AE4D763A16583FBA9E0634898D041F5&key=yt8&kind=asr&lang=pl&variant=ec&tlang=or&fmt=vtt\", \"name\": \"Odia\", \"impersonate\": true, \"__yt_dlp_client\": \"tv_downgraded\"}], \"om\": [{\"ext\": \"json3\", \"url\": \"https://www.youtube.com/api/timedtext?v=ezv5DuvCk0E&ei=z8xXafHFHv6Z6dsP-9P_uAs&caps=asr&opi=112496729&xoaf=5&xowf=1&xospf=1&hl=en&ip=0.0.0.0&ipbits=0&expire=1767386943&sparams=ip%2Cipbits%2Cexpire%2Cv%2Cei%2Ccaps%2Copi%2Cxoaf&signature=31ACC713C92BF468B0604D892289468DE459EB82.25E594A16AE4D763A16583FBA9E0634898D041F5&key=yt8&kind=asr&lang=pl&variant=ec&tlang=om&fmt=json3\", \"name\": \"Oromo\", \"impersonate\": true, \"__yt_dlp_client\": \"tv_downgraded\"}, {\"ext\": \"srv1\", \"url\": \"https://www.youtube.com/api/timedtext?v=ezv5DuvCk0E&ei=z8xXafHFHv6Z6dsP-9P_uAs&caps=asr&opi=112496729&xoaf=5&xowf=1&xospf=1&hl=en&ip=0.0.0.0&ipbits=0&expire=1767386943&sparams=ip%2Cipbits%2Cexpire%2Cv%2Cei%2Ccaps%2Copi%2Cxoaf&signature=31ACC713C92BF468B0604D892289468DE459EB82.25E594A16AE4D763A16583FBA9E0634898D041F5&key=yt8&kind=asr&lang=pl&variant=ec&tlang=om&fmt=srv1\", \"name\": \"Oromo\", \"impersonate\": true, \"__yt_dlp_client\": \"tv_downgraded\"}, {\"ext\": \"srv2\", \"url\": \"https://www.youtube.com/api/timedtext?v=ezv5DuvCk0E&ei=z8xXafHFHv6Z6dsP-9P_uAs&caps=asr&opi=112496729&xoaf=5&xowf=1&xospf=1&hl=en&ip=0.0.0.0&ipbits=0&expire=1767386943&sparams=ip%2Cipbits%2Cexpire%2Cv%2Cei%2Ccaps%2Copi%2Cxoaf&signature=31ACC713C92BF468B0604D892289468DE459EB82.25E594A16AE4D763A16583FBA9E0634898D041F5&key=yt8&kind=asr&lang=pl&variant=ec&tlang=om&fmt=srv2\", \"name\": \"Oromo\", \"impersonate\": true, \"__yt_dlp_client\": \"tv_downgraded\"}, {\"ext\": \"srv3\", \"url\": \"https://www.youtube.com/api/timedtext?v=ezv5DuvCk0E&ei=z8xXafHFHv6Z6dsP-9P_uAs&caps=asr&opi=112496729&xoaf=5&xowf=1&xospf=1&hl=en&ip=0.0.0.0&ipbits=0&expire=1767386943&sparams=ip%2Cipbits%2Cexpire%2Cv%2Cei%2Ccaps%2Copi%2Cxoaf&signature=31ACC713C92BF468B0604D892289468DE459EB82.25E594A16AE4D763A16583FBA9E0634898D041F5&key=yt8&kind=asr&lang=pl&variant=ec&tlang=om&fmt=srv3\", \"name\": \"Oromo\", \"impersonate\": true, \"__yt_dlp_client\": \"tv_downgraded\"}, {\"ext\": \"ttml\", \"url\": \"https://www.youtube.com/api/timedtext?v=ezv5DuvCk0E&ei=z8xXafHFHv6Z6dsP-9P_uAs&caps=asr&opi=112496729&xoaf=5&xowf=1&xospf=1&hl=en&ip=0.0.0.0&ipbits=0&expire=1767386943&sparams=ip%2Cipbits%2Cexpire%2Cv%2Cei%2Ccaps%2Copi%2Cxoaf&signature=31ACC713C92BF468B0604D892289468DE459EB82.25E594A16AE4D763A16583FBA9E0634898D041F5&key=yt8&kind=asr&lang=pl&variant=ec&tlang=om&fmt=ttml\", \"name\": \"Oromo\", \"impersonate\": true, \"__yt_dlp_client\": \"tv_downgraded\"}, {\"ext\": \"srt\", \"url\": \"https://www.youtube.com/api/timedtext?v=ezv5DuvCk0E&ei=z8xXafHFHv6Z6dsP-9P_uAs&caps=asr&opi=112496729&xoaf=5&xowf=1&xospf=1&hl=en&ip=0.0.0.0&ipbits=0&expire=1767386943&sparams=ip%2Cipbits%2Cexpire%2Cv%2Cei%2Ccaps%2Copi%2Cxoaf&signature=31ACC713C92BF468B0604D892289468DE459EB82.25E594A16AE4D763A16583FBA9E0634898D041F5&key=yt8&kind=asr&lang=pl&variant=ec&tlang=om&fmt=srt\", \"name\": \"Oromo\", \"impersonate\": true, \"__yt_dlp_client\": \"tv_downgraded\"}, {\"ext\": \"vtt\", \"url\": \"https://www.youtube.com/api/timedtext?v=ezv5DuvCk0E&ei=z8xXafHFHv6Z6dsP-9P_uAs&caps=asr&opi=112496729&xoaf=5&xowf=1&xospf=1&hl=en&ip=0.0.0.0&ipbits=0&expire=1767386943&sparams=ip%2Cipbits%2Cexpire%2Cv%2Cei%2Ccaps%2Copi%2Cxoaf&signature=31ACC713C92BF468B0604D892289468DE459EB82.25E594A16AE4D763A16583FBA9E0634898D041F5&key=yt8&kind=asr&lang=pl&variant=ec&tlang=om&fmt=vtt\", \"name\": \"Oromo\", \"impersonate\": true, \"__yt_dlp_client\": \"tv_downgraded\"}], \"os\": [{\"ext\": \"json3\", \"url\": \"https://www.youtube.com/api/timedtext?v=ezv5DuvCk0E&ei=z8xXafHFHv6Z6dsP-9P_uAs&caps=asr&opi=112496729&xoaf=5&xowf=1&xospf=1&hl=en&ip=0.0.0.0&ipbits=0&expire=1767386943&sparams=ip%2Cipbits%2Cexpire%2Cv%2Cei%2Ccaps%2Copi%2Cxoaf&signature=31ACC713C92BF468B0604D892289468DE459EB82.25E594A16AE4D763A16583FBA9E0634898D041F5&key=yt8&kind=asr&lang=pl&variant=ec&tlang=os&fmt=json3\", \"name\": \"Ossetic\", \"impersonate\": true, \"__yt_dlp_client\": \"tv_downgraded\"}, {\"ext\": \"srv1\", \"url\": \"https://www.youtube.com/api/timedtext?v=ezv5DuvCk0E&ei=z8xXafHFHv6Z6dsP-9P_uAs&caps=asr&opi=112496729&xoaf=5&xowf=1&xospf=1&hl=en&ip=0.0.0.0&ipbits=0&expire=1767386943&sparams=ip%2Cipbits%2Cexpire%2Cv%2Cei%2Ccaps%2Copi%2Cxoaf&signature=31ACC713C92BF468B0604D892289468DE459EB82.25E594A16AE4D763A16583FBA9E0634898D041F5&key=yt8&kind=asr&lang=pl&variant=ec&tlang=os&fmt=srv1\", \"name\": \"Ossetic\", \"impersonate\": true, \"__yt_dlp_client\": \"tv_downgraded\"}, {\"ext\": \"srv2\", \"url\": \"https://www.youtube.com/api/timedtext?v=ezv5DuvCk0E&ei=z8xXafHFHv6Z6dsP-9P_uAs&caps=asr&opi=112496729&xoaf=5&xowf=1&xospf=1&hl=en&ip=0.0.0.0&ipbits=0&expire=1767386943&sparams=ip%2Cipbits%2Cexpire%2Cv%2Cei%2Ccaps%2Copi%2Cxoaf&signature=31ACC713C92BF468B0604D892289468DE459EB82.25E594A16AE4D763A16583FBA9E0634898D041F5&key=yt8&kind=asr&lang=pl&variant=ec&tlang=os&fmt=srv2\", \"name\": \"Ossetic\", \"impersonate\": true, \"__yt_dlp_client\": \"tv_downgraded\"}, {\"ext\": \"srv3\", \"url\": \"https://www.youtube.com/api/timedtext?v=ezv5DuvCk0E&ei=z8xXafHFHv6Z6dsP-9P_uAs&caps=asr&opi=112496729&xoaf=5&xowf=1&xospf=1&hl=en&ip=0.0.0.0&ipbits=0&expire=1767386943&sparams=ip%2Cipbits%2Cexpire%2Cv%2Cei%2Ccaps%2Copi%2Cxoaf&signature=31ACC713C92BF468B0604D892289468DE459EB82.25E594A16AE4D763A16583FBA9E0634898D041F5&key=yt8&kind=asr&lang=pl&variant=ec&tlang=os&fmt=srv3\", \"name\": \"Ossetic\", \"impersonate\": true, \"__yt_dlp_client\": \"tv_downgraded\"}, {\"ext\": \"ttml\", \"url\": \"https://www.youtube.com/api/timedtext?v=ezv5DuvCk0E&ei=z8xXafHFHv6Z6dsP-9P_uAs&caps=asr&opi=112496729&xoaf=5&xowf=1&xospf=1&hl=en&ip=0.0.0.0&ipbits=0&expire=1767386943&sparams=ip%2Cipbits%2Cexpire%2Cv%2Cei%2Ccaps%2Copi%2Cxoaf&signature=31ACC713C92BF468B0604D892289468DE459EB82.25E594A16AE4D763A16583FBA9E0634898D041F5&key=yt8&kind=asr&lang=pl&variant=ec&tlang=os&fmt=ttml\", \"name\": \"Ossetic\", \"impersonate\": true, \"__yt_dlp_client\": \"tv_downgraded\"}, {\"ext\": \"srt\", \"url\": \"https://www.youtube.com/api/timedtext?v=ezv5DuvCk0E&ei=z8xXafHFHv6Z6dsP-9P_uAs&caps=asr&opi=112496729&xoaf=5&xowf=1&xospf=1&hl=en&ip=0.0.0.0&ipbits=0&expire=1767386943&sparams=ip%2Cipbits%2Cexpire%2Cv%2Cei%2Ccaps%2Copi%2Cxoaf&signature=31ACC713C92BF468B0604D892289468DE459EB82.25E594A16AE4D763A16583FBA9E0634898D041F5&key=yt8&kind=asr&lang=pl&variant=ec&tlang=os&fmt=srt\", \"name\": \"Ossetic\", \"impersonate\": true, \"__yt_dlp_client\": \"tv_downgraded\"}, {\"ext\": \"vtt\", \"url\": \"https://www.youtube.com/api/timedtext?v=ezv5DuvCk0E&ei=z8xXafHFHv6Z6dsP-9P_uAs&caps=asr&opi=112496729&xoaf=5&xowf=1&xospf=1&hl=en&ip=0.0.0.0&ipbits=0&expire=1767386943&sparams=ip%2Cipbits%2Cexpire%2Cv%2Cei%2Ccaps%2Copi%2Cxoaf&signature=31ACC713C92BF468B0604D892289468DE459EB82.25E594A16AE4D763A16583FBA9E0634898D041F5&key=yt8&kind=asr&lang=pl&variant=ec&tlang=os&fmt=vtt\", \"name\": \"Ossetic\", \"impersonate\": true, \"__yt_dlp_client\": \"tv_downgraded\"}], \"pam\": [{\"ext\": \"json3\", \"url\": \"https://www.youtube.com/api/timedtext?v=ezv5DuvCk0E&ei=z8xXafHFHv6Z6dsP-9P_uAs&caps=asr&opi=112496729&xoaf=5&xowf=1&xospf=1&hl=en&ip=0.0.0.0&ipbits=0&expire=1767386943&sparams=ip%2Cipbits%2Cexpire%2Cv%2Cei%2Ccaps%2Copi%2Cxoaf&signature=31ACC713C92BF468B0604D892289468DE459EB82.25E594A16AE4D763A16583FBA9E0634898D041F5&key=yt8&kind=asr&lang=pl&variant=ec&tlang=pam&fmt=json3\", \"name\": \"Pampanga\", \"impersonate\": true, \"__yt_dlp_client\": \"tv_downgraded\"}, {\"ext\": \"srv1\", \"url\": \"https://www.youtube.com/api/timedtext?v=ezv5DuvCk0E&ei=z8xXafHFHv6Z6dsP-9P_uAs&caps=asr&opi=112496729&xoaf=5&xowf=1&xospf=1&hl=en&ip=0.0.0.0&ipbits=0&expire=1767386943&sparams=ip%2Cipbits%2Cexpire%2Cv%2Cei%2Ccaps%2Copi%2Cxoaf&signature=31ACC713C92BF468B0604D892289468DE459EB82.25E594A16AE4D763A16583FBA9E0634898D041F5&key=yt8&kind=asr&lang=pl&variant=ec&tlang=pam&fmt=srv1\", \"name\": \"Pampanga\", \"impersonate\": true, \"__yt_dlp_client\": \"tv_downgraded\"}, {\"ext\": \"srv2\", \"url\": \"https://www.youtube.com/api/timedtext?v=ezv5DuvCk0E&ei=z8xXafHFHv6Z6dsP-9P_uAs&caps=asr&opi=112496729&xoaf=5&xowf=1&xospf=1&hl=en&ip=0.0.0.0&ipbits=0&expire=1767386943&sparams=ip%2Cipbits%2Cexpire%2Cv%2Cei%2Ccaps%2Copi%2Cxoaf&signature=31ACC713C92BF468B0604D892289468DE459EB82.25E594A16AE4D763A16583FBA9E0634898D041F5&key=yt8&kind=asr&lang=pl&variant=ec&tlang=pam&fmt=srv2\", \"name\": \"Pampanga\", \"impersonate\": true, \"__yt_dlp_client\": \"tv_downgraded\"}, {\"ext\": \"srv3\", \"url\": \"https://www.youtube.com/api/timedtext?v=ezv5DuvCk0E&ei=z8xXafHFHv6Z6dsP-9P_uAs&caps=asr&opi=112496729&xoaf=5&xowf=1&xospf=1&hl=en&ip=0.0.0.0&ipbits=0&expire=1767386943&sparams=ip%2Cipbits%2Cexpire%2Cv%2Cei%2Ccaps%2Copi%2Cxoaf&signature=31ACC713C92BF468B0604D892289468DE459EB82.25E594A16AE4D763A16583FBA9E0634898D041F5&key=yt8&kind=asr&lang=pl&variant=ec&tlang=pam&fmt=srv3\", \"name\": \"Pampanga\", \"impersonate\": true, \"__yt_dlp_client\": \"tv_downgraded\"}, {\"ext\": \"ttml\", \"url\": \"https://www.youtube.com/api/timedtext?v=ezv5DuvCk0E&ei=z8xXafHFHv6Z6dsP-9P_uAs&caps=asr&opi=112496729&xoaf=5&xowf=1&xospf=1&hl=en&ip=0.0.0.0&ipbits=0&expire=1767386943&sparams=ip%2Cipbits%2Cexpire%2Cv%2Cei%2Ccaps%2Copi%2Cxoaf&signature=31ACC713C92BF468B0604D892289468DE459EB82.25E594A16AE4D763A16583FBA9E0634898D041F5&key=yt8&kind=asr&lang=pl&variant=ec&tlang=pam&fmt=ttml\", \"name\": \"Pampanga\", \"impersonate\": true, \"__yt_dlp_client\": \"tv_downgraded\"}, {\"ext\": \"srt\", \"url\": \"https://www.youtube.com/api/timedtext?v=ezv5DuvCk0E&ei=z8xXafHFHv6Z6dsP-9P_uAs&caps=asr&opi=112496729&xoaf=5&xowf=1&xospf=1&hl=en&ip=0.0.0.0&ipbits=0&expire=1767386943&sparams=ip%2Cipbits%2Cexpire%2Cv%2Cei%2Ccaps%2Copi%2Cxoaf&signature=31ACC713C92BF468B0604D892289468DE459EB82.25E594A16AE4D763A16583FBA9E0634898D041F5&key=yt8&kind=asr&lang=pl&variant=ec&tlang=pam&fmt=srt\", \"name\": \"Pampanga\", \"impersonate\": true, \"__yt_dlp_client\": \"tv_downgraded\"}, {\"ext\": \"vtt\", \"url\": \"https://www.youtube.com/api/timedtext?v=ezv5DuvCk0E&ei=z8xXafHFHv6Z6dsP-9P_uAs&caps=asr&opi=112496729&xoaf=5&xowf=1&xospf=1&hl=en&ip=0.0.0.0&ipbits=0&expire=1767386943&sparams=ip%2Cipbits%2Cexpire%2Cv%2Cei%2Ccaps%2Copi%2Cxoaf&signature=31ACC713C92BF468B0604D892289468DE459EB82.25E594A16AE4D763A16583FBA9E0634898D041F5&key=yt8&kind=asr&lang=pl&variant=ec&tlang=pam&fmt=vtt\", \"name\": \"Pampanga\", \"impersonate\": true, \"__yt_dlp_client\": \"tv_downgraded\"}], \"ps\": [{\"ext\": \"json3\", \"url\": \"https://www.youtube.com/api/timedtext?v=ezv5DuvCk0E&ei=z8xXafHFHv6Z6dsP-9P_uAs&caps=asr&opi=112496729&xoaf=5&xowf=1&xospf=1&hl=en&ip=0.0.0.0&ipbits=0&expire=1767386943&sparams=ip%2Cipbits%2Cexpire%2Cv%2Cei%2Ccaps%2Copi%2Cxoaf&signature=31ACC713C92BF468B0604D892289468DE459EB82.25E594A16AE4D763A16583FBA9E0634898D041F5&key=yt8&kind=asr&lang=pl&variant=ec&tlang=ps&fmt=json3\", \"name\": \"Pashto\", \"impersonate\": true, \"__yt_dlp_client\": \"tv_downgraded\"}, {\"ext\": \"srv1\", \"url\": \"https://www.youtube.com/api/timedtext?v=ezv5DuvCk0E&ei=z8xXafHFHv6Z6dsP-9P_uAs&caps=asr&opi=112496729&xoaf=5&xowf=1&xospf=1&hl=en&ip=0.0.0.0&ipbits=0&expire=1767386943&sparams=ip%2Cipbits%2Cexpire%2Cv%2Cei%2Ccaps%2Copi%2Cxoaf&signature=31ACC713C92BF468B0604D892289468DE459EB82.25E594A16AE4D763A16583FBA9E0634898D041F5&key=yt8&kind=asr&lang=pl&variant=ec&tlang=ps&fmt=srv1\", \"name\": \"Pashto\", \"impersonate\": true, \"__yt_dlp_client\": \"tv_downgraded\"}, {\"ext\": \"srv2\", \"url\": \"https://www.youtube.com/api/timedtext?v=ezv5DuvCk0E&ei=z8xXafHFHv6Z6dsP-9P_uAs&caps=asr&opi=112496729&xoaf=5&xowf=1&xospf=1&hl=en&ip=0.0.0.0&ipbits=0&expire=1767386943&sparams=ip%2Cipbits%2Cexpire%2Cv%2Cei%2Ccaps%2Copi%2Cxoaf&signature=31ACC713C92BF468B0604D892289468DE459EB82.25E594A16AE4D763A16583FBA9E0634898D041F5&key=yt8&kind=asr&lang=pl&variant=ec&tlang=ps&fmt=srv2\", \"name\": \"Pashto\", \"impersonate\": true, \"__yt_dlp_client\": \"tv_downgraded\"}, {\"ext\": \"srv3\", \"url\": \"https://www.youtube.com/api/timedtext?v=ezv5DuvCk0E&ei=z8xXafHFHv6Z6dsP-9P_uAs&caps=asr&opi=112496729&xoaf=5&xowf=1&xospf=1&hl=en&ip=0.0.0.0&ipbits=0&expire=1767386943&sparams=ip%2Cipbits%2Cexpire%2Cv%2Cei%2Ccaps%2Copi%2Cxoaf&signature=31ACC713C92BF468B0604D892289468DE459EB82.25E594A16AE4D763A16583FBA9E0634898D041F5&key=yt8&kind=asr&lang=pl&variant=ec&tlang=ps&fmt=srv3\", \"name\": \"Pashto\", \"impersonate\": true, \"__yt_dlp_client\": \"tv_downgraded\"}, {\"ext\": \"ttml\", \"url\": \"https://www.youtube.com/api/timedtext?v=ezv5DuvCk0E&ei=z8xXafHFHv6Z6dsP-9P_uAs&caps=asr&opi=112496729&xoaf=5&xowf=1&xospf=1&hl=en&ip=0.0.0.0&ipbits=0&expire=1767386943&sparams=ip%2Cipbits%2Cexpire%2Cv%2Cei%2Ccaps%2Copi%2Cxoaf&signature=31ACC713C92BF468B0604D892289468DE459EB82.25E594A16AE4D763A16583FBA9E0634898D041F5&key=yt8&kind=asr&lang=pl&variant=ec&tlang=ps&fmt=ttml\", \"name\": \"Pashto\", \"impersonate\": true, \"__yt_dlp_client\": \"tv_downgraded\"}, {\"ext\": \"srt\", \"url\": \"https://www.youtube.com/api/timedtext?v=ezv5DuvCk0E&ei=z8xXafHFHv6Z6dsP-9P_uAs&caps=asr&opi=112496729&xoaf=5&xowf=1&xospf=1&hl=en&ip=0.0.0.0&ipbits=0&expire=1767386943&sparams=ip%2Cipbits%2Cexpire%2Cv%2Cei%2Ccaps%2Copi%2Cxoaf&signature=31ACC713C92BF468B0604D892289468DE459EB82.25E594A16AE4D763A16583FBA9E0634898D041F5&key=yt8&kind=asr&lang=pl&variant=ec&tlang=ps&fmt=srt\", \"name\": \"Pashto\", \"impersonate\": true, \"__yt_dlp_client\": \"tv_downgraded\"}, {\"ext\": \"vtt\", \"url\": \"https://www.youtube.com/api/timedtext?v=ezv5DuvCk0E&ei=z8xXafHFHv6Z6dsP-9P_uAs&caps=asr&opi=112496729&xoaf=5&xowf=1&xospf=1&hl=en&ip=0.0.0.0&ipbits=0&expire=1767386943&sparams=ip%2Cipbits%2Cexpire%2Cv%2Cei%2Ccaps%2Copi%2Cxoaf&signature=31ACC713C92BF468B0604D892289468DE459EB82.25E594A16AE4D763A16583FBA9E0634898D041F5&key=yt8&kind=asr&lang=pl&variant=ec&tlang=ps&fmt=vtt\", \"name\": \"Pashto\", \"impersonate\": true, \"__yt_dlp_client\": \"tv_downgraded\"}], \"fa\": [{\"ext\": \"json3\", \"url\": \"https://www.youtube.com/api/timedtext?v=ezv5DuvCk0E&ei=z8xXafHFHv6Z6dsP-9P_uAs&caps=asr&opi=112496729&xoaf=5&xowf=1&xospf=1&hl=en&ip=0.0.0.0&ipbits=0&expire=1767386943&sparams=ip%2Cipbits%2Cexpire%2Cv%2Cei%2Ccaps%2Copi%2Cxoaf&signature=31ACC713C92BF468B0604D892289468DE459EB82.25E594A16AE4D763A16583FBA9E0634898D041F5&key=yt8&kind=asr&lang=pl&variant=ec&tlang=fa&fmt=json3\", \"name\": \"Persian\", \"impersonate\": true, \"__yt_dlp_client\": \"tv_downgraded\"}, {\"ext\": \"srv1\", \"url\": \"https://www.youtube.com/api/timedtext?v=ezv5DuvCk0E&ei=z8xXafHFHv6Z6dsP-9P_uAs&caps=asr&opi=112496729&xoaf=5&xowf=1&xospf=1&hl=en&ip=0.0.0.0&ipbits=0&expire=1767386943&sparams=ip%2Cipbits%2Cexpire%2Cv%2Cei%2Ccaps%2Copi%2Cxoaf&signature=31ACC713C92BF468B0604D892289468DE459EB82.25E594A16AE4D763A16583FBA9E0634898D041F5&key=yt8&kind=asr&lang=pl&variant=ec&tlang=fa&fmt=srv1\", \"name\": \"Persian\", \"impersonate\": true, \"__yt_dlp_client\": \"tv_downgraded\"}, {\"ext\": \"srv2\", \"url\": \"https://www.youtube.com/api/timedtext?v=ezv5DuvCk0E&ei=z8xXafHFHv6Z6dsP-9P_uAs&caps=asr&opi=112496729&xoaf=5&xowf=1&xospf=1&hl=en&ip=0.0.0.0&ipbits=0&expire=1767386943&sparams=ip%2Cipbits%2Cexpire%2Cv%2Cei%2Ccaps%2Copi%2Cxoaf&signature=31ACC713C92BF468B0604D892289468DE459EB82.25E594A16AE4D763A16583FBA9E0634898D041F5&key=yt8&kind=asr&lang=pl&variant=ec&tlang=fa&fmt=srv2\", \"name\": \"Persian\", \"impersonate\": true, \"__yt_dlp_client\": \"tv_downgraded\"}, {\"ext\": \"srv3\", \"url\": \"https://www.youtube.com/api/timedtext?v=ezv5DuvCk0E&ei=z8xXafHFHv6Z6dsP-9P_uAs&caps=asr&opi=112496729&xoaf=5&xowf=1&xospf=1&hl=en&ip=0.0.0.0&ipbits=0&expire=1767386943&sparams=ip%2Cipbits%2Cexpire%2Cv%2Cei%2Ccaps%2Copi%2Cxoaf&signature=31ACC713C92BF468B0604D892289468DE459EB82.25E594A16AE4D763A16583FBA9E0634898D041F5&key=yt8&kind=asr&lang=pl&variant=ec&tlang=fa&fmt=srv3\", \"name\": \"Persian\", \"impersonate\": true, \"__yt_dlp_client\": \"tv_downgraded\"}, {\"ext\": \"ttml\", \"url\": \"https://www.youtube.com/api/timedtext?v=ezv5DuvCk0E&ei=z8xXafHFHv6Z6dsP-9P_uAs&caps=asr&opi=112496729&xoaf=5&xowf=1&xospf=1&hl=en&ip=0.0.0.0&ipbits=0&expire=1767386943&sparams=ip%2Cipbits%2Cexpire%2Cv%2Cei%2Ccaps%2Copi%2Cxoaf&signature=31ACC713C92BF468B0604D892289468DE459EB82.25E594A16AE4D763A16583FBA9E0634898D041F5&key=yt8&kind=asr&lang=pl&variant=ec&tlang=fa&fmt=ttml\", \"name\": \"Persian\", \"impersonate\": true, \"__yt_dlp_client\": \"tv_downgraded\"}, {\"ext\": \"srt\", \"url\": \"https://www.youtube.com/api/timedtext?v=ezv5DuvCk0E&ei=z8xXafHFHv6Z6dsP-9P_uAs&caps=asr&opi=112496729&xoaf=5&xowf=1&xospf=1&hl=en&ip=0.0.0.0&ipbits=0&expire=1767386943&sparams=ip%2Cipbits%2Cexpire%2Cv%2Cei%2Ccaps%2Copi%2Cxoaf&signature=31ACC713C92BF468B0604D892289468DE459EB82.25E594A16AE4D763A16583FBA9E0634898D041F5&key=yt8&kind=asr&lang=pl&variant=ec&tlang=fa&fmt=srt\", \"name\": \"Persian\", \"impersonate\": true, \"__yt_dlp_client\": \"tv_downgraded\"}, {\"ext\": \"vtt\", \"url\": \"https://www.youtube.com/api/timedtext?v=ezv5DuvCk0E&ei=z8xXafHFHv6Z6dsP-9P_uAs&caps=asr&opi=112496729&xoaf=5&xowf=1&xospf=1&hl=en&ip=0.0.0.0&ipbits=0&expire=1767386943&sparams=ip%2Cipbits%2Cexpire%2Cv%2Cei%2Ccaps%2Copi%2Cxoaf&signature=31ACC713C92BF468B0604D892289468DE459EB82.25E594A16AE4D763A16583FBA9E0634898D041F5&key=yt8&kind=asr&lang=pl&variant=ec&tlang=fa&fmt=vtt\", \"name\": \"Persian\", \"impersonate\": true, \"__yt_dlp_client\": \"tv_downgraded\"}], \"pl-orig\": [{\"ext\": \"json3\", \"url\": \"https://www.youtube.com/api/timedtext?v=ezv5DuvCk0E&ei=z8xXafHFHv6Z6dsP-9P_uAs&caps=asr&opi=112496729&xoaf=5&xowf=1&xospf=1&hl=en&ip=0.0.0.0&ipbits=0&expire=1767386943&sparams=ip%2Cipbits%2Cexpire%2Cv%2Cei%2Ccaps%2Copi%2Cxoaf&signature=31ACC713C92BF468B0604D892289468DE459EB82.25E594A16AE4D763A16583FBA9E0634898D041F5&key=yt8&kind=asr&lang=pl&variant=ec&fmt=json3\", \"name\": \"Polish (Original)\", \"impersonate\": true, \"__yt_dlp_client\": \"tv_downgraded\"}, {\"ext\": \"srv1\", \"url\": \"https://www.youtube.com/api/timedtext?v=ezv5DuvCk0E&ei=z8xXafHFHv6Z6dsP-9P_uAs&caps=asr&opi=112496729&xoaf=5&xowf=1&xospf=1&hl=en&ip=0.0.0.0&ipbits=0&expire=1767386943&sparams=ip%2Cipbits%2Cexpire%2Cv%2Cei%2Ccaps%2Copi%2Cxoaf&signature=31ACC713C92BF468B0604D892289468DE459EB82.25E594A16AE4D763A16583FBA9E0634898D041F5&key=yt8&kind=asr&lang=pl&variant=ec&fmt=srv1\", \"name\": \"Polish (Original)\", \"impersonate\": true, \"__yt_dlp_client\": \"tv_downgraded\"}, {\"ext\": \"srv2\", \"url\": \"https://www.youtube.com/api/timedtext?v=ezv5DuvCk0E&ei=z8xXafHFHv6Z6dsP-9P_uAs&caps=asr&opi=112496729&xoaf=5&xowf=1&xospf=1&hl=en&ip=0.0.0.0&ipbits=0&expire=1767386943&sparams=ip%2Cipbits%2Cexpire%2Cv%2Cei%2Ccaps%2Copi%2Cxoaf&signature=31ACC713C92BF468B0604D892289468DE459EB82.25E594A16AE4D763A16583FBA9E0634898D041F5&key=yt8&kind=asr&lang=pl&variant=ec&fmt=srv2\", \"name\": \"Polish (Original)\", \"impersonate\": true, \"__yt_dlp_client\": \"tv_downgraded\"}, {\"ext\": \"srv3\", \"url\": \"https://www.youtube.com/api/timedtext?v=ezv5DuvCk0E&ei=z8xXafHFHv6Z6dsP-9P_uAs&caps=asr&opi=112496729&xoaf=5&xowf=1&xospf=1&hl=en&ip=0.0.0.0&ipbits=0&expire=1767386943&sparams=ip%2Cipbits%2Cexpire%2Cv%2Cei%2Ccaps%2Copi%2Cxoaf&signature=31ACC713C92BF468B0604D892289468DE459EB82.25E594A16AE4D763A16583FBA9E0634898D041F5&key=yt8&kind=asr&lang=pl&variant=ec&fmt=srv3\", \"name\": \"Polish (Original)\", \"impersonate\": true, \"__yt_dlp_client\": \"tv_downgraded\"}, {\"ext\": \"ttml\", \"url\": \"https://www.youtube.com/api/timedtext?v=ezv5DuvCk0E&ei=z8xXafHFHv6Z6dsP-9P_uAs&caps=asr&opi=112496729&xoaf=5&xowf=1&xospf=1&hl=en&ip=0.0.0.0&ipbits=0&expire=1767386943&sparams=ip%2Cipbits%2Cexpire%2Cv%2Cei%2Ccaps%2Copi%2Cxoaf&signature=31ACC713C92BF468B0604D892289468DE459EB82.25E594A16AE4D763A16583FBA9E0634898D041F5&key=yt8&kind=asr&lang=pl&variant=ec&fmt=ttml\", \"name\": \"Polish (Original)\", \"impersonate\": true, \"__yt_dlp_client\": \"tv_downgraded\"}, {\"ext\": \"srt\", \"url\": \"https://www.youtube.com/api/timedtext?v=ezv5DuvCk0E&ei=z8xXafHFHv6Z6dsP-9P_uAs&caps=asr&opi=112496729&xoaf=5&xowf=1&xospf=1&hl=en&ip=0.0.0.0&ipbits=0&expire=1767386943&sparams=ip%2Cipbits%2Cexpire%2Cv%2Cei%2Ccaps%2Copi%2Cxoaf&signature=31ACC713C92BF468B0604D892289468DE459EB82.25E594A16AE4D763A16583FBA9E0634898D041F5&key=yt8&kind=asr&lang=pl&variant=ec&fmt=srt\", \"name\": \"Polish (Original)\", \"impersonate\": true, \"__yt_dlp_client\": \"tv_downgraded\"}, {\"ext\": \"vtt\", \"url\": \"https://www.youtube.com/api/timedtext?v=ezv5DuvCk0E&ei=z8xXafHFHv6Z6dsP-9P_uAs&caps=asr&opi=112496729&xoaf=5&xowf=1&xospf=1&hl=en&ip=0.0.0.0&ipbits=0&expire=1767386943&sparams=ip%2Cipbits%2Cexpire%2Cv%2Cei%2Ccaps%2Copi%2Cxoaf&signature=31ACC713C92BF468B0604D892289468DE459EB82.25E594A16AE4D763A16583FBA9E0634898D041F5&key=yt8&kind=asr&lang=pl&variant=ec&fmt=vtt\", \"name\": \"Polish (Original)\", \"impersonate\": true, \"__yt_dlp_client\": \"tv_downgraded\"}], \"pl\": [{\"ext\": \"json3\", \"url\": \"https://www.youtube.com/api/timedtext?v=ezv5DuvCk0E&ei=z8xXafHFHv6Z6dsP-9P_uAs&caps=asr&opi=112496729&xoaf=5&xowf=1&xospf=1&hl=en&ip=0.0.0.0&ipbits=0&expire=1767386943&sparams=ip%2Cipbits%2Cexpire%2Cv%2Cei%2Ccaps%2Copi%2Cxoaf&signature=31ACC713C92BF468B0604D892289468DE459EB82.25E594A16AE4D763A16583FBA9E0634898D041F5&key=yt8&kind=asr&lang=pl&variant=ec&fmt=json3\", \"name\": \"Polish\", \"impersonate\": true, \"__yt_dlp_client\": \"tv_downgraded\"}, {\"ext\": \"srv1\", \"url\": \"https://www.youtube.com/api/timedtext?v=ezv5DuvCk0E&ei=z8xXafHFHv6Z6dsP-9P_uAs&caps=asr&opi=112496729&xoaf=5&xowf=1&xospf=1&hl=en&ip=0.0.0.0&ipbits=0&expire=1767386943&sparams=ip%2Cipbits%2Cexpire%2Cv%2Cei%2Ccaps%2Copi%2Cxoaf&signature=31ACC713C92BF468B0604D892289468DE459EB82.25E594A16AE4D763A16583FBA9E0634898D041F5&key=yt8&kind=asr&lang=pl&variant=ec&fmt=srv1\", \"name\": \"Polish\", \"impersonate\": true, \"__yt_dlp_client\": \"tv_downgraded\"}, {\"ext\": \"srv2\", \"url\": \"https://www.youtube.com/api/timedtext?v=ezv5DuvCk0E&ei=z8xXafHFHv6Z6dsP-9P_uAs&caps=asr&opi=112496729&xoaf=5&xowf=1&xospf=1&hl=en&ip=0.0.0.0&ipbits=0&expire=1767386943&sparams=ip%2Cipbits%2Cexpire%2Cv%2Cei%2Ccaps%2Copi%2Cxoaf&signature=31ACC713C92BF468B0604D892289468DE459EB82.25E594A16AE4D763A16583FBA9E0634898D041F5&key=yt8&kind=asr&lang=pl&variant=ec&fmt=srv2\", \"name\": \"Polish\", \"impersonate\": true, \"__yt_dlp_client\": \"tv_downgraded\"}, {\"ext\": \"srv3\", \"url\": \"https://www.youtube.com/api/timedtext?v=ezv5DuvCk0E&ei=z8xXafHFHv6Z6dsP-9P_uAs&caps=asr&opi=112496729&xoaf=5&xowf=1&xospf=1&hl=en&ip=0.0.0.0&ipbits=0&expire=1767386943&sparams=ip%2Cipbits%2Cexpire%2Cv%2Cei%2Ccaps%2Copi%2Cxoaf&signature=31ACC713C92BF468B0604D892289468DE459EB82.25E594A16AE4D763A16583FBA9E0634898D041F5&key=yt8&kind=asr&lang=pl&variant=ec&fmt=srv3\", \"name\": \"Polish\", \"impersonate\": true, \"__yt_dlp_client\": \"tv_downgraded\"}, {\"ext\": \"ttml\", \"url\": \"https://www.youtube.com/api/timedtext?v=ezv5DuvCk0E&ei=z8xXafHFHv6Z6dsP-9P_uAs&caps=asr&opi=112496729&xoaf=5&xowf=1&xospf=1&hl=en&ip=0.0.0.0&ipbits=0&expire=1767386943&sparams=ip%2Cipbits%2Cexpire%2Cv%2Cei%2Ccaps%2Copi%2Cxoaf&signature=31ACC713C92BF468B0604D892289468DE459EB82.25E594A16AE4D763A16583FBA9E0634898D041F5&key=yt8&kind=asr&lang=pl&variant=ec&fmt=ttml\", \"name\": \"Polish\", \"impersonate\": true, \"__yt_dlp_client\": \"tv_downgraded\"}, {\"ext\": \"srt\", \"url\": \"https://www.youtube.com/api/timedtext?v=ezv5DuvCk0E&ei=z8xXafHFHv6Z6dsP-9P_uAs&caps=asr&opi=112496729&xoaf=5&xowf=1&xospf=1&hl=en&ip=0.0.0.0&ipbits=0&expire=1767386943&sparams=ip%2Cipbits%2Cexpire%2Cv%2Cei%2Ccaps%2Copi%2Cxoaf&signature=31ACC713C92BF468B0604D892289468DE459EB82.25E594A16AE4D763A16583FBA9E0634898D041F5&key=yt8&kind=asr&lang=pl&variant=ec&fmt=srt\", \"name\": \"Polish\", \"impersonate\": true, \"__yt_dlp_client\": \"tv_downgraded\"}, {\"ext\": \"vtt\", \"url\": \"https://www.youtube.com/api/timedtext?v=ezv5DuvCk0E&ei=z8xXafHFHv6Z6dsP-9P_uAs&caps=asr&opi=112496729&xoaf=5&xowf=1&xospf=1&hl=en&ip=0.0.0.0&ipbits=0&expire=1767386943&sparams=ip%2Cipbits%2Cexpire%2Cv%2Cei%2Ccaps%2Copi%2Cxoaf&signature=31ACC713C92BF468B0604D892289468DE459EB82.25E594A16AE4D763A16583FBA9E0634898D041F5&key=yt8&kind=asr&lang=pl&variant=ec&fmt=vtt\", \"name\": \"Polish\", \"impersonate\": true, \"__yt_dlp_client\": \"tv_downgraded\"}], \"pt\": [{\"ext\": \"json3\", \"url\": \"https://www.youtube.com/api/timedtext?v=ezv5DuvCk0E&ei=z8xXafHFHv6Z6dsP-9P_uAs&caps=asr&opi=112496729&xoaf=5&xowf=1&xospf=1&hl=en&ip=0.0.0.0&ipbits=0&expire=1767386943&sparams=ip%2Cipbits%2Cexpire%2Cv%2Cei%2Ccaps%2Copi%2Cxoaf&signature=31ACC713C92BF468B0604D892289468DE459EB82.25E594A16AE4D763A16583FBA9E0634898D041F5&key=yt8&kind=asr&lang=pl&variant=ec&tlang=pt&fmt=json3\", \"name\": \"Portuguese\", \"impersonate\": true, \"__yt_dlp_client\": \"tv_downgraded\"}, {\"ext\": \"srv1\", \"url\": \"https://www.youtube.com/api/timedtext?v=ezv5DuvCk0E&ei=z8xXafHFHv6Z6dsP-9P_uAs&caps=asr&opi=112496729&xoaf=5&xowf=1&xospf=1&hl=en&ip=0.0.0.0&ipbits=0&expire=1767386943&sparams=ip%2Cipbits%2Cexpire%2Cv%2Cei%2Ccaps%2Copi%2Cxoaf&signature=31ACC713C92BF468B0604D892289468DE459EB82.25E594A16AE4D763A16583FBA9E0634898D041F5&key=yt8&kind=asr&lang=pl&variant=ec&tlang=pt&fmt=srv1\", \"name\": \"Portuguese\", \"impersonate\": true, \"__yt_dlp_client\": \"tv_downgraded\"}, {\"ext\": \"srv2\", \"url\": \"https://www.youtube.com/api/timedtext?v=ezv5DuvCk0E&ei=z8xXafHFHv6Z6dsP-9P_uAs&caps=asr&opi=112496729&xoaf=5&xowf=1&xospf=1&hl=en&ip=0.0.0.0&ipbits=0&expire=1767386943&sparams=ip%2Cipbits%2Cexpire%2Cv%2Cei%2Ccaps%2Copi%2Cxoaf&signature=31ACC713C92BF468B0604D892289468DE459EB82.25E594A16AE4D763A16583FBA9E0634898D041F5&key=yt8&kind=asr&lang=pl&variant=ec&tlang=pt&fmt=srv2\", \"name\": \"Portuguese\", \"impersonate\": true, \"__yt_dlp_client\": \"tv_downgraded\"}, {\"ext\": \"srv3\", \"url\": \"https://www.youtube.com/api/timedtext?v=ezv5DuvCk0E&ei=z8xXafHFHv6Z6dsP-9P_uAs&caps=asr&opi=112496729&xoaf=5&xowf=1&xospf=1&hl=en&ip=0.0.0.0&ipbits=0&expire=1767386943&sparams=ip%2Cipbits%2Cexpire%2Cv%2Cei%2Ccaps%2Copi%2Cxoaf&signature=31ACC713C92BF468B0604D892289468DE459EB82.25E594A16AE4D763A16583FBA9E0634898D041F5&key=yt8&kind=asr&lang=pl&variant=ec&tlang=pt&fmt=srv3\", \"name\": \"Portuguese\", \"impersonate\": true, \"__yt_dlp_client\": \"tv_downgraded\"}, {\"ext\": \"ttml\", \"url\": \"https://www.youtube.com/api/timedtext?v=ezv5DuvCk0E&ei=z8xXafHFHv6Z6dsP-9P_uAs&caps=asr&opi=112496729&xoaf=5&xowf=1&xospf=1&hl=en&ip=0.0.0.0&ipbits=0&expire=1767386943&sparams=ip%2Cipbits%2Cexpire%2Cv%2Cei%2Ccaps%2Copi%2Cxoaf&signature=31ACC713C92BF468B0604D892289468DE459EB82.25E594A16AE4D763A16583FBA9E0634898D041F5&key=yt8&kind=asr&lang=pl&variant=ec&tlang=pt&fmt=ttml\", \"name\": \"Portuguese\", \"impersonate\": true, \"__yt_dlp_client\": \"tv_downgraded\"}, {\"ext\": \"srt\", \"url\": \"https://www.youtube.com/api/timedtext?v=ezv5DuvCk0E&ei=z8xXafHFHv6Z6dsP-9P_uAs&caps=asr&opi=112496729&xoaf=5&xowf=1&xospf=1&hl=en&ip=0.0.0.0&ipbits=0&expire=1767386943&sparams=ip%2Cipbits%2Cexpire%2Cv%2Cei%2Ccaps%2Copi%2Cxoaf&signature=31ACC713C92BF468B0604D892289468DE459EB82.25E594A16AE4D763A16583FBA9E0634898D041F5&key=yt8&kind=asr&lang=pl&variant=ec&tlang=pt&fmt=srt\", \"name\": \"Portuguese\", \"impersonate\": true, \"__yt_dlp_client\": \"tv_downgraded\"}, {\"ext\": \"vtt\", \"url\": \"https://www.youtube.com/api/timedtext?v=ezv5DuvCk0E&ei=z8xXafHFHv6Z6dsP-9P_uAs&caps=asr&opi=112496729&xoaf=5&xowf=1&xospf=1&hl=en&ip=0.0.0.0&ipbits=0&expire=1767386943&sparams=ip%2Cipbits%2Cexpire%2Cv%2Cei%2Ccaps%2Copi%2Cxoaf&signature=31ACC713C92BF468B0604D892289468DE459EB82.25E594A16AE4D763A16583FBA9E0634898D041F5&key=yt8&kind=asr&lang=pl&variant=ec&tlang=pt&fmt=vtt\", \"name\": \"Portuguese\", \"impersonate\": true, \"__yt_dlp_client\": \"tv_downgraded\"}], \"pt-PT\": [{\"ext\": \"json3\", \"url\": \"https://www.youtube.com/api/timedtext?v=ezv5DuvCk0E&ei=z8xXafHFHv6Z6dsP-9P_uAs&caps=asr&opi=112496729&xoaf=5&xowf=1&xospf=1&hl=en&ip=0.0.0.0&ipbits=0&expire=1767386943&sparams=ip%2Cipbits%2Cexpire%2Cv%2Cei%2Ccaps%2Copi%2Cxoaf&signature=31ACC713C92BF468B0604D892289468DE459EB82.25E594A16AE4D763A16583FBA9E0634898D041F5&key=yt8&kind=asr&lang=pl&variant=ec&tlang=pt-PT&fmt=json3\", \"name\": \"Portuguese (Portugal)\", \"impersonate\": true, \"__yt_dlp_client\": \"tv_downgraded\"}, {\"ext\": \"srv1\", \"url\": \"https://www.youtube.com/api/timedtext?v=ezv5DuvCk0E&ei=z8xXafHFHv6Z6dsP-9P_uAs&caps=asr&opi=112496729&xoaf=5&xowf=1&xospf=1&hl=en&ip=0.0.0.0&ipbits=0&expire=1767386943&sparams=ip%2Cipbits%2Cexpire%2Cv%2Cei%2Ccaps%2Copi%2Cxoaf&signature=31ACC713C92BF468B0604D892289468DE459EB82.25E594A16AE4D763A16583FBA9E0634898D041F5&key=yt8&kind=asr&lang=pl&variant=ec&tlang=pt-PT&fmt=srv1\", \"name\": \"Portuguese (Portugal)\", \"impersonate\": true, \"__yt_dlp_client\": \"tv_downgraded\"}, {\"ext\": \"srv2\", \"url\": \"https://www.youtube.com/api/timedtext?v=ezv5DuvCk0E&ei=z8xXafHFHv6Z6dsP-9P_uAs&caps=asr&opi=112496729&xoaf=5&xowf=1&xospf=1&hl=en&ip=0.0.0.0&ipbits=0&expire=1767386943&sparams=ip%2Cipbits%2Cexpire%2Cv%2Cei%2Ccaps%2Copi%2Cxoaf&signature=31ACC713C92BF468B0604D892289468DE459EB82.25E594A16AE4D763A16583FBA9E0634898D041F5&key=yt8&kind=asr&lang=pl&variant=ec&tlang=pt-PT&fmt=srv2\", \"name\": \"Portuguese (Portugal)\", \"impersonate\": true, \"__yt_dlp_client\": \"tv_downgraded\"}, {\"ext\": \"srv3\", \"url\": \"https://www.youtube.com/api/timedtext?v=ezv5DuvCk0E&ei=z8xXafHFHv6Z6dsP-9P_uAs&caps=asr&opi=112496729&xoaf=5&xowf=1&xospf=1&hl=en&ip=0.0.0.0&ipbits=0&expire=1767386943&sparams=ip%2Cipbits%2Cexpire%2Cv%2Cei%2Ccaps%2Copi%2Cxoaf&signature=31ACC713C92BF468B0604D892289468DE459EB82.25E594A16AE4D763A16583FBA9E0634898D041F5&key=yt8&kind=asr&lang=pl&variant=ec&tlang=pt-PT&fmt=srv3\", \"name\": \"Portuguese (Portugal)\", \"impersonate\": true, \"__yt_dlp_client\": \"tv_downgraded\"}, {\"ext\": \"ttml\", \"url\": \"https://www.youtube.com/api/timedtext?v=ezv5DuvCk0E&ei=z8xXafHFHv6Z6dsP-9P_uAs&caps=asr&opi=112496729&xoaf=5&xowf=1&xospf=1&hl=en&ip=0.0.0.0&ipbits=0&expire=1767386943&sparams=ip%2Cipbits%2Cexpire%2Cv%2Cei%2Ccaps%2Copi%2Cxoaf&signature=31ACC713C92BF468B0604D892289468DE459EB82.25E594A16AE4D763A16583FBA9E0634898D041F5&key=yt8&kind=asr&lang=pl&variant=ec&tlang=pt-PT&fmt=ttml\", \"name\": \"Portuguese (Portugal)\", \"impersonate\": true, \"__yt_dlp_client\": \"tv_downgraded\"}, {\"ext\": \"srt\", \"url\": \"https://www.youtube.com/api/timedtext?v=ezv5DuvCk0E&ei=z8xXafHFHv6Z6dsP-9P_uAs&caps=asr&opi=112496729&xoaf=5&xowf=1&xospf=1&hl=en&ip=0.0.0.0&ipbits=0&expire=1767386943&sparams=ip%2Cipbits%2Cexpire%2Cv%2Cei%2Ccaps%2Copi%2Cxoaf&signature=31ACC713C92BF468B0604D892289468DE459EB82.25E594A16AE4D763A16583FBA9E0634898D041F5&key=yt8&kind=asr&lang=pl&variant=ec&tlang=pt-PT&fmt=srt\", \"name\": \"Portuguese (Portugal)\", \"impersonate\": true, \"__yt_dlp_client\": \"tv_downgraded\"}, {\"ext\": \"vtt\", \"url\": \"https://www.youtube.com/api/timedtext?v=ezv5DuvCk0E&ei=z8xXafHFHv6Z6dsP-9P_uAs&caps=asr&opi=112496729&xoaf=5&xowf=1&xospf=1&hl=en&ip=0.0.0.0&ipbits=0&expire=1767386943&sparams=ip%2Cipbits%2Cexpire%2Cv%2Cei%2Ccaps%2Copi%2Cxoaf&signature=31ACC713C92BF468B0604D892289468DE459EB82.25E594A16AE4D763A16583FBA9E0634898D041F5&key=yt8&kind=asr&lang=pl&variant=ec&tlang=pt-PT&fmt=vtt\", \"name\": \"Portuguese (Portugal)\", \"impersonate\": true, \"__yt_dlp_client\": \"tv_downgraded\"}], \"pa\": [{\"ext\": \"json3\", \"url\": \"https://www.youtube.com/api/timedtext?v=ezv5DuvCk0E&ei=z8xXafHFHv6Z6dsP-9P_uAs&caps=asr&opi=112496729&xoaf=5&xowf=1&xospf=1&hl=en&ip=0.0.0.0&ipbits=0&expire=1767386943&sparams=ip%2Cipbits%2Cexpire%2Cv%2Cei%2Ccaps%2Copi%2Cxoaf&signature=31ACC713C92BF468B0604D892289468DE459EB82.25E594A16AE4D763A16583FBA9E0634898D041F5&key=yt8&kind=asr&lang=pl&variant=ec&tlang=pa&fmt=json3\", \"name\": \"Punjabi\", \"impersonate\": true, \"__yt_dlp_client\": \"tv_downgraded\"}, {\"ext\": \"srv1\", \"url\": \"https://www.youtube.com/api/timedtext?v=ezv5DuvCk0E&ei=z8xXafHFHv6Z6dsP-9P_uAs&caps=asr&opi=112496729&xoaf=5&xowf=1&xospf=1&hl=en&ip=0.0.0.0&ipbits=0&expire=1767386943&sparams=ip%2Cipbits%2Cexpire%2Cv%2Cei%2Ccaps%2Copi%2Cxoaf&signature=31ACC713C92BF468B0604D892289468DE459EB82.25E594A16AE4D763A16583FBA9E0634898D041F5&key=yt8&kind=asr&lang=pl&variant=ec&tlang=pa&fmt=srv1\", \"name\": \"Punjabi\", \"impersonate\": true, \"__yt_dlp_client\": \"tv_downgraded\"}, {\"ext\": \"srv2\", \"url\": \"https://www.youtube.com/api/timedtext?v=ezv5DuvCk0E&ei=z8xXafHFHv6Z6dsP-9P_uAs&caps=asr&opi=112496729&xoaf=5&xowf=1&xospf=1&hl=en&ip=0.0.0.0&ipbits=0&expire=1767386943&sparams=ip%2Cipbits%2Cexpire%2Cv%2Cei%2Ccaps%2Copi%2Cxoaf&signature=31ACC713C92BF468B0604D892289468DE459EB82.25E594A16AE4D763A16583FBA9E0634898D041F5&key=yt8&kind=asr&lang=pl&variant=ec&tlang=pa&fmt=srv2\", \"name\": \"Punjabi\", \"impersonate\": true, \"__yt_dlp_client\": \"tv_downgraded\"}, {\"ext\": \"srv3\", \"url\": \"https://www.youtube.com/api/timedtext?v=ezv5DuvCk0E&ei=z8xXafHFHv6Z6dsP-9P_uAs&caps=asr&opi=112496729&xoaf=5&xowf=1&xospf=1&hl=en&ip=0.0.0.0&ipbits=0&expire=1767386943&sparams=ip%2Cipbits%2Cexpire%2Cv%2Cei%2Ccaps%2Copi%2Cxoaf&signature=31ACC713C92BF468B0604D892289468DE459EB82.25E594A16AE4D763A16583FBA9E0634898D041F5&key=yt8&kind=asr&lang=pl&variant=ec&tlang=pa&fmt=srv3\", \"name\": \"Punjabi\", \"impersonate\": true, \"__yt_dlp_client\": \"tv_downgraded\"}, {\"ext\": \"ttml\", \"url\": \"https://www.youtube.com/api/timedtext?v=ezv5DuvCk0E&ei=z8xXafHFHv6Z6dsP-9P_uAs&caps=asr&opi=112496729&xoaf=5&xowf=1&xospf=1&hl=en&ip=0.0.0.0&ipbits=0&expire=1767386943&sparams=ip%2Cipbits%2Cexpire%2Cv%2Cei%2Ccaps%2Copi%2Cxoaf&signature=31ACC713C92BF468B0604D892289468DE459EB82.25E594A16AE4D763A16583FBA9E0634898D041F5&key=yt8&kind=asr&lang=pl&variant=ec&tlang=pa&fmt=ttml\", \"name\": \"Punjabi\", \"impersonate\": true, \"__yt_dlp_client\": \"tv_downgraded\"}, {\"ext\": \"srt\", \"url\": \"https://www.youtube.com/api/timedtext?v=ezv5DuvCk0E&ei=z8xXafHFHv6Z6dsP-9P_uAs&caps=asr&opi=112496729&xoaf=5&xowf=1&xospf=1&hl=en&ip=0.0.0.0&ipbits=0&expire=1767386943&sparams=ip%2Cipbits%2Cexpire%2Cv%2Cei%2Ccaps%2Copi%2Cxoaf&signature=31ACC713C92BF468B0604D892289468DE459EB82.25E594A16AE4D763A16583FBA9E0634898D041F5&key=yt8&kind=asr&lang=pl&variant=ec&tlang=pa&fmt=srt\", \"name\": \"Punjabi\", \"impersonate\": true, \"__yt_dlp_client\": \"tv_downgraded\"}, {\"ext\": \"vtt\", \"url\": \"https://www.youtube.com/api/timedtext?v=ezv5DuvCk0E&ei=z8xXafHFHv6Z6dsP-9P_uAs&caps=asr&opi=112496729&xoaf=5&xowf=1&xospf=1&hl=en&ip=0.0.0.0&ipbits=0&expire=1767386943&sparams=ip%2Cipbits%2Cexpire%2Cv%2Cei%2Ccaps%2Copi%2Cxoaf&signature=31ACC713C92BF468B0604D892289468DE459EB82.25E594A16AE4D763A16583FBA9E0634898D041F5&key=yt8&kind=asr&lang=pl&variant=ec&tlang=pa&fmt=vtt\", \"name\": \"Punjabi\", \"impersonate\": true, \"__yt_dlp_client\": \"tv_downgraded\"}], \"qu\": [{\"ext\": \"json3\", \"url\": \"https://www.youtube.com/api/timedtext?v=ezv5DuvCk0E&ei=z8xXafHFHv6Z6dsP-9P_uAs&caps=asr&opi=112496729&xoaf=5&xowf=1&xospf=1&hl=en&ip=0.0.0.0&ipbits=0&expire=1767386943&sparams=ip%2Cipbits%2Cexpire%2Cv%2Cei%2Ccaps%2Copi%2Cxoaf&signature=31ACC713C92BF468B0604D892289468DE459EB82.25E594A16AE4D763A16583FBA9E0634898D041F5&key=yt8&kind=asr&lang=pl&variant=ec&tlang=qu&fmt=json3\", \"name\": \"Quechua\", \"impersonate\": true, \"__yt_dlp_client\": \"tv_downgraded\"}, {\"ext\": \"srv1\", \"url\": \"https://www.youtube.com/api/timedtext?v=ezv5DuvCk0E&ei=z8xXafHFHv6Z6dsP-9P_uAs&caps=asr&opi=112496729&xoaf=5&xowf=1&xospf=1&hl=en&ip=0.0.0.0&ipbits=0&expire=1767386943&sparams=ip%2Cipbits%2Cexpire%2Cv%2Cei%2Ccaps%2Copi%2Cxoaf&signature=31ACC713C92BF468B0604D892289468DE459EB82.25E594A16AE4D763A16583FBA9E0634898D041F5&key=yt8&kind=asr&lang=pl&variant=ec&tlang=qu&fmt=srv1\", \"name\": \"Quechua\", \"impersonate\": true, \"__yt_dlp_client\": \"tv_downgraded\"}, {\"ext\": \"srv2\", \"url\": \"https://www.youtube.com/api/timedtext?v=ezv5DuvCk0E&ei=z8xXafHFHv6Z6dsP-9P_uAs&caps=asr&opi=112496729&xoaf=5&xowf=1&xospf=1&hl=en&ip=0.0.0.0&ipbits=0&expire=1767386943&sparams=ip%2Cipbits%2Cexpire%2Cv%2Cei%2Ccaps%2Copi%2Cxoaf&signature=31ACC713C92BF468B0604D892289468DE459EB82.25E594A16AE4D763A16583FBA9E0634898D041F5&key=yt8&kind=asr&lang=pl&variant=ec&tlang=qu&fmt=srv2\", \"name\": \"Quechua\", \"impersonate\": true, \"__yt_dlp_client\": \"tv_downgraded\"}, {\"ext\": \"srv3\", \"url\": \"https://www.youtube.com/api/timedtext?v=ezv5DuvCk0E&ei=z8xXafHFHv6Z6dsP-9P_uAs&caps=asr&opi=112496729&xoaf=5&xowf=1&xospf=1&hl=en&ip=0.0.0.0&ipbits=0&expire=1767386943&sparams=ip%2Cipbits%2Cexpire%2Cv%2Cei%2Ccaps%2Copi%2Cxoaf&signature=31ACC713C92BF468B0604D892289468DE459EB82.25E594A16AE4D763A16583FBA9E0634898D041F5&key=yt8&kind=asr&lang=pl&variant=ec&tlang=qu&fmt=srv3\", \"name\": \"Quechua\", \"impersonate\": true, \"__yt_dlp_client\": \"tv_downgraded\"}, {\"ext\": \"ttml\", \"url\": \"https://www.youtube.com/api/timedtext?v=ezv5DuvCk0E&ei=z8xXafHFHv6Z6dsP-9P_uAs&caps=asr&opi=112496729&xoaf=5&xowf=1&xospf=1&hl=en&ip=0.0.0.0&ipbits=0&expire=1767386943&sparams=ip%2Cipbits%2Cexpire%2Cv%2Cei%2Ccaps%2Copi%2Cxoaf&signature=31ACC713C92BF468B0604D892289468DE459EB82.25E594A16AE4D763A16583FBA9E0634898D041F5&key=yt8&kind=asr&lang=pl&variant=ec&tlang=qu&fmt=ttml\", \"name\": \"Quechua\", \"impersonate\": true, \"__yt_dlp_client\": \"tv_downgraded\"}, {\"ext\": \"srt\", \"url\": \"https://www.youtube.com/api/timedtext?v=ezv5DuvCk0E&ei=z8xXafHFHv6Z6dsP-9P_uAs&caps=asr&opi=112496729&xoaf=5&xowf=1&xospf=1&hl=en&ip=0.0.0.0&ipbits=0&expire=1767386943&sparams=ip%2Cipbits%2Cexpire%2Cv%2Cei%2Ccaps%2Copi%2Cxoaf&signature=31ACC713C92BF468B0604D892289468DE459EB82.25E594A16AE4D763A16583FBA9E0634898D041F5&key=yt8&kind=asr&lang=pl&variant=ec&tlang=qu&fmt=srt\", \"name\": \"Quechua\", \"impersonate\": true, \"__yt_dlp_client\": \"tv_downgraded\"}, {\"ext\": \"vtt\", \"url\": \"https://www.youtube.com/api/timedtext?v=ezv5DuvCk0E&ei=z8xXafHFHv6Z6dsP-9P_uAs&caps=asr&opi=112496729&xoaf=5&xowf=1&xospf=1&hl=en&ip=0.0.0.0&ipbits=0&expire=1767386943&sparams=ip%2Cipbits%2Cexpire%2Cv%2Cei%2Ccaps%2Copi%2Cxoaf&signature=31ACC713C92BF468B0604D892289468DE459EB82.25E594A16AE4D763A16583FBA9E0634898D041F5&key=yt8&kind=asr&lang=pl&variant=ec&tlang=qu&fmt=vtt\", \"name\": \"Quechua\", \"impersonate\": true, \"__yt_dlp_client\": \"tv_downgraded\"}], \"ro\": [{\"ext\": \"json3\", \"url\": \"https://www.youtube.com/api/timedtext?v=ezv5DuvCk0E&ei=z8xXafHFHv6Z6dsP-9P_uAs&caps=asr&opi=112496729&xoaf=5&xowf=1&xospf=1&hl=en&ip=0.0.0.0&ipbits=0&expire=1767386943&sparams=ip%2Cipbits%2Cexpire%2Cv%2Cei%2Ccaps%2Copi%2Cxoaf&signature=31ACC713C92BF468B0604D892289468DE459EB82.25E594A16AE4D763A16583FBA9E0634898D041F5&key=yt8&kind=asr&lang=pl&variant=ec&tlang=ro&fmt=json3\", \"name\": \"Romanian\", \"impersonate\": true, \"__yt_dlp_client\": \"tv_downgraded\"}, {\"ext\": \"srv1\", \"url\": \"https://www.youtube.com/api/timedtext?v=ezv5DuvCk0E&ei=z8xXafHFHv6Z6dsP-9P_uAs&caps=asr&opi=112496729&xoaf=5&xowf=1&xospf=1&hl=en&ip=0.0.0.0&ipbits=0&expire=1767386943&sparams=ip%2Cipbits%2Cexpire%2Cv%2Cei%2Ccaps%2Copi%2Cxoaf&signature=31ACC713C92BF468B0604D892289468DE459EB82.25E594A16AE4D763A16583FBA9E0634898D041F5&key=yt8&kind=asr&lang=pl&variant=ec&tlang=ro&fmt=srv1\", \"name\": \"Romanian\", \"impersonate\": true, \"__yt_dlp_client\": \"tv_downgraded\"}, {\"ext\": \"srv2\", \"url\": \"https://www.youtube.com/api/timedtext?v=ezv5DuvCk0E&ei=z8xXafHFHv6Z6dsP-9P_uAs&caps=asr&opi=112496729&xoaf=5&xowf=1&xospf=1&hl=en&ip=0.0.0.0&ipbits=0&expire=1767386943&sparams=ip%2Cipbits%2Cexpire%2Cv%2Cei%2Ccaps%2Copi%2Cxoaf&signature=31ACC713C92BF468B0604D892289468DE459EB82.25E594A16AE4D763A16583FBA9E0634898D041F5&key=yt8&kind=asr&lang=pl&variant=ec&tlang=ro&fmt=srv2\", \"name\": \"Romanian\", \"impersonate\": true, \"__yt_dlp_client\": \"tv_downgraded\"}, {\"ext\": \"srv3\", \"url\": \"https://www.youtube.com/api/timedtext?v=ezv5DuvCk0E&ei=z8xXafHFHv6Z6dsP-9P_uAs&caps=asr&opi=112496729&xoaf=5&xowf=1&xospf=1&hl=en&ip=0.0.0.0&ipbits=0&expire=1767386943&sparams=ip%2Cipbits%2Cexpire%2Cv%2Cei%2Ccaps%2Copi%2Cxoaf&signature=31ACC713C92BF468B0604D892289468DE459EB82.25E594A16AE4D763A16583FBA9E0634898D041F5&key=yt8&kind=asr&lang=pl&variant=ec&tlang=ro&fmt=srv3\", \"name\": \"Romanian\", \"impersonate\": true, \"__yt_dlp_client\": \"tv_downgraded\"}, {\"ext\": \"ttml\", \"url\": \"https://www.youtube.com/api/timedtext?v=ezv5DuvCk0E&ei=z8xXafHFHv6Z6dsP-9P_uAs&caps=asr&opi=112496729&xoaf=5&xowf=1&xospf=1&hl=en&ip=0.0.0.0&ipbits=0&expire=1767386943&sparams=ip%2Cipbits%2Cexpire%2Cv%2Cei%2Ccaps%2Copi%2Cxoaf&signature=31ACC713C92BF468B0604D892289468DE459EB82.25E594A16AE4D763A16583FBA9E0634898D041F5&key=yt8&kind=asr&lang=pl&variant=ec&tlang=ro&fmt=ttml\", \"name\": \"Romanian\", \"impersonate\": true, \"__yt_dlp_client\": \"tv_downgraded\"}, {\"ext\": \"srt\", \"url\": \"https://www.youtube.com/api/timedtext?v=ezv5DuvCk0E&ei=z8xXafHFHv6Z6dsP-9P_uAs&caps=asr&opi=112496729&xoaf=5&xowf=1&xospf=1&hl=en&ip=0.0.0.0&ipbits=0&expire=1767386943&sparams=ip%2Cipbits%2Cexpire%2Cv%2Cei%2Ccaps%2Copi%2Cxoaf&signature=31ACC713C92BF468B0604D892289468DE459EB82.25E594A16AE4D763A16583FBA9E0634898D041F5&key=yt8&kind=asr&lang=pl&variant=ec&tlang=ro&fmt=srt\", \"name\": \"Romanian\", \"impersonate\": true, \"__yt_dlp_client\": \"tv_downgraded\"}, {\"ext\": \"vtt\", \"url\": \"https://www.youtube.com/api/timedtext?v=ezv5DuvCk0E&ei=z8xXafHFHv6Z6dsP-9P_uAs&caps=asr&opi=112496729&xoaf=5&xowf=1&xospf=1&hl=en&ip=0.0.0.0&ipbits=0&expire=1767386943&sparams=ip%2Cipbits%2Cexpire%2Cv%2Cei%2Ccaps%2Copi%2Cxoaf&signature=31ACC713C92BF468B0604D892289468DE459EB82.25E594A16AE4D763A16583FBA9E0634898D041F5&key=yt8&kind=asr&lang=pl&variant=ec&tlang=ro&fmt=vtt\", \"name\": \"Romanian\", \"impersonate\": true, \"__yt_dlp_client\": \"tv_downgraded\"}], \"rn\": [{\"ext\": \"json3\", \"url\": \"https://www.youtube.com/api/timedtext?v=ezv5DuvCk0E&ei=z8xXafHFHv6Z6dsP-9P_uAs&caps=asr&opi=112496729&xoaf=5&xowf=1&xospf=1&hl=en&ip=0.0.0.0&ipbits=0&expire=1767386943&sparams=ip%2Cipbits%2Cexpire%2Cv%2Cei%2Ccaps%2Copi%2Cxoaf&signature=31ACC713C92BF468B0604D892289468DE459EB82.25E594A16AE4D763A16583FBA9E0634898D041F5&key=yt8&kind=asr&lang=pl&variant=ec&tlang=rn&fmt=json3\", \"name\": \"Rundi\", \"impersonate\": true, \"__yt_dlp_client\": \"tv_downgraded\"}, {\"ext\": \"srv1\", \"url\": \"https://www.youtube.com/api/timedtext?v=ezv5DuvCk0E&ei=z8xXafHFHv6Z6dsP-9P_uAs&caps=asr&opi=112496729&xoaf=5&xowf=1&xospf=1&hl=en&ip=0.0.0.0&ipbits=0&expire=1767386943&sparams=ip%2Cipbits%2Cexpire%2Cv%2Cei%2Ccaps%2Copi%2Cxoaf&signature=31ACC713C92BF468B0604D892289468DE459EB82.25E594A16AE4D763A16583FBA9E0634898D041F5&key=yt8&kind=asr&lang=pl&variant=ec&tlang=rn&fmt=srv1\", \"name\": \"Rundi\", \"impersonate\": true, \"__yt_dlp_client\": \"tv_downgraded\"}, {\"ext\": \"srv2\", \"url\": \"https://www.youtube.com/api/timedtext?v=ezv5DuvCk0E&ei=z8xXafHFHv6Z6dsP-9P_uAs&caps=asr&opi=112496729&xoaf=5&xowf=1&xospf=1&hl=en&ip=0.0.0.0&ipbits=0&expire=1767386943&sparams=ip%2Cipbits%2Cexpire%2Cv%2Cei%2Ccaps%2Copi%2Cxoaf&signature=31ACC713C92BF468B0604D892289468DE459EB82.25E594A16AE4D763A16583FBA9E0634898D041F5&key=yt8&kind=asr&lang=pl&variant=ec&tlang=rn&fmt=srv2\", \"name\": \"Rundi\", \"impersonate\": true, \"__yt_dlp_client\": \"tv_downgraded\"}, {\"ext\": \"srv3\", \"url\": \"https://www.youtube.com/api/timedtext?v=ezv5DuvCk0E&ei=z8xXafHFHv6Z6dsP-9P_uAs&caps=asr&opi=112496729&xoaf=5&xowf=1&xospf=1&hl=en&ip=0.0.0.0&ipbits=0&expire=1767386943&sparams=ip%2Cipbits%2Cexpire%2Cv%2Cei%2Ccaps%2Copi%2Cxoaf&signature=31ACC713C92BF468B0604D892289468DE459EB82.25E594A16AE4D763A16583FBA9E0634898D041F5&key=yt8&kind=asr&lang=pl&variant=ec&tlang=rn&fmt=srv3\", \"name\": \"Rundi\", \"impersonate\": true, \"__yt_dlp_client\": \"tv_downgraded\"}, {\"ext\": \"ttml\", \"url\": \"https://www.youtube.com/api/timedtext?v=ezv5DuvCk0E&ei=z8xXafHFHv6Z6dsP-9P_uAs&caps=asr&opi=112496729&xoaf=5&xowf=1&xospf=1&hl=en&ip=0.0.0.0&ipbits=0&expire=1767386943&sparams=ip%2Cipbits%2Cexpire%2Cv%2Cei%2Ccaps%2Copi%2Cxoaf&signature=31ACC713C92BF468B0604D892289468DE459EB82.25E594A16AE4D763A16583FBA9E0634898D041F5&key=yt8&kind=asr&lang=pl&variant=ec&tlang=rn&fmt=ttml\", \"name\": \"Rundi\", \"impersonate\": true, \"__yt_dlp_client\": \"tv_downgraded\"}, {\"ext\": \"srt\", \"url\": \"https://www.youtube.com/api/timedtext?v=ezv5DuvCk0E&ei=z8xXafHFHv6Z6dsP-9P_uAs&caps=asr&opi=112496729&xoaf=5&xowf=1&xospf=1&hl=en&ip=0.0.0.0&ipbits=0&expire=1767386943&sparams=ip%2Cipbits%2Cexpire%2Cv%2Cei%2Ccaps%2Copi%2Cxoaf&signature=31ACC713C92BF468B0604D892289468DE459EB82.25E594A16AE4D763A16583FBA9E0634898D041F5&key=yt8&kind=asr&lang=pl&variant=ec&tlang=rn&fmt=srt\", \"name\": \"Rundi\", \"impersonate\": true, \"__yt_dlp_client\": \"tv_downgraded\"}, {\"ext\": \"vtt\", \"url\": \"https://www.youtube.com/api/timedtext?v=ezv5DuvCk0E&ei=z8xXafHFHv6Z6dsP-9P_uAs&caps=asr&opi=112496729&xoaf=5&xowf=1&xospf=1&hl=en&ip=0.0.0.0&ipbits=0&expire=1767386943&sparams=ip%2Cipbits%2Cexpire%2Cv%2Cei%2Ccaps%2Copi%2Cxoaf&signature=31ACC713C92BF468B0604D892289468DE459EB82.25E594A16AE4D763A16583FBA9E0634898D041F5&key=yt8&kind=asr&lang=pl&variant=ec&tlang=rn&fmt=vtt\", \"name\": \"Rundi\", \"impersonate\": true, \"__yt_dlp_client\": \"tv_downgraded\"}], \"ru\": [{\"ext\": \"json3\", \"url\": \"https://www.youtube.com/api/timedtext?v=ezv5DuvCk0E&ei=z8xXafHFHv6Z6dsP-9P_uAs&caps=asr&opi=112496729&xoaf=5&xowf=1&xospf=1&hl=en&ip=0.0.0.0&ipbits=0&expire=1767386943&sparams=ip%2Cipbits%2Cexpire%2Cv%2Cei%2Ccaps%2Copi%2Cxoaf&signature=31ACC713C92BF468B0604D892289468DE459EB82.25E594A16AE4D763A16583FBA9E0634898D041F5&key=yt8&kind=asr&lang=pl&variant=ec&tlang=ru&fmt=json3\", \"name\": \"Russian\", \"impersonate\": true, \"__yt_dlp_client\": \"tv_downgraded\"}, {\"ext\": \"srv1\", \"url\": \"https://www.youtube.com/api/timedtext?v=ezv5DuvCk0E&ei=z8xXafHFHv6Z6dsP-9P_uAs&caps=asr&opi=112496729&xoaf=5&xowf=1&xospf=1&hl=en&ip=0.0.0.0&ipbits=0&expire=1767386943&sparams=ip%2Cipbits%2Cexpire%2Cv%2Cei%2Ccaps%2Copi%2Cxoaf&signature=31ACC713C92BF468B0604D892289468DE459EB82.25E594A16AE4D763A16583FBA9E0634898D041F5&key=yt8&kind=asr&lang=pl&variant=ec&tlang=ru&fmt=srv1\", \"name\": \"Russian\", \"impersonate\": true, \"__yt_dlp_client\": \"tv_downgraded\"}, {\"ext\": \"srv2\", \"url\": \"https://www.youtube.com/api/timedtext?v=ezv5DuvCk0E&ei=z8xXafHFHv6Z6dsP-9P_uAs&caps=asr&opi=112496729&xoaf=5&xowf=1&xospf=1&hl=en&ip=0.0.0.0&ipbits=0&expire=1767386943&sparams=ip%2Cipbits%2Cexpire%2Cv%2Cei%2Ccaps%2Copi%2Cxoaf&signature=31ACC713C92BF468B0604D892289468DE459EB82.25E594A16AE4D763A16583FBA9E0634898D041F5&key=yt8&kind=asr&lang=pl&variant=ec&tlang=ru&fmt=srv2\", \"name\": \"Russian\", \"impersonate\": true, \"__yt_dlp_client\": \"tv_downgraded\"}, {\"ext\": \"srv3\", \"url\": \"https://www.youtube.com/api/timedtext?v=ezv5DuvCk0E&ei=z8xXafHFHv6Z6dsP-9P_uAs&caps=asr&opi=112496729&xoaf=5&xowf=1&xospf=1&hl=en&ip=0.0.0.0&ipbits=0&expire=1767386943&sparams=ip%2Cipbits%2Cexpire%2Cv%2Cei%2Ccaps%2Copi%2Cxoaf&signature=31ACC713C92BF468B0604D892289468DE459EB82.25E594A16AE4D763A16583FBA9E0634898D041F5&key=yt8&kind=asr&lang=pl&variant=ec&tlang=ru&fmt=srv3\", \"name\": \"Russian\", \"impersonate\": true, \"__yt_dlp_client\": \"tv_downgraded\"}, {\"ext\": \"ttml\", \"url\": \"https://www.youtube.com/api/timedtext?v=ezv5DuvCk0E&ei=z8xXafHFHv6Z6dsP-9P_uAs&caps=asr&opi=112496729&xoaf=5&xowf=1&xospf=1&hl=en&ip=0.0.0.0&ipbits=0&expire=1767386943&sparams=ip%2Cipbits%2Cexpire%2Cv%2Cei%2Ccaps%2Copi%2Cxoaf&signature=31ACC713C92BF468B0604D892289468DE459EB82.25E594A16AE4D763A16583FBA9E0634898D041F5&key=yt8&kind=asr&lang=pl&variant=ec&tlang=ru&fmt=ttml\", \"name\": \"Russian\", \"impersonate\": true, \"__yt_dlp_client\": \"tv_downgraded\"}, {\"ext\": \"srt\", \"url\": \"https://www.youtube.com/api/timedtext?v=ezv5DuvCk0E&ei=z8xXafHFHv6Z6dsP-9P_uAs&caps=asr&opi=112496729&xoaf=5&xowf=1&xospf=1&hl=en&ip=0.0.0.0&ipbits=0&expire=1767386943&sparams=ip%2Cipbits%2Cexpire%2Cv%2Cei%2Ccaps%2Copi%2Cxoaf&signature=31ACC713C92BF468B0604D892289468DE459EB82.25E594A16AE4D763A16583FBA9E0634898D041F5&key=yt8&kind=asr&lang=pl&variant=ec&tlang=ru&fmt=srt\", \"name\": \"Russian\", \"impersonate\": true, \"__yt_dlp_client\": \"tv_downgraded\"}, {\"ext\": \"vtt\", \"url\": \"https://www.youtube.com/api/timedtext?v=ezv5DuvCk0E&ei=z8xXafHFHv6Z6dsP-9P_uAs&caps=asr&opi=112496729&xoaf=5&xowf=1&xospf=1&hl=en&ip=0.0.0.0&ipbits=0&expire=1767386943&sparams=ip%2Cipbits%2Cexpire%2Cv%2Cei%2Ccaps%2Copi%2Cxoaf&signature=31ACC713C92BF468B0604D892289468DE459EB82.25E594A16AE4D763A16583FBA9E0634898D041F5&key=yt8&kind=asr&lang=pl&variant=ec&tlang=ru&fmt=vtt\", \"name\": \"Russian\", \"impersonate\": true, \"__yt_dlp_client\": \"tv_downgraded\"}], \"sm\": [{\"ext\": \"json3\", \"url\": \"https://www.youtube.com/api/timedtext?v=ezv5DuvCk0E&ei=z8xXafHFHv6Z6dsP-9P_uAs&caps=asr&opi=112496729&xoaf=5&xowf=1&xospf=1&hl=en&ip=0.0.0.0&ipbits=0&expire=1767386943&sparams=ip%2Cipbits%2Cexpire%2Cv%2Cei%2Ccaps%2Copi%2Cxoaf&signature=31ACC713C92BF468B0604D892289468DE459EB82.25E594A16AE4D763A16583FBA9E0634898D041F5&key=yt8&kind=asr&lang=pl&variant=ec&tlang=sm&fmt=json3\", \"name\": \"Samoan\", \"impersonate\": true, \"__yt_dlp_client\": \"tv_downgraded\"}, {\"ext\": \"srv1\", \"url\": \"https://www.youtube.com/api/timedtext?v=ezv5DuvCk0E&ei=z8xXafHFHv6Z6dsP-9P_uAs&caps=asr&opi=112496729&xoaf=5&xowf=1&xospf=1&hl=en&ip=0.0.0.0&ipbits=0&expire=1767386943&sparams=ip%2Cipbits%2Cexpire%2Cv%2Cei%2Ccaps%2Copi%2Cxoaf&signature=31ACC713C92BF468B0604D892289468DE459EB82.25E594A16AE4D763A16583FBA9E0634898D041F5&key=yt8&kind=asr&lang=pl&variant=ec&tlang=sm&fmt=srv1\", \"name\": \"Samoan\", \"impersonate\": true, \"__yt_dlp_client\": \"tv_downgraded\"}, {\"ext\": \"srv2\", \"url\": \"https://www.youtube.com/api/timedtext?v=ezv5DuvCk0E&ei=z8xXafHFHv6Z6dsP-9P_uAs&caps=asr&opi=112496729&xoaf=5&xowf=1&xospf=1&hl=en&ip=0.0.0.0&ipbits=0&expire=1767386943&sparams=ip%2Cipbits%2Cexpire%2Cv%2Cei%2Ccaps%2Copi%2Cxoaf&signature=31ACC713C92BF468B0604D892289468DE459EB82.25E594A16AE4D763A16583FBA9E0634898D041F5&key=yt8&kind=asr&lang=pl&variant=ec&tlang=sm&fmt=srv2\", \"name\": \"Samoan\", \"impersonate\": true, \"__yt_dlp_client\": \"tv_downgraded\"}, {\"ext\": \"srv3\", \"url\": \"https://www.youtube.com/api/timedtext?v=ezv5DuvCk0E&ei=z8xXafHFHv6Z6dsP-9P_uAs&caps=asr&opi=112496729&xoaf=5&xowf=1&xospf=1&hl=en&ip=0.0.0.0&ipbits=0&expire=1767386943&sparams=ip%2Cipbits%2Cexpire%2Cv%2Cei%2Ccaps%2Copi%2Cxoaf&signature=31ACC713C92BF468B0604D892289468DE459EB82.25E594A16AE4D763A16583FBA9E0634898D041F5&key=yt8&kind=asr&lang=pl&variant=ec&tlang=sm&fmt=srv3\", \"name\": \"Samoan\", \"impersonate\": true, \"__yt_dlp_client\": \"tv_downgraded\"}, {\"ext\": \"ttml\", \"url\": \"https://www.youtube.com/api/timedtext?v=ezv5DuvCk0E&ei=z8xXafHFHv6Z6dsP-9P_uAs&caps=asr&opi=112496729&xoaf=5&xowf=1&xospf=1&hl=en&ip=0.0.0.0&ipbits=0&expire=1767386943&sparams=ip%2Cipbits%2Cexpire%2Cv%2Cei%2Ccaps%2Copi%2Cxoaf&signature=31ACC713C92BF468B0604D892289468DE459EB82.25E594A16AE4D763A16583FBA9E0634898D041F5&key=yt8&kind=asr&lang=pl&variant=ec&tlang=sm&fmt=ttml\", \"name\": \"Samoan\", \"impersonate\": true, \"__yt_dlp_client\": \"tv_downgraded\"}, {\"ext\": \"srt\", \"url\": \"https://www.youtube.com/api/timedtext?v=ezv5DuvCk0E&ei=z8xXafHFHv6Z6dsP-9P_uAs&caps=asr&opi=112496729&xoaf=5&xowf=1&xospf=1&hl=en&ip=0.0.0.0&ipbits=0&expire=1767386943&sparams=ip%2Cipbits%2Cexpire%2Cv%2Cei%2Ccaps%2Copi%2Cxoaf&signature=31ACC713C92BF468B0604D892289468DE459EB82.25E594A16AE4D763A16583FBA9E0634898D041F5&key=yt8&kind=asr&lang=pl&variant=ec&tlang=sm&fmt=srt\", \"name\": \"Samoan\", \"impersonate\": true, \"__yt_dlp_client\": \"tv_downgraded\"}, {\"ext\": \"vtt\", \"url\": \"https://www.youtube.com/api/timedtext?v=ezv5DuvCk0E&ei=z8xXafHFHv6Z6dsP-9P_uAs&caps=asr&opi=112496729&xoaf=5&xowf=1&xospf=1&hl=en&ip=0.0.0.0&ipbits=0&expire=1767386943&sparams=ip%2Cipbits%2Cexpire%2Cv%2Cei%2Ccaps%2Copi%2Cxoaf&signature=31ACC713C92BF468B0604D892289468DE459EB82.25E594A16AE4D763A16583FBA9E0634898D041F5&key=yt8&kind=asr&lang=pl&variant=ec&tlang=sm&fmt=vtt\", \"name\": \"Samoan\", \"impersonate\": true, \"__yt_dlp_client\": \"tv_downgraded\"}], \"sg\": [{\"ext\": \"json3\", \"url\": \"https://www.youtube.com/api/timedtext?v=ezv5DuvCk0E&ei=z8xXafHFHv6Z6dsP-9P_uAs&caps=asr&opi=112496729&xoaf=5&xowf=1&xospf=1&hl=en&ip=0.0.0.0&ipbits=0&expire=1767386943&sparams=ip%2Cipbits%2Cexpire%2Cv%2Cei%2Ccaps%2Copi%2Cxoaf&signature=31ACC713C92BF468B0604D892289468DE459EB82.25E594A16AE4D763A16583FBA9E0634898D041F5&key=yt8&kind=asr&lang=pl&variant=ec&tlang=sg&fmt=json3\", \"name\": \"Sango\", \"impersonate\": true, \"__yt_dlp_client\": \"tv_downgraded\"}, {\"ext\": \"srv1\", \"url\": \"https://www.youtube.com/api/timedtext?v=ezv5DuvCk0E&ei=z8xXafHFHv6Z6dsP-9P_uAs&caps=asr&opi=112496729&xoaf=5&xowf=1&xospf=1&hl=en&ip=0.0.0.0&ipbits=0&expire=1767386943&sparams=ip%2Cipbits%2Cexpire%2Cv%2Cei%2Ccaps%2Copi%2Cxoaf&signature=31ACC713C92BF468B0604D892289468DE459EB82.25E594A16AE4D763A16583FBA9E0634898D041F5&key=yt8&kind=asr&lang=pl&variant=ec&tlang=sg&fmt=srv1\", \"name\": \"Sango\", \"impersonate\": true, \"__yt_dlp_client\": \"tv_downgraded\"}, {\"ext\": \"srv2\", \"url\": \"https://www.youtube.com/api/timedtext?v=ezv5DuvCk0E&ei=z8xXafHFHv6Z6dsP-9P_uAs&caps=asr&opi=112496729&xoaf=5&xowf=1&xospf=1&hl=en&ip=0.0.0.0&ipbits=0&expire=1767386943&sparams=ip%2Cipbits%2Cexpire%2Cv%2Cei%2Ccaps%2Copi%2Cxoaf&signature=31ACC713C92BF468B0604D892289468DE459EB82.25E594A16AE4D763A16583FBA9E0634898D041F5&key=yt8&kind=asr&lang=pl&variant=ec&tlang=sg&fmt=srv2\", \"name\": \"Sango\", \"impersonate\": true, \"__yt_dlp_client\": \"tv_downgraded\"}, {\"ext\": \"srv3\", \"url\": \"https://www.youtube.com/api/timedtext?v=ezv5DuvCk0E&ei=z8xXafHFHv6Z6dsP-9P_uAs&caps=asr&opi=112496729&xoaf=5&xowf=1&xospf=1&hl=en&ip=0.0.0.0&ipbits=0&expire=1767386943&sparams=ip%2Cipbits%2Cexpire%2Cv%2Cei%2Ccaps%2Copi%2Cxoaf&signature=31ACC713C92BF468B0604D892289468DE459EB82.25E594A16AE4D763A16583FBA9E0634898D041F5&key=yt8&kind=asr&lang=pl&variant=ec&tlang=sg&fmt=srv3\", \"name\": \"Sango\", \"impersonate\": true, \"__yt_dlp_client\": \"tv_downgraded\"}, {\"ext\": \"ttml\", \"url\": \"https://www.youtube.com/api/timedtext?v=ezv5DuvCk0E&ei=z8xXafHFHv6Z6dsP-9P_uAs&caps=asr&opi=112496729&xoaf=5&xowf=1&xospf=1&hl=en&ip=0.0.0.0&ipbits=0&expire=1767386943&sparams=ip%2Cipbits%2Cexpire%2Cv%2Cei%2Ccaps%2Copi%2Cxoaf&signature=31ACC713C92BF468B0604D892289468DE459EB82.25E594A16AE4D763A16583FBA9E0634898D041F5&key=yt8&kind=asr&lang=pl&variant=ec&tlang=sg&fmt=ttml\", \"name\": \"Sango\", \"impersonate\": true, \"__yt_dlp_client\": \"tv_downgraded\"}, {\"ext\": \"srt\", \"url\": \"https://www.youtube.com/api/timedtext?v=ezv5DuvCk0E&ei=z8xXafHFHv6Z6dsP-9P_uAs&caps=asr&opi=112496729&xoaf=5&xowf=1&xospf=1&hl=en&ip=0.0.0.0&ipbits=0&expire=1767386943&sparams=ip%2Cipbits%2Cexpire%2Cv%2Cei%2Ccaps%2Copi%2Cxoaf&signature=31ACC713C92BF468B0604D892289468DE459EB82.25E594A16AE4D763A16583FBA9E0634898D041F5&key=yt8&kind=asr&lang=pl&variant=ec&tlang=sg&fmt=srt\", \"name\": \"Sango\", \"impersonate\": true, \"__yt_dlp_client\": \"tv_downgraded\"}, {\"ext\": \"vtt\", \"url\": \"https://www.youtube.com/api/timedtext?v=ezv5DuvCk0E&ei=z8xXafHFHv6Z6dsP-9P_uAs&caps=asr&opi=112496729&xoaf=5&xowf=1&xospf=1&hl=en&ip=0.0.0.0&ipbits=0&expire=1767386943&sparams=ip%2Cipbits%2Cexpire%2Cv%2Cei%2Ccaps%2Copi%2Cxoaf&signature=31ACC713C92BF468B0604D892289468DE459EB82.25E594A16AE4D763A16583FBA9E0634898D041F5&key=yt8&kind=asr&lang=pl&variant=ec&tlang=sg&fmt=vtt\", \"name\": \"Sango\", \"impersonate\": true, \"__yt_dlp_client\": \"tv_downgraded\"}], \"sa\": [{\"ext\": \"json3\", \"url\": \"https://www.youtube.com/api/timedtext?v=ezv5DuvCk0E&ei=z8xXafHFHv6Z6dsP-9P_uAs&caps=asr&opi=112496729&xoaf=5&xowf=1&xospf=1&hl=en&ip=0.0.0.0&ipbits=0&expire=1767386943&sparams=ip%2Cipbits%2Cexpire%2Cv%2Cei%2Ccaps%2Copi%2Cxoaf&signature=31ACC713C92BF468B0604D892289468DE459EB82.25E594A16AE4D763A16583FBA9E0634898D041F5&key=yt8&kind=asr&lang=pl&variant=ec&tlang=sa&fmt=json3\", \"name\": \"Sanskrit\", \"impersonate\": true, \"__yt_dlp_client\": \"tv_downgraded\"}, {\"ext\": \"srv1\", \"url\": \"https://www.youtube.com/api/timedtext?v=ezv5DuvCk0E&ei=z8xXafHFHv6Z6dsP-9P_uAs&caps=asr&opi=112496729&xoaf=5&xowf=1&xospf=1&hl=en&ip=0.0.0.0&ipbits=0&expire=1767386943&sparams=ip%2Cipbits%2Cexpire%2Cv%2Cei%2Ccaps%2Copi%2Cxoaf&signature=31ACC713C92BF468B0604D892289468DE459EB82.25E594A16AE4D763A16583FBA9E0634898D041F5&key=yt8&kind=asr&lang=pl&variant=ec&tlang=sa&fmt=srv1\", \"name\": \"Sanskrit\", \"impersonate\": true, \"__yt_dlp_client\": \"tv_downgraded\"}, {\"ext\": \"srv2\", \"url\": \"https://www.youtube.com/api/timedtext?v=ezv5DuvCk0E&ei=z8xXafHFHv6Z6dsP-9P_uAs&caps=asr&opi=112496729&xoaf=5&xowf=1&xospf=1&hl=en&ip=0.0.0.0&ipbits=0&expire=1767386943&sparams=ip%2Cipbits%2Cexpire%2Cv%2Cei%2Ccaps%2Copi%2Cxoaf&signature=31ACC713C92BF468B0604D892289468DE459EB82.25E594A16AE4D763A16583FBA9E0634898D041F5&key=yt8&kind=asr&lang=pl&variant=ec&tlang=sa&fmt=srv2\", \"name\": \"Sanskrit\", \"impersonate\": true, \"__yt_dlp_client\": \"tv_downgraded\"}, {\"ext\": \"srv3\", \"url\": \"https://www.youtube.com/api/timedtext?v=ezv5DuvCk0E&ei=z8xXafHFHv6Z6dsP-9P_uAs&caps=asr&opi=112496729&xoaf=5&xowf=1&xospf=1&hl=en&ip=0.0.0.0&ipbits=0&expire=1767386943&sparams=ip%2Cipbits%2Cexpire%2Cv%2Cei%2Ccaps%2Copi%2Cxoaf&signature=31ACC713C92BF468B0604D892289468DE459EB82.25E594A16AE4D763A16583FBA9E0634898D041F5&key=yt8&kind=asr&lang=pl&variant=ec&tlang=sa&fmt=srv3\", \"name\": \"Sanskrit\", \"impersonate\": true, \"__yt_dlp_client\": \"tv_downgraded\"}, {\"ext\": \"ttml\", \"url\": \"https://www.youtube.com/api/timedtext?v=ezv5DuvCk0E&ei=z8xXafHFHv6Z6dsP-9P_uAs&caps=asr&opi=112496729&xoaf=5&xowf=1&xospf=1&hl=en&ip=0.0.0.0&ipbits=0&expire=1767386943&sparams=ip%2Cipbits%2Cexpire%2Cv%2Cei%2Ccaps%2Copi%2Cxoaf&signature=31ACC713C92BF468B0604D892289468DE459EB82.25E594A16AE4D763A16583FBA9E0634898D041F5&key=yt8&kind=asr&lang=pl&variant=ec&tlang=sa&fmt=ttml\", \"name\": \"Sanskrit\", \"impersonate\": true, \"__yt_dlp_client\": \"tv_downgraded\"}, {\"ext\": \"srt\", \"url\": \"https://www.youtube.com/api/timedtext?v=ezv5DuvCk0E&ei=z8xXafHFHv6Z6dsP-9P_uAs&caps=asr&opi=112496729&xoaf=5&xowf=1&xospf=1&hl=en&ip=0.0.0.0&ipbits=0&expire=1767386943&sparams=ip%2Cipbits%2Cexpire%2Cv%2Cei%2Ccaps%2Copi%2Cxoaf&signature=31ACC713C92BF468B0604D892289468DE459EB82.25E594A16AE4D763A16583FBA9E0634898D041F5&key=yt8&kind=asr&lang=pl&variant=ec&tlang=sa&fmt=srt\", \"name\": \"Sanskrit\", \"impersonate\": true, \"__yt_dlp_client\": \"tv_downgraded\"}, {\"ext\": \"vtt\", \"url\": \"https://www.youtube.com/api/timedtext?v=ezv5DuvCk0E&ei=z8xXafHFHv6Z6dsP-9P_uAs&caps=asr&opi=112496729&xoaf=5&xowf=1&xospf=1&hl=en&ip=0.0.0.0&ipbits=0&expire=1767386943&sparams=ip%2Cipbits%2Cexpire%2Cv%2Cei%2Ccaps%2Copi%2Cxoaf&signature=31ACC713C92BF468B0604D892289468DE459EB82.25E594A16AE4D763A16583FBA9E0634898D041F5&key=yt8&kind=asr&lang=pl&variant=ec&tlang=sa&fmt=vtt\", \"name\": \"Sanskrit\", \"impersonate\": true, \"__yt_dlp_client\": \"tv_downgraded\"}], \"gd\": [{\"ext\": \"json3\", \"url\": \"https://www.youtube.com/api/timedtext?v=ezv5DuvCk0E&ei=z8xXafHFHv6Z6dsP-9P_uAs&caps=asr&opi=112496729&xoaf=5&xowf=1&xospf=1&hl=en&ip=0.0.0.0&ipbits=0&expire=1767386943&sparams=ip%2Cipbits%2Cexpire%2Cv%2Cei%2Ccaps%2Copi%2Cxoaf&signature=31ACC713C92BF468B0604D892289468DE459EB82.25E594A16AE4D763A16583FBA9E0634898D041F5&key=yt8&kind=asr&lang=pl&variant=ec&tlang=gd&fmt=json3\", \"name\": \"Scottish Gaelic\", \"impersonate\": true, \"__yt_dlp_client\": \"tv_downgraded\"}, {\"ext\": \"srv1\", \"url\": \"https://www.youtube.com/api/timedtext?v=ezv5DuvCk0E&ei=z8xXafHFHv6Z6dsP-9P_uAs&caps=asr&opi=112496729&xoaf=5&xowf=1&xospf=1&hl=en&ip=0.0.0.0&ipbits=0&expire=1767386943&sparams=ip%2Cipbits%2Cexpire%2Cv%2Cei%2Ccaps%2Copi%2Cxoaf&signature=31ACC713C92BF468B0604D892289468DE459EB82.25E594A16AE4D763A16583FBA9E0634898D041F5&key=yt8&kind=asr&lang=pl&variant=ec&tlang=gd&fmt=srv1\", \"name\": \"Scottish Gaelic\", \"impersonate\": true, \"__yt_dlp_client\": \"tv_downgraded\"}, {\"ext\": \"srv2\", \"url\": \"https://www.youtube.com/api/timedtext?v=ezv5DuvCk0E&ei=z8xXafHFHv6Z6dsP-9P_uAs&caps=asr&opi=112496729&xoaf=5&xowf=1&xospf=1&hl=en&ip=0.0.0.0&ipbits=0&expire=1767386943&sparams=ip%2Cipbits%2Cexpire%2Cv%2Cei%2Ccaps%2Copi%2Cxoaf&signature=31ACC713C92BF468B0604D892289468DE459EB82.25E594A16AE4D763A16583FBA9E0634898D041F5&key=yt8&kind=asr&lang=pl&variant=ec&tlang=gd&fmt=srv2\", \"name\": \"Scottish Gaelic\", \"impersonate\": true, \"__yt_dlp_client\": \"tv_downgraded\"}, {\"ext\": \"srv3\", \"url\": \"https://www.youtube.com/api/timedtext?v=ezv5DuvCk0E&ei=z8xXafHFHv6Z6dsP-9P_uAs&caps=asr&opi=112496729&xoaf=5&xowf=1&xospf=1&hl=en&ip=0.0.0.0&ipbits=0&expire=1767386943&sparams=ip%2Cipbits%2Cexpire%2Cv%2Cei%2Ccaps%2Copi%2Cxoaf&signature=31ACC713C92BF468B0604D892289468DE459EB82.25E594A16AE4D763A16583FBA9E0634898D041F5&key=yt8&kind=asr&lang=pl&variant=ec&tlang=gd&fmt=srv3\", \"name\": \"Scottish Gaelic\", \"impersonate\": true, \"__yt_dlp_client\": \"tv_downgraded\"}, {\"ext\": \"ttml\", \"url\": \"https://www.youtube.com/api/timedtext?v=ezv5DuvCk0E&ei=z8xXafHFHv6Z6dsP-9P_uAs&caps=asr&opi=112496729&xoaf=5&xowf=1&xospf=1&hl=en&ip=0.0.0.0&ipbits=0&expire=1767386943&sparams=ip%2Cipbits%2Cexpire%2Cv%2Cei%2Ccaps%2Copi%2Cxoaf&signature=31ACC713C92BF468B0604D892289468DE459EB82.25E594A16AE4D763A16583FBA9E0634898D041F5&key=yt8&kind=asr&lang=pl&variant=ec&tlang=gd&fmt=ttml\", \"name\": \"Scottish Gaelic\", \"impersonate\": true, \"__yt_dlp_client\": \"tv_downgraded\"}, {\"ext\": \"srt\", \"url\": \"https://www.youtube.com/api/timedtext?v=ezv5DuvCk0E&ei=z8xXafHFHv6Z6dsP-9P_uAs&caps=asr&opi=112496729&xoaf=5&xowf=1&xospf=1&hl=en&ip=0.0.0.0&ipbits=0&expire=1767386943&sparams=ip%2Cipbits%2Cexpire%2Cv%2Cei%2Ccaps%2Copi%2Cxoaf&signature=31ACC713C92BF468B0604D892289468DE459EB82.25E594A16AE4D763A16583FBA9E0634898D041F5&key=yt8&kind=asr&lang=pl&variant=ec&tlang=gd&fmt=srt\", \"name\": \"Scottish Gaelic\", \"impersonate\": true, \"__yt_dlp_client\": \"tv_downgraded\"}, {\"ext\": \"vtt\", \"url\": \"https://www.youtube.com/api/timedtext?v=ezv5DuvCk0E&ei=z8xXafHFHv6Z6dsP-9P_uAs&caps=asr&opi=112496729&xoaf=5&xowf=1&xospf=1&hl=en&ip=0.0.0.0&ipbits=0&expire=1767386943&sparams=ip%2Cipbits%2Cexpire%2Cv%2Cei%2Ccaps%2Copi%2Cxoaf&signature=31ACC713C92BF468B0604D892289468DE459EB82.25E594A16AE4D763A16583FBA9E0634898D041F5&key=yt8&kind=asr&lang=pl&variant=ec&tlang=gd&fmt=vtt\", \"name\": \"Scottish Gaelic\", \"impersonate\": true, \"__yt_dlp_client\": \"tv_downgraded\"}], \"sr\": [{\"ext\": \"json3\", \"url\": \"https://www.youtube.com/api/timedtext?v=ezv5DuvCk0E&ei=z8xXafHFHv6Z6dsP-9P_uAs&caps=asr&opi=112496729&xoaf=5&xowf=1&xospf=1&hl=en&ip=0.0.0.0&ipbits=0&expire=1767386943&sparams=ip%2Cipbits%2Cexpire%2Cv%2Cei%2Ccaps%2Copi%2Cxoaf&signature=31ACC713C92BF468B0604D892289468DE459EB82.25E594A16AE4D763A16583FBA9E0634898D041F5&key=yt8&kind=asr&lang=pl&variant=ec&tlang=sr&fmt=json3\", \"name\": \"Serbian\", \"impersonate\": true, \"__yt_dlp_client\": \"tv_downgraded\"}, {\"ext\": \"srv1\", \"url\": \"https://www.youtube.com/api/timedtext?v=ezv5DuvCk0E&ei=z8xXafHFHv6Z6dsP-9P_uAs&caps=asr&opi=112496729&xoaf=5&xowf=1&xospf=1&hl=en&ip=0.0.0.0&ipbits=0&expire=1767386943&sparams=ip%2Cipbits%2Cexpire%2Cv%2Cei%2Ccaps%2Copi%2Cxoaf&signature=31ACC713C92BF468B0604D892289468DE459EB82.25E594A16AE4D763A16583FBA9E0634898D041F5&key=yt8&kind=asr&lang=pl&variant=ec&tlang=sr&fmt=srv1\", \"name\": \"Serbian\", \"impersonate\": true, \"__yt_dlp_client\": \"tv_downgraded\"}, {\"ext\": \"srv2\", \"url\": \"https://www.youtube.com/api/timedtext?v=ezv5DuvCk0E&ei=z8xXafHFHv6Z6dsP-9P_uAs&caps=asr&opi=112496729&xoaf=5&xowf=1&xospf=1&hl=en&ip=0.0.0.0&ipbits=0&expire=1767386943&sparams=ip%2Cipbits%2Cexpire%2Cv%2Cei%2Ccaps%2Copi%2Cxoaf&signature=31ACC713C92BF468B0604D892289468DE459EB82.25E594A16AE4D763A16583FBA9E0634898D041F5&key=yt8&kind=asr&lang=pl&variant=ec&tlang=sr&fmt=srv2\", \"name\": \"Serbian\", \"impersonate\": true, \"__yt_dlp_client\": \"tv_downgraded\"}, {\"ext\": \"srv3\", \"url\": \"https://www.youtube.com/api/timedtext?v=ezv5DuvCk0E&ei=z8xXafHFHv6Z6dsP-9P_uAs&caps=asr&opi=112496729&xoaf=5&xowf=1&xospf=1&hl=en&ip=0.0.0.0&ipbits=0&expire=1767386943&sparams=ip%2Cipbits%2Cexpire%2Cv%2Cei%2Ccaps%2Copi%2Cxoaf&signature=31ACC713C92BF468B0604D892289468DE459EB82.25E594A16AE4D763A16583FBA9E0634898D041F5&key=yt8&kind=asr&lang=pl&variant=ec&tlang=sr&fmt=srv3\", \"name\": \"Serbian\", \"impersonate\": true, \"__yt_dlp_client\": \"tv_downgraded\"}, {\"ext\": \"ttml\", \"url\": \"https://www.youtube.com/api/timedtext?v=ezv5DuvCk0E&ei=z8xXafHFHv6Z6dsP-9P_uAs&caps=asr&opi=112496729&xoaf=5&xowf=1&xospf=1&hl=en&ip=0.0.0.0&ipbits=0&expire=1767386943&sparams=ip%2Cipbits%2Cexpire%2Cv%2Cei%2Ccaps%2Copi%2Cxoaf&signature=31ACC713C92BF468B0604D892289468DE459EB82.25E594A16AE4D763A16583FBA9E0634898D041F5&key=yt8&kind=asr&lang=pl&variant=ec&tlang=sr&fmt=ttml\", \"name\": \"Serbian\", \"impersonate\": true, \"__yt_dlp_client\": \"tv_downgraded\"}, {\"ext\": \"srt\", \"url\": \"https://www.youtube.com/api/timedtext?v=ezv5DuvCk0E&ei=z8xXafHFHv6Z6dsP-9P_uAs&caps=asr&opi=112496729&xoaf=5&xowf=1&xospf=1&hl=en&ip=0.0.0.0&ipbits=0&expire=1767386943&sparams=ip%2Cipbits%2Cexpire%2Cv%2Cei%2Ccaps%2Copi%2Cxoaf&signature=31ACC713C92BF468B0604D892289468DE459EB82.25E594A16AE4D763A16583FBA9E0634898D041F5&key=yt8&kind=asr&lang=pl&variant=ec&tlang=sr&fmt=srt\", \"name\": \"Serbian\", \"impersonate\": true, \"__yt_dlp_client\": \"tv_downgraded\"}, {\"ext\": \"vtt\", \"url\": \"https://www.youtube.com/api/timedtext?v=ezv5DuvCk0E&ei=z8xXafHFHv6Z6dsP-9P_uAs&caps=asr&opi=112496729&xoaf=5&xowf=1&xospf=1&hl=en&ip=0.0.0.0&ipbits=0&expire=1767386943&sparams=ip%2Cipbits%2Cexpire%2Cv%2Cei%2Ccaps%2Copi%2Cxoaf&signature=31ACC713C92BF468B0604D892289468DE459EB82.25E594A16AE4D763A16583FBA9E0634898D041F5&key=yt8&kind=asr&lang=pl&variant=ec&tlang=sr&fmt=vtt\", \"name\": \"Serbian\", \"impersonate\": true, \"__yt_dlp_client\": \"tv_downgraded\"}], \"crs\": [{\"ext\": \"json3\", \"url\": \"https://www.youtube.com/api/timedtext?v=ezv5DuvCk0E&ei=z8xXafHFHv6Z6dsP-9P_uAs&caps=asr&opi=112496729&xoaf=5&xowf=1&xospf=1&hl=en&ip=0.0.0.0&ipbits=0&expire=1767386943&sparams=ip%2Cipbits%2Cexpire%2Cv%2Cei%2Ccaps%2Copi%2Cxoaf&signature=31ACC713C92BF468B0604D892289468DE459EB82.25E594A16AE4D763A16583FBA9E0634898D041F5&key=yt8&kind=asr&lang=pl&variant=ec&tlang=crs&fmt=json3\", \"name\": \"Seselwa Creole French\", \"impersonate\": true, \"__yt_dlp_client\": \"tv_downgraded\"}, {\"ext\": \"srv1\", \"url\": \"https://www.youtube.com/api/timedtext?v=ezv5DuvCk0E&ei=z8xXafHFHv6Z6dsP-9P_uAs&caps=asr&opi=112496729&xoaf=5&xowf=1&xospf=1&hl=en&ip=0.0.0.0&ipbits=0&expire=1767386943&sparams=ip%2Cipbits%2Cexpire%2Cv%2Cei%2Ccaps%2Copi%2Cxoaf&signature=31ACC713C92BF468B0604D892289468DE459EB82.25E594A16AE4D763A16583FBA9E0634898D041F5&key=yt8&kind=asr&lang=pl&variant=ec&tlang=crs&fmt=srv1\", \"name\": \"Seselwa Creole French\", \"impersonate\": true, \"__yt_dlp_client\": \"tv_downgraded\"}, {\"ext\": \"srv2\", \"url\": \"https://www.youtube.com/api/timedtext?v=ezv5DuvCk0E&ei=z8xXafHFHv6Z6dsP-9P_uAs&caps=asr&opi=112496729&xoaf=5&xowf=1&xospf=1&hl=en&ip=0.0.0.0&ipbits=0&expire=1767386943&sparams=ip%2Cipbits%2Cexpire%2Cv%2Cei%2Ccaps%2Copi%2Cxoaf&signature=31ACC713C92BF468B0604D892289468DE459EB82.25E594A16AE4D763A16583FBA9E0634898D041F5&key=yt8&kind=asr&lang=pl&variant=ec&tlang=crs&fmt=srv2\", \"name\": \"Seselwa Creole French\", \"impersonate\": true, \"__yt_dlp_client\": \"tv_downgraded\"}, {\"ext\": \"srv3\", \"url\": \"https://www.youtube.com/api/timedtext?v=ezv5DuvCk0E&ei=z8xXafHFHv6Z6dsP-9P_uAs&caps=asr&opi=112496729&xoaf=5&xowf=1&xospf=1&hl=en&ip=0.0.0.0&ipbits=0&expire=1767386943&sparams=ip%2Cipbits%2Cexpire%2Cv%2Cei%2Ccaps%2Copi%2Cxoaf&signature=31ACC713C92BF468B0604D892289468DE459EB82.25E594A16AE4D763A16583FBA9E0634898D041F5&key=yt8&kind=asr&lang=pl&variant=ec&tlang=crs&fmt=srv3\", \"name\": \"Seselwa Creole French\", \"impersonate\": true, \"__yt_dlp_client\": \"tv_downgraded\"}, {\"ext\": \"ttml\", \"url\": \"https://www.youtube.com/api/timedtext?v=ezv5DuvCk0E&ei=z8xXafHFHv6Z6dsP-9P_uAs&caps=asr&opi=112496729&xoaf=5&xowf=1&xospf=1&hl=en&ip=0.0.0.0&ipbits=0&expire=1767386943&sparams=ip%2Cipbits%2Cexpire%2Cv%2Cei%2Ccaps%2Copi%2Cxoaf&signature=31ACC713C92BF468B0604D892289468DE459EB82.25E594A16AE4D763A16583FBA9E0634898D041F5&key=yt8&kind=asr&lang=pl&variant=ec&tlang=crs&fmt=ttml\", \"name\": \"Seselwa Creole French\", \"impersonate\": true, \"__yt_dlp_client\": \"tv_downgraded\"}, {\"ext\": \"srt\", \"url\": \"https://www.youtube.com/api/timedtext?v=ezv5DuvCk0E&ei=z8xXafHFHv6Z6dsP-9P_uAs&caps=asr&opi=112496729&xoaf=5&xowf=1&xospf=1&hl=en&ip=0.0.0.0&ipbits=0&expire=1767386943&sparams=ip%2Cipbits%2Cexpire%2Cv%2Cei%2Ccaps%2Copi%2Cxoaf&signature=31ACC713C92BF468B0604D892289468DE459EB82.25E594A16AE4D763A16583FBA9E0634898D041F5&key=yt8&kind=asr&lang=pl&variant=ec&tlang=crs&fmt=srt\", \"name\": \"Seselwa Creole French\", \"impersonate\": true, \"__yt_dlp_client\": \"tv_downgraded\"}, {\"ext\": \"vtt\", \"url\": \"https://www.youtube.com/api/timedtext?v=ezv5DuvCk0E&ei=z8xXafHFHv6Z6dsP-9P_uAs&caps=asr&opi=112496729&xoaf=5&xowf=1&xospf=1&hl=en&ip=0.0.0.0&ipbits=0&expire=1767386943&sparams=ip%2Cipbits%2Cexpire%2Cv%2Cei%2Ccaps%2Copi%2Cxoaf&signature=31ACC713C92BF468B0604D892289468DE459EB82.25E594A16AE4D763A16583FBA9E0634898D041F5&key=yt8&kind=asr&lang=pl&variant=ec&tlang=crs&fmt=vtt\", \"name\": \"Seselwa Creole French\", \"impersonate\": true, \"__yt_dlp_client\": \"tv_downgraded\"}], \"sn\": [{\"ext\": \"json3\", \"url\": \"https://www.youtube.com/api/timedtext?v=ezv5DuvCk0E&ei=z8xXafHFHv6Z6dsP-9P_uAs&caps=asr&opi=112496729&xoaf=5&xowf=1&xospf=1&hl=en&ip=0.0.0.0&ipbits=0&expire=1767386943&sparams=ip%2Cipbits%2Cexpire%2Cv%2Cei%2Ccaps%2Copi%2Cxoaf&signature=31ACC713C92BF468B0604D892289468DE459EB82.25E594A16AE4D763A16583FBA9E0634898D041F5&key=yt8&kind=asr&lang=pl&variant=ec&tlang=sn&fmt=json3\", \"name\": \"Shona\", \"impersonate\": true, \"__yt_dlp_client\": \"tv_downgraded\"}, {\"ext\": \"srv1\", \"url\": \"https://www.youtube.com/api/timedtext?v=ezv5DuvCk0E&ei=z8xXafHFHv6Z6dsP-9P_uAs&caps=asr&opi=112496729&xoaf=5&xowf=1&xospf=1&hl=en&ip=0.0.0.0&ipbits=0&expire=1767386943&sparams=ip%2Cipbits%2Cexpire%2Cv%2Cei%2Ccaps%2Copi%2Cxoaf&signature=31ACC713C92BF468B0604D892289468DE459EB82.25E594A16AE4D763A16583FBA9E0634898D041F5&key=yt8&kind=asr&lang=pl&variant=ec&tlang=sn&fmt=srv1\", \"name\": \"Shona\", \"impersonate\": true, \"__yt_dlp_client\": \"tv_downgraded\"}, {\"ext\": \"srv2\", \"url\": \"https://www.youtube.com/api/timedtext?v=ezv5DuvCk0E&ei=z8xXafHFHv6Z6dsP-9P_uAs&caps=asr&opi=112496729&xoaf=5&xowf=1&xospf=1&hl=en&ip=0.0.0.0&ipbits=0&expire=1767386943&sparams=ip%2Cipbits%2Cexpire%2Cv%2Cei%2Ccaps%2Copi%2Cxoaf&signature=31ACC713C92BF468B0604D892289468DE459EB82.25E594A16AE4D763A16583FBA9E0634898D041F5&key=yt8&kind=asr&lang=pl&variant=ec&tlang=sn&fmt=srv2\", \"name\": \"Shona\", \"impersonate\": true, \"__yt_dlp_client\": \"tv_downgraded\"}, {\"ext\": \"srv3\", \"url\": \"https://www.youtube.com/api/timedtext?v=ezv5DuvCk0E&ei=z8xXafHFHv6Z6dsP-9P_uAs&caps=asr&opi=112496729&xoaf=5&xowf=1&xospf=1&hl=en&ip=0.0.0.0&ipbits=0&expire=1767386943&sparams=ip%2Cipbits%2Cexpire%2Cv%2Cei%2Ccaps%2Copi%2Cxoaf&signature=31ACC713C92BF468B0604D892289468DE459EB82.25E594A16AE4D763A16583FBA9E0634898D041F5&key=yt8&kind=asr&lang=pl&variant=ec&tlang=sn&fmt=srv3\", \"name\": \"Shona\", \"impersonate\": true, \"__yt_dlp_client\": \"tv_downgraded\"}, {\"ext\": \"ttml\", \"url\": \"https://www.youtube.com/api/timedtext?v=ezv5DuvCk0E&ei=z8xXafHFHv6Z6dsP-9P_uAs&caps=asr&opi=112496729&xoaf=5&xowf=1&xospf=1&hl=en&ip=0.0.0.0&ipbits=0&expire=1767386943&sparams=ip%2Cipbits%2Cexpire%2Cv%2Cei%2Ccaps%2Copi%2Cxoaf&signature=31ACC713C92BF468B0604D892289468DE459EB82.25E594A16AE4D763A16583FBA9E0634898D041F5&key=yt8&kind=asr&lang=pl&variant=ec&tlang=sn&fmt=ttml\", \"name\": \"Shona\", \"impersonate\": true, \"__yt_dlp_client\": \"tv_downgraded\"}, {\"ext\": \"srt\", \"url\": \"https://www.youtube.com/api/timedtext?v=ezv5DuvCk0E&ei=z8xXafHFHv6Z6dsP-9P_uAs&caps=asr&opi=112496729&xoaf=5&xowf=1&xospf=1&hl=en&ip=0.0.0.0&ipbits=0&expire=1767386943&sparams=ip%2Cipbits%2Cexpire%2Cv%2Cei%2Ccaps%2Copi%2Cxoaf&signature=31ACC713C92BF468B0604D892289468DE459EB82.25E594A16AE4D763A16583FBA9E0634898D041F5&key=yt8&kind=asr&lang=pl&variant=ec&tlang=sn&fmt=srt\", \"name\": \"Shona\", \"impersonate\": true, \"__yt_dlp_client\": \"tv_downgraded\"}, {\"ext\": \"vtt\", \"url\": \"https://www.youtube.com/api/timedtext?v=ezv5DuvCk0E&ei=z8xXafHFHv6Z6dsP-9P_uAs&caps=asr&opi=112496729&xoaf=5&xowf=1&xospf=1&hl=en&ip=0.0.0.0&ipbits=0&expire=1767386943&sparams=ip%2Cipbits%2Cexpire%2Cv%2Cei%2Ccaps%2Copi%2Cxoaf&signature=31ACC713C92BF468B0604D892289468DE459EB82.25E594A16AE4D763A16583FBA9E0634898D041F5&key=yt8&kind=asr&lang=pl&variant=ec&tlang=sn&fmt=vtt\", \"name\": \"Shona\", \"impersonate\": true, \"__yt_dlp_client\": \"tv_downgraded\"}], \"sd\": [{\"ext\": \"json3\", \"url\": \"https://www.youtube.com/api/timedtext?v=ezv5DuvCk0E&ei=z8xXafHFHv6Z6dsP-9P_uAs&caps=asr&opi=112496729&xoaf=5&xowf=1&xospf=1&hl=en&ip=0.0.0.0&ipbits=0&expire=1767386943&sparams=ip%2Cipbits%2Cexpire%2Cv%2Cei%2Ccaps%2Copi%2Cxoaf&signature=31ACC713C92BF468B0604D892289468DE459EB82.25E594A16AE4D763A16583FBA9E0634898D041F5&key=yt8&kind=asr&lang=pl&variant=ec&tlang=sd&fmt=json3\", \"name\": \"Sindhi\", \"impersonate\": true, \"__yt_dlp_client\": \"tv_downgraded\"}, {\"ext\": \"srv1\", \"url\": \"https://www.youtube.com/api/timedtext?v=ezv5DuvCk0E&ei=z8xXafHFHv6Z6dsP-9P_uAs&caps=asr&opi=112496729&xoaf=5&xowf=1&xospf=1&hl=en&ip=0.0.0.0&ipbits=0&expire=1767386943&sparams=ip%2Cipbits%2Cexpire%2Cv%2Cei%2Ccaps%2Copi%2Cxoaf&signature=31ACC713C92BF468B0604D892289468DE459EB82.25E594A16AE4D763A16583FBA9E0634898D041F5&key=yt8&kind=asr&lang=pl&variant=ec&tlang=sd&fmt=srv1\", \"name\": \"Sindhi\", \"impersonate\": true, \"__yt_dlp_client\": \"tv_downgraded\"}, {\"ext\": \"srv2\", \"url\": \"https://www.youtube.com/api/timedtext?v=ezv5DuvCk0E&ei=z8xXafHFHv6Z6dsP-9P_uAs&caps=asr&opi=112496729&xoaf=5&xowf=1&xospf=1&hl=en&ip=0.0.0.0&ipbits=0&expire=1767386943&sparams=ip%2Cipbits%2Cexpire%2Cv%2Cei%2Ccaps%2Copi%2Cxoaf&signature=31ACC713C92BF468B0604D892289468DE459EB82.25E594A16AE4D763A16583FBA9E0634898D041F5&key=yt8&kind=asr&lang=pl&variant=ec&tlang=sd&fmt=srv2\", \"name\": \"Sindhi\", \"impersonate\": true, \"__yt_dlp_client\": \"tv_downgraded\"}, {\"ext\": \"srv3\", \"url\": \"https://www.youtube.com/api/timedtext?v=ezv5DuvCk0E&ei=z8xXafHFHv6Z6dsP-9P_uAs&caps=asr&opi=112496729&xoaf=5&xowf=1&xospf=1&hl=en&ip=0.0.0.0&ipbits=0&expire=1767386943&sparams=ip%2Cipbits%2Cexpire%2Cv%2Cei%2Ccaps%2Copi%2Cxoaf&signature=31ACC713C92BF468B0604D892289468DE459EB82.25E594A16AE4D763A16583FBA9E0634898D041F5&key=yt8&kind=asr&lang=pl&variant=ec&tlang=sd&fmt=srv3\", \"name\": \"Sindhi\", \"impersonate\": true, \"__yt_dlp_client\": \"tv_downgraded\"}, {\"ext\": \"ttml\", \"url\": \"https://www.youtube.com/api/timedtext?v=ezv5DuvCk0E&ei=z8xXafHFHv6Z6dsP-9P_uAs&caps=asr&opi=112496729&xoaf=5&xowf=1&xospf=1&hl=en&ip=0.0.0.0&ipbits=0&expire=1767386943&sparams=ip%2Cipbits%2Cexpire%2Cv%2Cei%2Ccaps%2Copi%2Cxoaf&signature=31ACC713C92BF468B0604D892289468DE459EB82.25E594A16AE4D763A16583FBA9E0634898D041F5&key=yt8&kind=asr&lang=pl&variant=ec&tlang=sd&fmt=ttml\", \"name\": \"Sindhi\", \"impersonate\": true, \"__yt_dlp_client\": \"tv_downgraded\"}, {\"ext\": \"srt\", \"url\": \"https://www.youtube.com/api/timedtext?v=ezv5DuvCk0E&ei=z8xXafHFHv6Z6dsP-9P_uAs&caps=asr&opi=112496729&xoaf=5&xowf=1&xospf=1&hl=en&ip=0.0.0.0&ipbits=0&expire=1767386943&sparams=ip%2Cipbits%2Cexpire%2Cv%2Cei%2Ccaps%2Copi%2Cxoaf&signature=31ACC713C92BF468B0604D892289468DE459EB82.25E594A16AE4D763A16583FBA9E0634898D041F5&key=yt8&kind=asr&lang=pl&variant=ec&tlang=sd&fmt=srt\", \"name\": \"Sindhi\", \"impersonate\": true, \"__yt_dlp_client\": \"tv_downgraded\"}, {\"ext\": \"vtt\", \"url\": \"https://www.youtube.com/api/timedtext?v=ezv5DuvCk0E&ei=z8xXafHFHv6Z6dsP-9P_uAs&caps=asr&opi=112496729&xoaf=5&xowf=1&xospf=1&hl=en&ip=0.0.0.0&ipbits=0&expire=1767386943&sparams=ip%2Cipbits%2Cexpire%2Cv%2Cei%2Ccaps%2Copi%2Cxoaf&signature=31ACC713C92BF468B0604D892289468DE459EB82.25E594A16AE4D763A16583FBA9E0634898D041F5&key=yt8&kind=asr&lang=pl&variant=ec&tlang=sd&fmt=vtt\", \"name\": \"Sindhi\", \"impersonate\": true, \"__yt_dlp_client\": \"tv_downgraded\"}], \"si\": [{\"ext\": \"json3\", \"url\": \"https://www.youtube.com/api/timedtext?v=ezv5DuvCk0E&ei=z8xXafHFHv6Z6dsP-9P_uAs&caps=asr&opi=112496729&xoaf=5&xowf=1&xospf=1&hl=en&ip=0.0.0.0&ipbits=0&expire=1767386943&sparams=ip%2Cipbits%2Cexpire%2Cv%2Cei%2Ccaps%2Copi%2Cxoaf&signature=31ACC713C92BF468B0604D892289468DE459EB82.25E594A16AE4D763A16583FBA9E0634898D041F5&key=yt8&kind=asr&lang=pl&variant=ec&tlang=si&fmt=json3\", \"name\": \"Sinhala\", \"impersonate\": true, \"__yt_dlp_client\": \"tv_downgraded\"}, {\"ext\": \"srv1\", \"url\": \"https://www.youtube.com/api/timedtext?v=ezv5DuvCk0E&ei=z8xXafHFHv6Z6dsP-9P_uAs&caps=asr&opi=112496729&xoaf=5&xowf=1&xospf=1&hl=en&ip=0.0.0.0&ipbits=0&expire=1767386943&sparams=ip%2Cipbits%2Cexpire%2Cv%2Cei%2Ccaps%2Copi%2Cxoaf&signature=31ACC713C92BF468B0604D892289468DE459EB82.25E594A16AE4D763A16583FBA9E0634898D041F5&key=yt8&kind=asr&lang=pl&variant=ec&tlang=si&fmt=srv1\", \"name\": \"Sinhala\", \"impersonate\": true, \"__yt_dlp_client\": \"tv_downgraded\"}, {\"ext\": \"srv2\", \"url\": \"https://www.youtube.com/api/timedtext?v=ezv5DuvCk0E&ei=z8xXafHFHv6Z6dsP-9P_uAs&caps=asr&opi=112496729&xoaf=5&xowf=1&xospf=1&hl=en&ip=0.0.0.0&ipbits=0&expire=1767386943&sparams=ip%2Cipbits%2Cexpire%2Cv%2Cei%2Ccaps%2Copi%2Cxoaf&signature=31ACC713C92BF468B0604D892289468DE459EB82.25E594A16AE4D763A16583FBA9E0634898D041F5&key=yt8&kind=asr&lang=pl&variant=ec&tlang=si&fmt=srv2\", \"name\": \"Sinhala\", \"impersonate\": true, \"__yt_dlp_client\": \"tv_downgraded\"}, {\"ext\": \"srv3\", \"url\": \"https://www.youtube.com/api/timedtext?v=ezv5DuvCk0E&ei=z8xXafHFHv6Z6dsP-9P_uAs&caps=asr&opi=112496729&xoaf=5&xowf=1&xospf=1&hl=en&ip=0.0.0.0&ipbits=0&expire=1767386943&sparams=ip%2Cipbits%2Cexpire%2Cv%2Cei%2Ccaps%2Copi%2Cxoaf&signature=31ACC713C92BF468B0604D892289468DE459EB82.25E594A16AE4D763A16583FBA9E0634898D041F5&key=yt8&kind=asr&lang=pl&variant=ec&tlang=si&fmt=srv3\", \"name\": \"Sinhala\", \"impersonate\": true, \"__yt_dlp_client\": \"tv_downgraded\"}, {\"ext\": \"ttml\", \"url\": \"https://www.youtube.com/api/timedtext?v=ezv5DuvCk0E&ei=z8xXafHFHv6Z6dsP-9P_uAs&caps=asr&opi=112496729&xoaf=5&xowf=1&xospf=1&hl=en&ip=0.0.0.0&ipbits=0&expire=1767386943&sparams=ip%2Cipbits%2Cexpire%2Cv%2Cei%2Ccaps%2Copi%2Cxoaf&signature=31ACC713C92BF468B0604D892289468DE459EB82.25E594A16AE4D763A16583FBA9E0634898D041F5&key=yt8&kind=asr&lang=pl&variant=ec&tlang=si&fmt=ttml\", \"name\": \"Sinhala\", \"impersonate\": true, \"__yt_dlp_client\": \"tv_downgraded\"}, {\"ext\": \"srt\", \"url\": \"https://www.youtube.com/api/timedtext?v=ezv5DuvCk0E&ei=z8xXafHFHv6Z6dsP-9P_uAs&caps=asr&opi=112496729&xoaf=5&xowf=1&xospf=1&hl=en&ip=0.0.0.0&ipbits=0&expire=1767386943&sparams=ip%2Cipbits%2Cexpire%2Cv%2Cei%2Ccaps%2Copi%2Cxoaf&signature=31ACC713C92BF468B0604D892289468DE459EB82.25E594A16AE4D763A16583FBA9E0634898D041F5&key=yt8&kind=asr&lang=pl&variant=ec&tlang=si&fmt=srt\", \"name\": \"Sinhala\", \"impersonate\": true, \"__yt_dlp_client\": \"tv_downgraded\"}, {\"ext\": \"vtt\", \"url\": \"https://www.youtube.com/api/timedtext?v=ezv5DuvCk0E&ei=z8xXafHFHv6Z6dsP-9P_uAs&caps=asr&opi=112496729&xoaf=5&xowf=1&xospf=1&hl=en&ip=0.0.0.0&ipbits=0&expire=1767386943&sparams=ip%2Cipbits%2Cexpire%2Cv%2Cei%2Ccaps%2Copi%2Cxoaf&signature=31ACC713C92BF468B0604D892289468DE459EB82.25E594A16AE4D763A16583FBA9E0634898D041F5&key=yt8&kind=asr&lang=pl&variant=ec&tlang=si&fmt=vtt\", \"name\": \"Sinhala\", \"impersonate\": true, \"__yt_dlp_client\": \"tv_downgraded\"}], \"sk\": [{\"ext\": \"json3\", \"url\": \"https://www.youtube.com/api/timedtext?v=ezv5DuvCk0E&ei=z8xXafHFHv6Z6dsP-9P_uAs&caps=asr&opi=112496729&xoaf=5&xowf=1&xospf=1&hl=en&ip=0.0.0.0&ipbits=0&expire=1767386943&sparams=ip%2Cipbits%2Cexpire%2Cv%2Cei%2Ccaps%2Copi%2Cxoaf&signature=31ACC713C92BF468B0604D892289468DE459EB82.25E594A16AE4D763A16583FBA9E0634898D041F5&key=yt8&kind=asr&lang=pl&variant=ec&tlang=sk&fmt=json3\", \"name\": \"Slovak\", \"impersonate\": true, \"__yt_dlp_client\": \"tv_downgraded\"}, {\"ext\": \"srv1\", \"url\": \"https://www.youtube.com/api/timedtext?v=ezv5DuvCk0E&ei=z8xXafHFHv6Z6dsP-9P_uAs&caps=asr&opi=112496729&xoaf=5&xowf=1&xospf=1&hl=en&ip=0.0.0.0&ipbits=0&expire=1767386943&sparams=ip%2Cipbits%2Cexpire%2Cv%2Cei%2Ccaps%2Copi%2Cxoaf&signature=31ACC713C92BF468B0604D892289468DE459EB82.25E594A16AE4D763A16583FBA9E0634898D041F5&key=yt8&kind=asr&lang=pl&variant=ec&tlang=sk&fmt=srv1\", \"name\": \"Slovak\", \"impersonate\": true, \"__yt_dlp_client\": \"tv_downgraded\"}, {\"ext\": \"srv2\", \"url\": \"https://www.youtube.com/api/timedtext?v=ezv5DuvCk0E&ei=z8xXafHFHv6Z6dsP-9P_uAs&caps=asr&opi=112496729&xoaf=5&xowf=1&xospf=1&hl=en&ip=0.0.0.0&ipbits=0&expire=1767386943&sparams=ip%2Cipbits%2Cexpire%2Cv%2Cei%2Ccaps%2Copi%2Cxoaf&signature=31ACC713C92BF468B0604D892289468DE459EB82.25E594A16AE4D763A16583FBA9E0634898D041F5&key=yt8&kind=asr&lang=pl&variant=ec&tlang=sk&fmt=srv2\", \"name\": \"Slovak\", \"impersonate\": true, \"__yt_dlp_client\": \"tv_downgraded\"}, {\"ext\": \"srv3\", \"url\": \"https://www.youtube.com/api/timedtext?v=ezv5DuvCk0E&ei=z8xXafHFHv6Z6dsP-9P_uAs&caps=asr&opi=112496729&xoaf=5&xowf=1&xospf=1&hl=en&ip=0.0.0.0&ipbits=0&expire=1767386943&sparams=ip%2Cipbits%2Cexpire%2Cv%2Cei%2Ccaps%2Copi%2Cxoaf&signature=31ACC713C92BF468B0604D892289468DE459EB82.25E594A16AE4D763A16583FBA9E0634898D041F5&key=yt8&kind=asr&lang=pl&variant=ec&tlang=sk&fmt=srv3\", \"name\": \"Slovak\", \"impersonate\": true, \"__yt_dlp_client\": \"tv_downgraded\"}, {\"ext\": \"ttml\", \"url\": \"https://www.youtube.com/api/timedtext?v=ezv5DuvCk0E&ei=z8xXafHFHv6Z6dsP-9P_uAs&caps=asr&opi=112496729&xoaf=5&xowf=1&xospf=1&hl=en&ip=0.0.0.0&ipbits=0&expire=1767386943&sparams=ip%2Cipbits%2Cexpire%2Cv%2Cei%2Ccaps%2Copi%2Cxoaf&signature=31ACC713C92BF468B0604D892289468DE459EB82.25E594A16AE4D763A16583FBA9E0634898D041F5&key=yt8&kind=asr&lang=pl&variant=ec&tlang=sk&fmt=ttml\", \"name\": \"Slovak\", \"impersonate\": true, \"__yt_dlp_client\": \"tv_downgraded\"}, {\"ext\": \"srt\", \"url\": \"https://www.youtube.com/api/timedtext?v=ezv5DuvCk0E&ei=z8xXafHFHv6Z6dsP-9P_uAs&caps=asr&opi=112496729&xoaf=5&xowf=1&xospf=1&hl=en&ip=0.0.0.0&ipbits=0&expire=1767386943&sparams=ip%2Cipbits%2Cexpire%2Cv%2Cei%2Ccaps%2Copi%2Cxoaf&signature=31ACC713C92BF468B0604D892289468DE459EB82.25E594A16AE4D763A16583FBA9E0634898D041F5&key=yt8&kind=asr&lang=pl&variant=ec&tlang=sk&fmt=srt\", \"name\": \"Slovak\", \"impersonate\": true, \"__yt_dlp_client\": \"tv_downgraded\"}, {\"ext\": \"vtt\", \"url\": \"https://www.youtube.com/api/timedtext?v=ezv5DuvCk0E&ei=z8xXafHFHv6Z6dsP-9P_uAs&caps=asr&opi=112496729&xoaf=5&xowf=1&xospf=1&hl=en&ip=0.0.0.0&ipbits=0&expire=1767386943&sparams=ip%2Cipbits%2Cexpire%2Cv%2Cei%2Ccaps%2Copi%2Cxoaf&signature=31ACC713C92BF468B0604D892289468DE459EB82.25E594A16AE4D763A16583FBA9E0634898D041F5&key=yt8&kind=asr&lang=pl&variant=ec&tlang=sk&fmt=vtt\", \"name\": \"Slovak\", \"impersonate\": true, \"__yt_dlp_client\": \"tv_downgraded\"}], \"sl\": [{\"ext\": \"json3\", \"url\": \"https://www.youtube.com/api/timedtext?v=ezv5DuvCk0E&ei=z8xXafHFHv6Z6dsP-9P_uAs&caps=asr&opi=112496729&xoaf=5&xowf=1&xospf=1&hl=en&ip=0.0.0.0&ipbits=0&expire=1767386943&sparams=ip%2Cipbits%2Cexpire%2Cv%2Cei%2Ccaps%2Copi%2Cxoaf&signature=31ACC713C92BF468B0604D892289468DE459EB82.25E594A16AE4D763A16583FBA9E0634898D041F5&key=yt8&kind=asr&lang=pl&variant=ec&tlang=sl&fmt=json3\", \"name\": \"Slovenian\", \"impersonate\": true, \"__yt_dlp_client\": \"tv_downgraded\"}, {\"ext\": \"srv1\", \"url\": \"https://www.youtube.com/api/timedtext?v=ezv5DuvCk0E&ei=z8xXafHFHv6Z6dsP-9P_uAs&caps=asr&opi=112496729&xoaf=5&xowf=1&xospf=1&hl=en&ip=0.0.0.0&ipbits=0&expire=1767386943&sparams=ip%2Cipbits%2Cexpire%2Cv%2Cei%2Ccaps%2Copi%2Cxoaf&signature=31ACC713C92BF468B0604D892289468DE459EB82.25E594A16AE4D763A16583FBA9E0634898D041F5&key=yt8&kind=asr&lang=pl&variant=ec&tlang=sl&fmt=srv1\", \"name\": \"Slovenian\", \"impersonate\": true, \"__yt_dlp_client\": \"tv_downgraded\"}, {\"ext\": \"srv2\", \"url\": \"https://www.youtube.com/api/timedtext?v=ezv5DuvCk0E&ei=z8xXafHFHv6Z6dsP-9P_uAs&caps=asr&opi=112496729&xoaf=5&xowf=1&xospf=1&hl=en&ip=0.0.0.0&ipbits=0&expire=1767386943&sparams=ip%2Cipbits%2Cexpire%2Cv%2Cei%2Ccaps%2Copi%2Cxoaf&signature=31ACC713C92BF468B0604D892289468DE459EB82.25E594A16AE4D763A16583FBA9E0634898D041F5&key=yt8&kind=asr&lang=pl&variant=ec&tlang=sl&fmt=srv2\", \"name\": \"Slovenian\", \"impersonate\": true, \"__yt_dlp_client\": \"tv_downgraded\"}, {\"ext\": \"srv3\", \"url\": \"https://www.youtube.com/api/timedtext?v=ezv5DuvCk0E&ei=z8xXafHFHv6Z6dsP-9P_uAs&caps=asr&opi=112496729&xoaf=5&xowf=1&xospf=1&hl=en&ip=0.0.0.0&ipbits=0&expire=1767386943&sparams=ip%2Cipbits%2Cexpire%2Cv%2Cei%2Ccaps%2Copi%2Cxoaf&signature=31ACC713C92BF468B0604D892289468DE459EB82.25E594A16AE4D763A16583FBA9E0634898D041F5&key=yt8&kind=asr&lang=pl&variant=ec&tlang=sl&fmt=srv3\", \"name\": \"Slovenian\", \"impersonate\": true, \"__yt_dlp_client\": \"tv_downgraded\"}, {\"ext\": \"ttml\", \"url\": \"https://www.youtube.com/api/timedtext?v=ezv5DuvCk0E&ei=z8xXafHFHv6Z6dsP-9P_uAs&caps=asr&opi=112496729&xoaf=5&xowf=1&xospf=1&hl=en&ip=0.0.0.0&ipbits=0&expire=1767386943&sparams=ip%2Cipbits%2Cexpire%2Cv%2Cei%2Ccaps%2Copi%2Cxoaf&signature=31ACC713C92BF468B0604D892289468DE459EB82.25E594A16AE4D763A16583FBA9E0634898D041F5&key=yt8&kind=asr&lang=pl&variant=ec&tlang=sl&fmt=ttml\", \"name\": \"Slovenian\", \"impersonate\": true, \"__yt_dlp_client\": \"tv_downgraded\"}, {\"ext\": \"srt\", \"url\": \"https://www.youtube.com/api/timedtext?v=ezv5DuvCk0E&ei=z8xXafHFHv6Z6dsP-9P_uAs&caps=asr&opi=112496729&xoaf=5&xowf=1&xospf=1&hl=en&ip=0.0.0.0&ipbits=0&expire=1767386943&sparams=ip%2Cipbits%2Cexpire%2Cv%2Cei%2Ccaps%2Copi%2Cxoaf&signature=31ACC713C92BF468B0604D892289468DE459EB82.25E594A16AE4D763A16583FBA9E0634898D041F5&key=yt8&kind=asr&lang=pl&variant=ec&tlang=sl&fmt=srt\", \"name\": \"Slovenian\", \"impersonate\": true, \"__yt_dlp_client\": \"tv_downgraded\"}, {\"ext\": \"vtt\", \"url\": \"https://www.youtube.com/api/timedtext?v=ezv5DuvCk0E&ei=z8xXafHFHv6Z6dsP-9P_uAs&caps=asr&opi=112496729&xoaf=5&xowf=1&xospf=1&hl=en&ip=0.0.0.0&ipbits=0&expire=1767386943&sparams=ip%2Cipbits%2Cexpire%2Cv%2Cei%2Ccaps%2Copi%2Cxoaf&signature=31ACC713C92BF468B0604D892289468DE459EB82.25E594A16AE4D763A16583FBA9E0634898D041F5&key=yt8&kind=asr&lang=pl&variant=ec&tlang=sl&fmt=vtt\", \"name\": \"Slovenian\", \"impersonate\": true, \"__yt_dlp_client\": \"tv_downgraded\"}], \"so\": [{\"ext\": \"json3\", \"url\": \"https://www.youtube.com/api/timedtext?v=ezv5DuvCk0E&ei=z8xXafHFHv6Z6dsP-9P_uAs&caps=asr&opi=112496729&xoaf=5&xowf=1&xospf=1&hl=en&ip=0.0.0.0&ipbits=0&expire=1767386943&sparams=ip%2Cipbits%2Cexpire%2Cv%2Cei%2Ccaps%2Copi%2Cxoaf&signature=31ACC713C92BF468B0604D892289468DE459EB82.25E594A16AE4D763A16583FBA9E0634898D041F5&key=yt8&kind=asr&lang=pl&variant=ec&tlang=so&fmt=json3\", \"name\": \"Somali\", \"impersonate\": true, \"__yt_dlp_client\": \"tv_downgraded\"}, {\"ext\": \"srv1\", \"url\": \"https://www.youtube.com/api/timedtext?v=ezv5DuvCk0E&ei=z8xXafHFHv6Z6dsP-9P_uAs&caps=asr&opi=112496729&xoaf=5&xowf=1&xospf=1&hl=en&ip=0.0.0.0&ipbits=0&expire=1767386943&sparams=ip%2Cipbits%2Cexpire%2Cv%2Cei%2Ccaps%2Copi%2Cxoaf&signature=31ACC713C92BF468B0604D892289468DE459EB82.25E594A16AE4D763A16583FBA9E0634898D041F5&key=yt8&kind=asr&lang=pl&variant=ec&tlang=so&fmt=srv1\", \"name\": \"Somali\", \"impersonate\": true, \"__yt_dlp_client\": \"tv_downgraded\"}, {\"ext\": \"srv2\", \"url\": \"https://www.youtube.com/api/timedtext?v=ezv5DuvCk0E&ei=z8xXafHFHv6Z6dsP-9P_uAs&caps=asr&opi=112496729&xoaf=5&xowf=1&xospf=1&hl=en&ip=0.0.0.0&ipbits=0&expire=1767386943&sparams=ip%2Cipbits%2Cexpire%2Cv%2Cei%2Ccaps%2Copi%2Cxoaf&signature=31ACC713C92BF468B0604D892289468DE459EB82.25E594A16AE4D763A16583FBA9E0634898D041F5&key=yt8&kind=asr&lang=pl&variant=ec&tlang=so&fmt=srv2\", \"name\": \"Somali\", \"impersonate\": true, \"__yt_dlp_client\": \"tv_downgraded\"}, {\"ext\": \"srv3\", \"url\": \"https://www.youtube.com/api/timedtext?v=ezv5DuvCk0E&ei=z8xXafHFHv6Z6dsP-9P_uAs&caps=asr&opi=112496729&xoaf=5&xowf=1&xospf=1&hl=en&ip=0.0.0.0&ipbits=0&expire=1767386943&sparams=ip%2Cipbits%2Cexpire%2Cv%2Cei%2Ccaps%2Copi%2Cxoaf&signature=31ACC713C92BF468B0604D892289468DE459EB82.25E594A16AE4D763A16583FBA9E0634898D041F5&key=yt8&kind=asr&lang=pl&variant=ec&tlang=so&fmt=srv3\", \"name\": \"Somali\", \"impersonate\": true, \"__yt_dlp_client\": \"tv_downgraded\"}, {\"ext\": \"ttml\", \"url\": \"https://www.youtube.com/api/timedtext?v=ezv5DuvCk0E&ei=z8xXafHFHv6Z6dsP-9P_uAs&caps=asr&opi=112496729&xoaf=5&xowf=1&xospf=1&hl=en&ip=0.0.0.0&ipbits=0&expire=1767386943&sparams=ip%2Cipbits%2Cexpire%2Cv%2Cei%2Ccaps%2Copi%2Cxoaf&signature=31ACC713C92BF468B0604D892289468DE459EB82.25E594A16AE4D763A16583FBA9E0634898D041F5&key=yt8&kind=asr&lang=pl&variant=ec&tlang=so&fmt=ttml\", \"name\": \"Somali\", \"impersonate\": true, \"__yt_dlp_client\": \"tv_downgraded\"}, {\"ext\": \"srt\", \"url\": \"https://www.youtube.com/api/timedtext?v=ezv5DuvCk0E&ei=z8xXafHFHv6Z6dsP-9P_uAs&caps=asr&opi=112496729&xoaf=5&xowf=1&xospf=1&hl=en&ip=0.0.0.0&ipbits=0&expire=1767386943&sparams=ip%2Cipbits%2Cexpire%2Cv%2Cei%2Ccaps%2Copi%2Cxoaf&signature=31ACC713C92BF468B0604D892289468DE459EB82.25E594A16AE4D763A16583FBA9E0634898D041F5&key=yt8&kind=asr&lang=pl&variant=ec&tlang=so&fmt=srt\", \"name\": \"Somali\", \"impersonate\": true, \"__yt_dlp_client\": \"tv_downgraded\"}, {\"ext\": \"vtt\", \"url\": \"https://www.youtube.com/api/timedtext?v=ezv5DuvCk0E&ei=z8xXafHFHv6Z6dsP-9P_uAs&caps=asr&opi=112496729&xoaf=5&xowf=1&xospf=1&hl=en&ip=0.0.0.0&ipbits=0&expire=1767386943&sparams=ip%2Cipbits%2Cexpire%2Cv%2Cei%2Ccaps%2Copi%2Cxoaf&signature=31ACC713C92BF468B0604D892289468DE459EB82.25E594A16AE4D763A16583FBA9E0634898D041F5&key=yt8&kind=asr&lang=pl&variant=ec&tlang=so&fmt=vtt\", \"name\": \"Somali\", \"impersonate\": true, \"__yt_dlp_client\": \"tv_downgraded\"}], \"st\": [{\"ext\": \"json3\", \"url\": \"https://www.youtube.com/api/timedtext?v=ezv5DuvCk0E&ei=z8xXafHFHv6Z6dsP-9P_uAs&caps=asr&opi=112496729&xoaf=5&xowf=1&xospf=1&hl=en&ip=0.0.0.0&ipbits=0&expire=1767386943&sparams=ip%2Cipbits%2Cexpire%2Cv%2Cei%2Ccaps%2Copi%2Cxoaf&signature=31ACC713C92BF468B0604D892289468DE459EB82.25E594A16AE4D763A16583FBA9E0634898D041F5&key=yt8&kind=asr&lang=pl&variant=ec&tlang=st&fmt=json3\", \"name\": \"Southern Sotho\", \"impersonate\": true, \"__yt_dlp_client\": \"tv_downgraded\"}, {\"ext\": \"srv1\", \"url\": \"https://www.youtube.com/api/timedtext?v=ezv5DuvCk0E&ei=z8xXafHFHv6Z6dsP-9P_uAs&caps=asr&opi=112496729&xoaf=5&xowf=1&xospf=1&hl=en&ip=0.0.0.0&ipbits=0&expire=1767386943&sparams=ip%2Cipbits%2Cexpire%2Cv%2Cei%2Ccaps%2Copi%2Cxoaf&signature=31ACC713C92BF468B0604D892289468DE459EB82.25E594A16AE4D763A16583FBA9E0634898D041F5&key=yt8&kind=asr&lang=pl&variant=ec&tlang=st&fmt=srv1\", \"name\": \"Southern Sotho\", \"impersonate\": true, \"__yt_dlp_client\": \"tv_downgraded\"}, {\"ext\": \"srv2\", \"url\": \"https://www.youtube.com/api/timedtext?v=ezv5DuvCk0E&ei=z8xXafHFHv6Z6dsP-9P_uAs&caps=asr&opi=112496729&xoaf=5&xowf=1&xospf=1&hl=en&ip=0.0.0.0&ipbits=0&expire=1767386943&sparams=ip%2Cipbits%2Cexpire%2Cv%2Cei%2Ccaps%2Copi%2Cxoaf&signature=31ACC713C92BF468B0604D892289468DE459EB82.25E594A16AE4D763A16583FBA9E0634898D041F5&key=yt8&kind=asr&lang=pl&variant=ec&tlang=st&fmt=srv2\", \"name\": \"Southern Sotho\", \"impersonate\": true, \"__yt_dlp_client\": \"tv_downgraded\"}, {\"ext\": \"srv3\", \"url\": \"https://www.youtube.com/api/timedtext?v=ezv5DuvCk0E&ei=z8xXafHFHv6Z6dsP-9P_uAs&caps=asr&opi=112496729&xoaf=5&xowf=1&xospf=1&hl=en&ip=0.0.0.0&ipbits=0&expire=1767386943&sparams=ip%2Cipbits%2Cexpire%2Cv%2Cei%2Ccaps%2Copi%2Cxoaf&signature=31ACC713C92BF468B0604D892289468DE459EB82.25E594A16AE4D763A16583FBA9E0634898D041F5&key=yt8&kind=asr&lang=pl&variant=ec&tlang=st&fmt=srv3\", \"name\": \"Southern Sotho\", \"impersonate\": true, \"__yt_dlp_client\": \"tv_downgraded\"}, {\"ext\": \"ttml\", \"url\": \"https://www.youtube.com/api/timedtext?v=ezv5DuvCk0E&ei=z8xXafHFHv6Z6dsP-9P_uAs&caps=asr&opi=112496729&xoaf=5&xowf=1&xospf=1&hl=en&ip=0.0.0.0&ipbits=0&expire=1767386943&sparams=ip%2Cipbits%2Cexpire%2Cv%2Cei%2Ccaps%2Copi%2Cxoaf&signature=31ACC713C92BF468B0604D892289468DE459EB82.25E594A16AE4D763A16583FBA9E0634898D041F5&key=yt8&kind=asr&lang=pl&variant=ec&tlang=st&fmt=ttml\", \"name\": \"Southern Sotho\", \"impersonate\": true, \"__yt_dlp_client\": \"tv_downgraded\"}, {\"ext\": \"srt\", \"url\": \"https://www.youtube.com/api/timedtext?v=ezv5DuvCk0E&ei=z8xXafHFHv6Z6dsP-9P_uAs&caps=asr&opi=112496729&xoaf=5&xowf=1&xospf=1&hl=en&ip=0.0.0.0&ipbits=0&expire=1767386943&sparams=ip%2Cipbits%2Cexpire%2Cv%2Cei%2Ccaps%2Copi%2Cxoaf&signature=31ACC713C92BF468B0604D892289468DE459EB82.25E594A16AE4D763A16583FBA9E0634898D041F5&key=yt8&kind=asr&lang=pl&variant=ec&tlang=st&fmt=srt\", \"name\": \"Southern Sotho\", \"impersonate\": true, \"__yt_dlp_client\": \"tv_downgraded\"}, {\"ext\": \"vtt\", \"url\": \"https://www.youtube.com/api/timedtext?v=ezv5DuvCk0E&ei=z8xXafHFHv6Z6dsP-9P_uAs&caps=asr&opi=112496729&xoaf=5&xowf=1&xospf=1&hl=en&ip=0.0.0.0&ipbits=0&expire=1767386943&sparams=ip%2Cipbits%2Cexpire%2Cv%2Cei%2Ccaps%2Copi%2Cxoaf&signature=31ACC713C92BF468B0604D892289468DE459EB82.25E594A16AE4D763A16583FBA9E0634898D041F5&key=yt8&kind=asr&lang=pl&variant=ec&tlang=st&fmt=vtt\", \"name\": \"Southern Sotho\", \"impersonate\": true, \"__yt_dlp_client\": \"tv_downgraded\"}], \"es\": [{\"ext\": \"json3\", \"url\": \"https://www.youtube.com/api/timedtext?v=ezv5DuvCk0E&ei=z8xXafHFHv6Z6dsP-9P_uAs&caps=asr&opi=112496729&xoaf=5&xowf=1&xospf=1&hl=en&ip=0.0.0.0&ipbits=0&expire=1767386943&sparams=ip%2Cipbits%2Cexpire%2Cv%2Cei%2Ccaps%2Copi%2Cxoaf&signature=31ACC713C92BF468B0604D892289468DE459EB82.25E594A16AE4D763A16583FBA9E0634898D041F5&key=yt8&kind=asr&lang=pl&variant=ec&tlang=es&fmt=json3\", \"name\": \"Spanish\", \"impersonate\": true, \"__yt_dlp_client\": \"tv_downgraded\"}, {\"ext\": \"srv1\", \"url\": \"https://www.youtube.com/api/timedtext?v=ezv5DuvCk0E&ei=z8xXafHFHv6Z6dsP-9P_uAs&caps=asr&opi=112496729&xoaf=5&xowf=1&xospf=1&hl=en&ip=0.0.0.0&ipbits=0&expire=1767386943&sparams=ip%2Cipbits%2Cexpire%2Cv%2Cei%2Ccaps%2Copi%2Cxoaf&signature=31ACC713C92BF468B0604D892289468DE459EB82.25E594A16AE4D763A16583FBA9E0634898D041F5&key=yt8&kind=asr&lang=pl&variant=ec&tlang=es&fmt=srv1\", \"name\": \"Spanish\", \"impersonate\": true, \"__yt_dlp_client\": \"tv_downgraded\"}, {\"ext\": \"srv2\", \"url\": \"https://www.youtube.com/api/timedtext?v=ezv5DuvCk0E&ei=z8xXafHFHv6Z6dsP-9P_uAs&caps=asr&opi=112496729&xoaf=5&xowf=1&xospf=1&hl=en&ip=0.0.0.0&ipbits=0&expire=1767386943&sparams=ip%2Cipbits%2Cexpire%2Cv%2Cei%2Ccaps%2Copi%2Cxoaf&signature=31ACC713C92BF468B0604D892289468DE459EB82.25E594A16AE4D763A16583FBA9E0634898D041F5&key=yt8&kind=asr&lang=pl&variant=ec&tlang=es&fmt=srv2\", \"name\": \"Spanish\", \"impersonate\": true, \"__yt_dlp_client\": \"tv_downgraded\"}, {\"ext\": \"srv3\", \"url\": \"https://www.youtube.com/api/timedtext?v=ezv5DuvCk0E&ei=z8xXafHFHv6Z6dsP-9P_uAs&caps=asr&opi=112496729&xoaf=5&xowf=1&xospf=1&hl=en&ip=0.0.0.0&ipbits=0&expire=1767386943&sparams=ip%2Cipbits%2Cexpire%2Cv%2Cei%2Ccaps%2Copi%2Cxoaf&signature=31ACC713C92BF468B0604D892289468DE459EB82.25E594A16AE4D763A16583FBA9E0634898D041F5&key=yt8&kind=asr&lang=pl&variant=ec&tlang=es&fmt=srv3\", \"name\": \"Spanish\", \"impersonate\": true, \"__yt_dlp_client\": \"tv_downgraded\"}, {\"ext\": \"ttml\", \"url\": \"https://www.youtube.com/api/timedtext?v=ezv5DuvCk0E&ei=z8xXafHFHv6Z6dsP-9P_uAs&caps=asr&opi=112496729&xoaf=5&xowf=1&xospf=1&hl=en&ip=0.0.0.0&ipbits=0&expire=1767386943&sparams=ip%2Cipbits%2Cexpire%2Cv%2Cei%2Ccaps%2Copi%2Cxoaf&signature=31ACC713C92BF468B0604D892289468DE459EB82.25E594A16AE4D763A16583FBA9E0634898D041F5&key=yt8&kind=asr&lang=pl&variant=ec&tlang=es&fmt=ttml\", \"name\": \"Spanish\", \"impersonate\": true, \"__yt_dlp_client\": \"tv_downgraded\"}, {\"ext\": \"srt\", \"url\": \"https://www.youtube.com/api/timedtext?v=ezv5DuvCk0E&ei=z8xXafHFHv6Z6dsP-9P_uAs&caps=asr&opi=112496729&xoaf=5&xowf=1&xospf=1&hl=en&ip=0.0.0.0&ipbits=0&expire=1767386943&sparams=ip%2Cipbits%2Cexpire%2Cv%2Cei%2Ccaps%2Copi%2Cxoaf&signature=31ACC713C92BF468B0604D892289468DE459EB82.25E594A16AE4D763A16583FBA9E0634898D041F5&key=yt8&kind=asr&lang=pl&variant=ec&tlang=es&fmt=srt\", \"name\": \"Spanish\", \"impersonate\": true, \"__yt_dlp_client\": \"tv_downgraded\"}, {\"ext\": \"vtt\", \"url\": \"https://www.youtube.com/api/timedtext?v=ezv5DuvCk0E&ei=z8xXafHFHv6Z6dsP-9P_uAs&caps=asr&opi=112496729&xoaf=5&xowf=1&xospf=1&hl=en&ip=0.0.0.0&ipbits=0&expire=1767386943&sparams=ip%2Cipbits%2Cexpire%2Cv%2Cei%2Ccaps%2Copi%2Cxoaf&signature=31ACC713C92BF468B0604D892289468DE459EB82.25E594A16AE4D763A16583FBA9E0634898D041F5&key=yt8&kind=asr&lang=pl&variant=ec&tlang=es&fmt=vtt\", \"name\": \"Spanish\", \"impersonate\": true, \"__yt_dlp_client\": \"tv_downgraded\"}], \"su\": [{\"ext\": \"json3\", \"url\": \"https://www.youtube.com/api/timedtext?v=ezv5DuvCk0E&ei=z8xXafHFHv6Z6dsP-9P_uAs&caps=asr&opi=112496729&xoaf=5&xowf=1&xospf=1&hl=en&ip=0.0.0.0&ipbits=0&expire=1767386943&sparams=ip%2Cipbits%2Cexpire%2Cv%2Cei%2Ccaps%2Copi%2Cxoaf&signature=31ACC713C92BF468B0604D892289468DE459EB82.25E594A16AE4D763A16583FBA9E0634898D041F5&key=yt8&kind=asr&lang=pl&variant=ec&tlang=su&fmt=json3\", \"name\": \"Sundanese\", \"impersonate\": true, \"__yt_dlp_client\": \"tv_downgraded\"}, {\"ext\": \"srv1\", \"url\": \"https://www.youtube.com/api/timedtext?v=ezv5DuvCk0E&ei=z8xXafHFHv6Z6dsP-9P_uAs&caps=asr&opi=112496729&xoaf=5&xowf=1&xospf=1&hl=en&ip=0.0.0.0&ipbits=0&expire=1767386943&sparams=ip%2Cipbits%2Cexpire%2Cv%2Cei%2Ccaps%2Copi%2Cxoaf&signature=31ACC713C92BF468B0604D892289468DE459EB82.25E594A16AE4D763A16583FBA9E0634898D041F5&key=yt8&kind=asr&lang=pl&variant=ec&tlang=su&fmt=srv1\", \"name\": \"Sundanese\", \"impersonate\": true, \"__yt_dlp_client\": \"tv_downgraded\"}, {\"ext\": \"srv2\", \"url\": \"https://www.youtube.com/api/timedtext?v=ezv5DuvCk0E&ei=z8xXafHFHv6Z6dsP-9P_uAs&caps=asr&opi=112496729&xoaf=5&xowf=1&xospf=1&hl=en&ip=0.0.0.0&ipbits=0&expire=1767386943&sparams=ip%2Cipbits%2Cexpire%2Cv%2Cei%2Ccaps%2Copi%2Cxoaf&signature=31ACC713C92BF468B0604D892289468DE459EB82.25E594A16AE4D763A16583FBA9E0634898D041F5&key=yt8&kind=asr&lang=pl&variant=ec&tlang=su&fmt=srv2\", \"name\": \"Sundanese\", \"impersonate\": true, \"__yt_dlp_client\": \"tv_downgraded\"}, {\"ext\": \"srv3\", \"url\": \"https://www.youtube.com/api/timedtext?v=ezv5DuvCk0E&ei=z8xXafHFHv6Z6dsP-9P_uAs&caps=asr&opi=112496729&xoaf=5&xowf=1&xospf=1&hl=en&ip=0.0.0.0&ipbits=0&expire=1767386943&sparams=ip%2Cipbits%2Cexpire%2Cv%2Cei%2Ccaps%2Copi%2Cxoaf&signature=31ACC713C92BF468B0604D892289468DE459EB82.25E594A16AE4D763A16583FBA9E0634898D041F5&key=yt8&kind=asr&lang=pl&variant=ec&tlang=su&fmt=srv3\", \"name\": \"Sundanese\", \"impersonate\": true, \"__yt_dlp_client\": \"tv_downgraded\"}, {\"ext\": \"ttml\", \"url\": \"https://www.youtube.com/api/timedtext?v=ezv5DuvCk0E&ei=z8xXafHFHv6Z6dsP-9P_uAs&caps=asr&opi=112496729&xoaf=5&xowf=1&xospf=1&hl=en&ip=0.0.0.0&ipbits=0&expire=1767386943&sparams=ip%2Cipbits%2Cexpire%2Cv%2Cei%2Ccaps%2Copi%2Cxoaf&signature=31ACC713C92BF468B0604D892289468DE459EB82.25E594A16AE4D763A16583FBA9E0634898D041F5&key=yt8&kind=asr&lang=pl&variant=ec&tlang=su&fmt=ttml\", \"name\": \"Sundanese\", \"impersonate\": true, \"__yt_dlp_client\": \"tv_downgraded\"}, {\"ext\": \"srt\", \"url\": \"https://www.youtube.com/api/timedtext?v=ezv5DuvCk0E&ei=z8xXafHFHv6Z6dsP-9P_uAs&caps=asr&opi=112496729&xoaf=5&xowf=1&xospf=1&hl=en&ip=0.0.0.0&ipbits=0&expire=1767386943&sparams=ip%2Cipbits%2Cexpire%2Cv%2Cei%2Ccaps%2Copi%2Cxoaf&signature=31ACC713C92BF468B0604D892289468DE459EB82.25E594A16AE4D763A16583FBA9E0634898D041F5&key=yt8&kind=asr&lang=pl&variant=ec&tlang=su&fmt=srt\", \"name\": \"Sundanese\", \"impersonate\": true, \"__yt_dlp_client\": \"tv_downgraded\"}, {\"ext\": \"vtt\", \"url\": \"https://www.youtube.com/api/timedtext?v=ezv5DuvCk0E&ei=z8xXafHFHv6Z6dsP-9P_uAs&caps=asr&opi=112496729&xoaf=5&xowf=1&xospf=1&hl=en&ip=0.0.0.0&ipbits=0&expire=1767386943&sparams=ip%2Cipbits%2Cexpire%2Cv%2Cei%2Ccaps%2Copi%2Cxoaf&signature=31ACC713C92BF468B0604D892289468DE459EB82.25E594A16AE4D763A16583FBA9E0634898D041F5&key=yt8&kind=asr&lang=pl&variant=ec&tlang=su&fmt=vtt\", \"name\": \"Sundanese\", \"impersonate\": true, \"__yt_dlp_client\": \"tv_downgraded\"}], \"sw\": [{\"ext\": \"json3\", \"url\": \"https://www.youtube.com/api/timedtext?v=ezv5DuvCk0E&ei=z8xXafHFHv6Z6dsP-9P_uAs&caps=asr&opi=112496729&xoaf=5&xowf=1&xospf=1&hl=en&ip=0.0.0.0&ipbits=0&expire=1767386943&sparams=ip%2Cipbits%2Cexpire%2Cv%2Cei%2Ccaps%2Copi%2Cxoaf&signature=31ACC713C92BF468B0604D892289468DE459EB82.25E594A16AE4D763A16583FBA9E0634898D041F5&key=yt8&kind=asr&lang=pl&variant=ec&tlang=sw&fmt=json3\", \"name\": \"Swahili\", \"impersonate\": true, \"__yt_dlp_client\": \"tv_downgraded\"}, {\"ext\": \"srv1\", \"url\": \"https://www.youtube.com/api/timedtext?v=ezv5DuvCk0E&ei=z8xXafHFHv6Z6dsP-9P_uAs&caps=asr&opi=112496729&xoaf=5&xowf=1&xospf=1&hl=en&ip=0.0.0.0&ipbits=0&expire=1767386943&sparams=ip%2Cipbits%2Cexpire%2Cv%2Cei%2Ccaps%2Copi%2Cxoaf&signature=31ACC713C92BF468B0604D892289468DE459EB82.25E594A16AE4D763A16583FBA9E0634898D041F5&key=yt8&kind=asr&lang=pl&variant=ec&tlang=sw&fmt=srv1\", \"name\": \"Swahili\", \"impersonate\": true, \"__yt_dlp_client\": \"tv_downgraded\"}, {\"ext\": \"srv2\", \"url\": \"https://www.youtube.com/api/timedtext?v=ezv5DuvCk0E&ei=z8xXafHFHv6Z6dsP-9P_uAs&caps=asr&opi=112496729&xoaf=5&xowf=1&xospf=1&hl=en&ip=0.0.0.0&ipbits=0&expire=1767386943&sparams=ip%2Cipbits%2Cexpire%2Cv%2Cei%2Ccaps%2Copi%2Cxoaf&signature=31ACC713C92BF468B0604D892289468DE459EB82.25E594A16AE4D763A16583FBA9E0634898D041F5&key=yt8&kind=asr&lang=pl&variant=ec&tlang=sw&fmt=srv2\", \"name\": \"Swahili\", \"impersonate\": true, \"__yt_dlp_client\": \"tv_downgraded\"}, {\"ext\": \"srv3\", \"url\": \"https://www.youtube.com/api/timedtext?v=ezv5DuvCk0E&ei=z8xXafHFHv6Z6dsP-9P_uAs&caps=asr&opi=112496729&xoaf=5&xowf=1&xospf=1&hl=en&ip=0.0.0.0&ipbits=0&expire=1767386943&sparams=ip%2Cipbits%2Cexpire%2Cv%2Cei%2Ccaps%2Copi%2Cxoaf&signature=31ACC713C92BF468B0604D892289468DE459EB82.25E594A16AE4D763A16583FBA9E0634898D041F5&key=yt8&kind=asr&lang=pl&variant=ec&tlang=sw&fmt=srv3\", \"name\": \"Swahili\", \"impersonate\": true, \"__yt_dlp_client\": \"tv_downgraded\"}, {\"ext\": \"ttml\", \"url\": \"https://www.youtube.com/api/timedtext?v=ezv5DuvCk0E&ei=z8xXafHFHv6Z6dsP-9P_uAs&caps=asr&opi=112496729&xoaf=5&xowf=1&xospf=1&hl=en&ip=0.0.0.0&ipbits=0&expire=1767386943&sparams=ip%2Cipbits%2Cexpire%2Cv%2Cei%2Ccaps%2Copi%2Cxoaf&signature=31ACC713C92BF468B0604D892289468DE459EB82.25E594A16AE4D763A16583FBA9E0634898D041F5&key=yt8&kind=asr&lang=pl&variant=ec&tlang=sw&fmt=ttml\", \"name\": \"Swahili\", \"impersonate\": true, \"__yt_dlp_client\": \"tv_downgraded\"}, {\"ext\": \"srt\", \"url\": \"https://www.youtube.com/api/timedtext?v=ezv5DuvCk0E&ei=z8xXafHFHv6Z6dsP-9P_uAs&caps=asr&opi=112496729&xoaf=5&xowf=1&xospf=1&hl=en&ip=0.0.0.0&ipbits=0&expire=1767386943&sparams=ip%2Cipbits%2Cexpire%2Cv%2Cei%2Ccaps%2Copi%2Cxoaf&signature=31ACC713C92BF468B0604D892289468DE459EB82.25E594A16AE4D763A16583FBA9E0634898D041F5&key=yt8&kind=asr&lang=pl&variant=ec&tlang=sw&fmt=srt\", \"name\": \"Swahili\", \"impersonate\": true, \"__yt_dlp_client\": \"tv_downgraded\"}, {\"ext\": \"vtt\", \"url\": \"https://www.youtube.com/api/timedtext?v=ezv5DuvCk0E&ei=z8xXafHFHv6Z6dsP-9P_uAs&caps=asr&opi=112496729&xoaf=5&xowf=1&xospf=1&hl=en&ip=0.0.0.0&ipbits=0&expire=1767386943&sparams=ip%2Cipbits%2Cexpire%2Cv%2Cei%2Ccaps%2Copi%2Cxoaf&signature=31ACC713C92BF468B0604D892289468DE459EB82.25E594A16AE4D763A16583FBA9E0634898D041F5&key=yt8&kind=asr&lang=pl&variant=ec&tlang=sw&fmt=vtt\", \"name\": \"Swahili\", \"impersonate\": true, \"__yt_dlp_client\": \"tv_downgraded\"}], \"ss\": [{\"ext\": \"json3\", \"url\": \"https://www.youtube.com/api/timedtext?v=ezv5DuvCk0E&ei=z8xXafHFHv6Z6dsP-9P_uAs&caps=asr&opi=112496729&xoaf=5&xowf=1&xospf=1&hl=en&ip=0.0.0.0&ipbits=0&expire=1767386943&sparams=ip%2Cipbits%2Cexpire%2Cv%2Cei%2Ccaps%2Copi%2Cxoaf&signature=31ACC713C92BF468B0604D892289468DE459EB82.25E594A16AE4D763A16583FBA9E0634898D041F5&key=yt8&kind=asr&lang=pl&variant=ec&tlang=ss&fmt=json3\", \"name\": \"Swati\", \"impersonate\": true, \"__yt_dlp_client\": \"tv_downgraded\"}, {\"ext\": \"srv1\", \"url\": \"https://www.youtube.com/api/timedtext?v=ezv5DuvCk0E&ei=z8xXafHFHv6Z6dsP-9P_uAs&caps=asr&opi=112496729&xoaf=5&xowf=1&xospf=1&hl=en&ip=0.0.0.0&ipbits=0&expire=1767386943&sparams=ip%2Cipbits%2Cexpire%2Cv%2Cei%2Ccaps%2Copi%2Cxoaf&signature=31ACC713C92BF468B0604D892289468DE459EB82.25E594A16AE4D763A16583FBA9E0634898D041F5&key=yt8&kind=asr&lang=pl&variant=ec&tlang=ss&fmt=srv1\", \"name\": \"Swati\", \"impersonate\": true, \"__yt_dlp_client\": \"tv_downgraded\"}, {\"ext\": \"srv2\", \"url\": \"https://www.youtube.com/api/timedtext?v=ezv5DuvCk0E&ei=z8xXafHFHv6Z6dsP-9P_uAs&caps=asr&opi=112496729&xoaf=5&xowf=1&xospf=1&hl=en&ip=0.0.0.0&ipbits=0&expire=1767386943&sparams=ip%2Cipbits%2Cexpire%2Cv%2Cei%2Ccaps%2Copi%2Cxoaf&signature=31ACC713C92BF468B0604D892289468DE459EB82.25E594A16AE4D763A16583FBA9E0634898D041F5&key=yt8&kind=asr&lang=pl&variant=ec&tlang=ss&fmt=srv2\", \"name\": \"Swati\", \"impersonate\": true, \"__yt_dlp_client\": \"tv_downgraded\"}, {\"ext\": \"srv3\", \"url\": \"https://www.youtube.com/api/timedtext?v=ezv5DuvCk0E&ei=z8xXafHFHv6Z6dsP-9P_uAs&caps=asr&opi=112496729&xoaf=5&xowf=1&xospf=1&hl=en&ip=0.0.0.0&ipbits=0&expire=1767386943&sparams=ip%2Cipbits%2Cexpire%2Cv%2Cei%2Ccaps%2Copi%2Cxoaf&signature=31ACC713C92BF468B0604D892289468DE459EB82.25E594A16AE4D763A16583FBA9E0634898D041F5&key=yt8&kind=asr&lang=pl&variant=ec&tlang=ss&fmt=srv3\", \"name\": \"Swati\", \"impersonate\": true, \"__yt_dlp_client\": \"tv_downgraded\"}, {\"ext\": \"ttml\", \"url\": \"https://www.youtube.com/api/timedtext?v=ezv5DuvCk0E&ei=z8xXafHFHv6Z6dsP-9P_uAs&caps=asr&opi=112496729&xoaf=5&xowf=1&xospf=1&hl=en&ip=0.0.0.0&ipbits=0&expire=1767386943&sparams=ip%2Cipbits%2Cexpire%2Cv%2Cei%2Ccaps%2Copi%2Cxoaf&signature=31ACC713C92BF468B0604D892289468DE459EB82.25E594A16AE4D763A16583FBA9E0634898D041F5&key=yt8&kind=asr&lang=pl&variant=ec&tlang=ss&fmt=ttml\", \"name\": \"Swati\", \"impersonate\": true, \"__yt_dlp_client\": \"tv_downgraded\"}, {\"ext\": \"srt\", \"url\": \"https://www.youtube.com/api/timedtext?v=ezv5DuvCk0E&ei=z8xXafHFHv6Z6dsP-9P_uAs&caps=asr&opi=112496729&xoaf=5&xowf=1&xospf=1&hl=en&ip=0.0.0.0&ipbits=0&expire=1767386943&sparams=ip%2Cipbits%2Cexpire%2Cv%2Cei%2Ccaps%2Copi%2Cxoaf&signature=31ACC713C92BF468B0604D892289468DE459EB82.25E594A16AE4D763A16583FBA9E0634898D041F5&key=yt8&kind=asr&lang=pl&variant=ec&tlang=ss&fmt=srt\", \"name\": \"Swati\", \"impersonate\": true, \"__yt_dlp_client\": \"tv_downgraded\"}, {\"ext\": \"vtt\", \"url\": \"https://www.youtube.com/api/timedtext?v=ezv5DuvCk0E&ei=z8xXafHFHv6Z6dsP-9P_uAs&caps=asr&opi=112496729&xoaf=5&xowf=1&xospf=1&hl=en&ip=0.0.0.0&ipbits=0&expire=1767386943&sparams=ip%2Cipbits%2Cexpire%2Cv%2Cei%2Ccaps%2Copi%2Cxoaf&signature=31ACC713C92BF468B0604D892289468DE459EB82.25E594A16AE4D763A16583FBA9E0634898D041F5&key=yt8&kind=asr&lang=pl&variant=ec&tlang=ss&fmt=vtt\", \"name\": \"Swati\", \"impersonate\": true, \"__yt_dlp_client\": \"tv_downgraded\"}], \"sv\": [{\"ext\": \"json3\", \"url\": \"https://www.youtube.com/api/timedtext?v=ezv5DuvCk0E&ei=z8xXafHFHv6Z6dsP-9P_uAs&caps=asr&opi=112496729&xoaf=5&xowf=1&xospf=1&hl=en&ip=0.0.0.0&ipbits=0&expire=1767386943&sparams=ip%2Cipbits%2Cexpire%2Cv%2Cei%2Ccaps%2Copi%2Cxoaf&signature=31ACC713C92BF468B0604D892289468DE459EB82.25E594A16AE4D763A16583FBA9E0634898D041F5&key=yt8&kind=asr&lang=pl&variant=ec&tlang=sv&fmt=json3\", \"name\": \"Swedish\", \"impersonate\": true, \"__yt_dlp_client\": \"tv_downgraded\"}, {\"ext\": \"srv1\", \"url\": \"https://www.youtube.com/api/timedtext?v=ezv5DuvCk0E&ei=z8xXafHFHv6Z6dsP-9P_uAs&caps=asr&opi=112496729&xoaf=5&xowf=1&xospf=1&hl=en&ip=0.0.0.0&ipbits=0&expire=1767386943&sparams=ip%2Cipbits%2Cexpire%2Cv%2Cei%2Ccaps%2Copi%2Cxoaf&signature=31ACC713C92BF468B0604D892289468DE459EB82.25E594A16AE4D763A16583FBA9E0634898D041F5&key=yt8&kind=asr&lang=pl&variant=ec&tlang=sv&fmt=srv1\", \"name\": \"Swedish\", \"impersonate\": true, \"__yt_dlp_client\": \"tv_downgraded\"}, {\"ext\": \"srv2\", \"url\": \"https://www.youtube.com/api/timedtext?v=ezv5DuvCk0E&ei=z8xXafHFHv6Z6dsP-9P_uAs&caps=asr&opi=112496729&xoaf=5&xowf=1&xospf=1&hl=en&ip=0.0.0.0&ipbits=0&expire=1767386943&sparams=ip%2Cipbits%2Cexpire%2Cv%2Cei%2Ccaps%2Copi%2Cxoaf&signature=31ACC713C92BF468B0604D892289468DE459EB82.25E594A16AE4D763A16583FBA9E0634898D041F5&key=yt8&kind=asr&lang=pl&variant=ec&tlang=sv&fmt=srv2\", \"name\": \"Swedish\", \"impersonate\": true, \"__yt_dlp_client\": \"tv_downgraded\"}, {\"ext\": \"srv3\", \"url\": \"https://www.youtube.com/api/timedtext?v=ezv5DuvCk0E&ei=z8xXafHFHv6Z6dsP-9P_uAs&caps=asr&opi=112496729&xoaf=5&xowf=1&xospf=1&hl=en&ip=0.0.0.0&ipbits=0&expire=1767386943&sparams=ip%2Cipbits%2Cexpire%2Cv%2Cei%2Ccaps%2Copi%2Cxoaf&signature=31ACC713C92BF468B0604D892289468DE459EB82.25E594A16AE4D763A16583FBA9E0634898D041F5&key=yt8&kind=asr&lang=pl&variant=ec&tlang=sv&fmt=srv3\", \"name\": \"Swedish\", \"impersonate\": true, \"__yt_dlp_client\": \"tv_downgraded\"}, {\"ext\": \"ttml\", \"url\": \"https://www.youtube.com/api/timedtext?v=ezv5DuvCk0E&ei=z8xXafHFHv6Z6dsP-9P_uAs&caps=asr&opi=112496729&xoaf=5&xowf=1&xospf=1&hl=en&ip=0.0.0.0&ipbits=0&expire=1767386943&sparams=ip%2Cipbits%2Cexpire%2Cv%2Cei%2Ccaps%2Copi%2Cxoaf&signature=31ACC713C92BF468B0604D892289468DE459EB82.25E594A16AE4D763A16583FBA9E0634898D041F5&key=yt8&kind=asr&lang=pl&variant=ec&tlang=sv&fmt=ttml\", \"name\": \"Swedish\", \"impersonate\": true, \"__yt_dlp_client\": \"tv_downgraded\"}, {\"ext\": \"srt\", \"url\": \"https://www.youtube.com/api/timedtext?v=ezv5DuvCk0E&ei=z8xXafHFHv6Z6dsP-9P_uAs&caps=asr&opi=112496729&xoaf=5&xowf=1&xospf=1&hl=en&ip=0.0.0.0&ipbits=0&expire=1767386943&sparams=ip%2Cipbits%2Cexpire%2Cv%2Cei%2Ccaps%2Copi%2Cxoaf&signature=31ACC713C92BF468B0604D892289468DE459EB82.25E594A16AE4D763A16583FBA9E0634898D041F5&key=yt8&kind=asr&lang=pl&variant=ec&tlang=sv&fmt=srt\", \"name\": \"Swedish\", \"impersonate\": true, \"__yt_dlp_client\": \"tv_downgraded\"}, {\"ext\": \"vtt\", \"url\": \"https://www.youtube.com/api/timedtext?v=ezv5DuvCk0E&ei=z8xXafHFHv6Z6dsP-9P_uAs&caps=asr&opi=112496729&xoaf=5&xowf=1&xospf=1&hl=en&ip=0.0.0.0&ipbits=0&expire=1767386943&sparams=ip%2Cipbits%2Cexpire%2Cv%2Cei%2Ccaps%2Copi%2Cxoaf&signature=31ACC713C92BF468B0604D892289468DE459EB82.25E594A16AE4D763A16583FBA9E0634898D041F5&key=yt8&kind=asr&lang=pl&variant=ec&tlang=sv&fmt=vtt\", \"name\": \"Swedish\", \"impersonate\": true, \"__yt_dlp_client\": \"tv_downgraded\"}], \"tg\": [{\"ext\": \"json3\", \"url\": \"https://www.youtube.com/api/timedtext?v=ezv5DuvCk0E&ei=z8xXafHFHv6Z6dsP-9P_uAs&caps=asr&opi=112496729&xoaf=5&xowf=1&xospf=1&hl=en&ip=0.0.0.0&ipbits=0&expire=1767386943&sparams=ip%2Cipbits%2Cexpire%2Cv%2Cei%2Ccaps%2Copi%2Cxoaf&signature=31ACC713C92BF468B0604D892289468DE459EB82.25E594A16AE4D763A16583FBA9E0634898D041F5&key=yt8&kind=asr&lang=pl&variant=ec&tlang=tg&fmt=json3\", \"name\": \"Tajik\", \"impersonate\": true, \"__yt_dlp_client\": \"tv_downgraded\"}, {\"ext\": \"srv1\", \"url\": \"https://www.youtube.com/api/timedtext?v=ezv5DuvCk0E&ei=z8xXafHFHv6Z6dsP-9P_uAs&caps=asr&opi=112496729&xoaf=5&xowf=1&xospf=1&hl=en&ip=0.0.0.0&ipbits=0&expire=1767386943&sparams=ip%2Cipbits%2Cexpire%2Cv%2Cei%2Ccaps%2Copi%2Cxoaf&signature=31ACC713C92BF468B0604D892289468DE459EB82.25E594A16AE4D763A16583FBA9E0634898D041F5&key=yt8&kind=asr&lang=pl&variant=ec&tlang=tg&fmt=srv1\", \"name\": \"Tajik\", \"impersonate\": true, \"__yt_dlp_client\": \"tv_downgraded\"}, {\"ext\": \"srv2\", \"url\": \"https://www.youtube.com/api/timedtext?v=ezv5DuvCk0E&ei=z8xXafHFHv6Z6dsP-9P_uAs&caps=asr&opi=112496729&xoaf=5&xowf=1&xospf=1&hl=en&ip=0.0.0.0&ipbits=0&expire=1767386943&sparams=ip%2Cipbits%2Cexpire%2Cv%2Cei%2Ccaps%2Copi%2Cxoaf&signature=31ACC713C92BF468B0604D892289468DE459EB82.25E594A16AE4D763A16583FBA9E0634898D041F5&key=yt8&kind=asr&lang=pl&variant=ec&tlang=tg&fmt=srv2\", \"name\": \"Tajik\", \"impersonate\": true, \"__yt_dlp_client\": \"tv_downgraded\"}, {\"ext\": \"srv3\", \"url\": \"https://www.youtube.com/api/timedtext?v=ezv5DuvCk0E&ei=z8xXafHFHv6Z6dsP-9P_uAs&caps=asr&opi=112496729&xoaf=5&xowf=1&xospf=1&hl=en&ip=0.0.0.0&ipbits=0&expire=1767386943&sparams=ip%2Cipbits%2Cexpire%2Cv%2Cei%2Ccaps%2Copi%2Cxoaf&signature=31ACC713C92BF468B0604D892289468DE459EB82.25E594A16AE4D763A16583FBA9E0634898D041F5&key=yt8&kind=asr&lang=pl&variant=ec&tlang=tg&fmt=srv3\", \"name\": \"Tajik\", \"impersonate\": true, \"__yt_dlp_client\": \"tv_downgraded\"}, {\"ext\": \"ttml\", \"url\": \"https://www.youtube.com/api/timedtext?v=ezv5DuvCk0E&ei=z8xXafHFHv6Z6dsP-9P_uAs&caps=asr&opi=112496729&xoaf=5&xowf=1&xospf=1&hl=en&ip=0.0.0.0&ipbits=0&expire=1767386943&sparams=ip%2Cipbits%2Cexpire%2Cv%2Cei%2Ccaps%2Copi%2Cxoaf&signature=31ACC713C92BF468B0604D892289468DE459EB82.25E594A16AE4D763A16583FBA9E0634898D041F5&key=yt8&kind=asr&lang=pl&variant=ec&tlang=tg&fmt=ttml\", \"name\": \"Tajik\", \"impersonate\": true, \"__yt_dlp_client\": \"tv_downgraded\"}, {\"ext\": \"srt\", \"url\": \"https://www.youtube.com/api/timedtext?v=ezv5DuvCk0E&ei=z8xXafHFHv6Z6dsP-9P_uAs&caps=asr&opi=112496729&xoaf=5&xowf=1&xospf=1&hl=en&ip=0.0.0.0&ipbits=0&expire=1767386943&sparams=ip%2Cipbits%2Cexpire%2Cv%2Cei%2Ccaps%2Copi%2Cxoaf&signature=31ACC713C92BF468B0604D892289468DE459EB82.25E594A16AE4D763A16583FBA9E0634898D041F5&key=yt8&kind=asr&lang=pl&variant=ec&tlang=tg&fmt=srt\", \"name\": \"Tajik\", \"impersonate\": true, \"__yt_dlp_client\": \"tv_downgraded\"}, {\"ext\": \"vtt\", \"url\": \"https://www.youtube.com/api/timedtext?v=ezv5DuvCk0E&ei=z8xXafHFHv6Z6dsP-9P_uAs&caps=asr&opi=112496729&xoaf=5&xowf=1&xospf=1&hl=en&ip=0.0.0.0&ipbits=0&expire=1767386943&sparams=ip%2Cipbits%2Cexpire%2Cv%2Cei%2Ccaps%2Copi%2Cxoaf&signature=31ACC713C92BF468B0604D892289468DE459EB82.25E594A16AE4D763A16583FBA9E0634898D041F5&key=yt8&kind=asr&lang=pl&variant=ec&tlang=tg&fmt=vtt\", \"name\": \"Tajik\", \"impersonate\": true, \"__yt_dlp_client\": \"tv_downgraded\"}], \"ta\": [{\"ext\": \"json3\", \"url\": \"https://www.youtube.com/api/timedtext?v=ezv5DuvCk0E&ei=z8xXafHFHv6Z6dsP-9P_uAs&caps=asr&opi=112496729&xoaf=5&xowf=1&xospf=1&hl=en&ip=0.0.0.0&ipbits=0&expire=1767386943&sparams=ip%2Cipbits%2Cexpire%2Cv%2Cei%2Ccaps%2Copi%2Cxoaf&signature=31ACC713C92BF468B0604D892289468DE459EB82.25E594A16AE4D763A16583FBA9E0634898D041F5&key=yt8&kind=asr&lang=pl&variant=ec&tlang=ta&fmt=json3\", \"name\": \"Tamil\", \"impersonate\": true, \"__yt_dlp_client\": \"tv_downgraded\"}, {\"ext\": \"srv1\", \"url\": \"https://www.youtube.com/api/timedtext?v=ezv5DuvCk0E&ei=z8xXafHFHv6Z6dsP-9P_uAs&caps=asr&opi=112496729&xoaf=5&xowf=1&xospf=1&hl=en&ip=0.0.0.0&ipbits=0&expire=1767386943&sparams=ip%2Cipbits%2Cexpire%2Cv%2Cei%2Ccaps%2Copi%2Cxoaf&signature=31ACC713C92BF468B0604D892289468DE459EB82.25E594A16AE4D763A16583FBA9E0634898D041F5&key=yt8&kind=asr&lang=pl&variant=ec&tlang=ta&fmt=srv1\", \"name\": \"Tamil\", \"impersonate\": true, \"__yt_dlp_client\": \"tv_downgraded\"}, {\"ext\": \"srv2\", \"url\": \"https://www.youtube.com/api/timedtext?v=ezv5DuvCk0E&ei=z8xXafHFHv6Z6dsP-9P_uAs&caps=asr&opi=112496729&xoaf=5&xowf=1&xospf=1&hl=en&ip=0.0.0.0&ipbits=0&expire=1767386943&sparams=ip%2Cipbits%2Cexpire%2Cv%2Cei%2Ccaps%2Copi%2Cxoaf&signature=31ACC713C92BF468B0604D892289468DE459EB82.25E594A16AE4D763A16583FBA9E0634898D041F5&key=yt8&kind=asr&lang=pl&variant=ec&tlang=ta&fmt=srv2\", \"name\": \"Tamil\", \"impersonate\": true, \"__yt_dlp_client\": \"tv_downgraded\"}, {\"ext\": \"srv3\", \"url\": \"https://www.youtube.com/api/timedtext?v=ezv5DuvCk0E&ei=z8xXafHFHv6Z6dsP-9P_uAs&caps=asr&opi=112496729&xoaf=5&xowf=1&xospf=1&hl=en&ip=0.0.0.0&ipbits=0&expire=1767386943&sparams=ip%2Cipbits%2Cexpire%2Cv%2Cei%2Ccaps%2Copi%2Cxoaf&signature=31ACC713C92BF468B0604D892289468DE459EB82.25E594A16AE4D763A16583FBA9E0634898D041F5&key=yt8&kind=asr&lang=pl&variant=ec&tlang=ta&fmt=srv3\", \"name\": \"Tamil\", \"impersonate\": true, \"__yt_dlp_client\": \"tv_downgraded\"}, {\"ext\": \"ttml\", \"url\": \"https://www.youtube.com/api/timedtext?v=ezv5DuvCk0E&ei=z8xXafHFHv6Z6dsP-9P_uAs&caps=asr&opi=112496729&xoaf=5&xowf=1&xospf=1&hl=en&ip=0.0.0.0&ipbits=0&expire=1767386943&sparams=ip%2Cipbits%2Cexpire%2Cv%2Cei%2Ccaps%2Copi%2Cxoaf&signature=31ACC713C92BF468B0604D892289468DE459EB82.25E594A16AE4D763A16583FBA9E0634898D041F5&key=yt8&kind=asr&lang=pl&variant=ec&tlang=ta&fmt=ttml\", \"name\": \"Tamil\", \"impersonate\": true, \"__yt_dlp_client\": \"tv_downgraded\"}, {\"ext\": \"srt\", \"url\": \"https://www.youtube.com/api/timedtext?v=ezv5DuvCk0E&ei=z8xXafHFHv6Z6dsP-9P_uAs&caps=asr&opi=112496729&xoaf=5&xowf=1&xospf=1&hl=en&ip=0.0.0.0&ipbits=0&expire=1767386943&sparams=ip%2Cipbits%2Cexpire%2Cv%2Cei%2Ccaps%2Copi%2Cxoaf&signature=31ACC713C92BF468B0604D892289468DE459EB82.25E594A16AE4D763A16583FBA9E0634898D041F5&key=yt8&kind=asr&lang=pl&variant=ec&tlang=ta&fmt=srt\", \"name\": \"Tamil\", \"impersonate\": true, \"__yt_dlp_client\": \"tv_downgraded\"}, {\"ext\": \"vtt\", \"url\": \"https://www.youtube.com/api/timedtext?v=ezv5DuvCk0E&ei=z8xXafHFHv6Z6dsP-9P_uAs&caps=asr&opi=112496729&xoaf=5&xowf=1&xospf=1&hl=en&ip=0.0.0.0&ipbits=0&expire=1767386943&sparams=ip%2Cipbits%2Cexpire%2Cv%2Cei%2Ccaps%2Copi%2Cxoaf&signature=31ACC713C92BF468B0604D892289468DE459EB82.25E594A16AE4D763A16583FBA9E0634898D041F5&key=yt8&kind=asr&lang=pl&variant=ec&tlang=ta&fmt=vtt\", \"name\": \"Tamil\", \"impersonate\": true, \"__yt_dlp_client\": \"tv_downgraded\"}], \"tt\": [{\"ext\": \"json3\", \"url\": \"https://www.youtube.com/api/timedtext?v=ezv5DuvCk0E&ei=z8xXafHFHv6Z6dsP-9P_uAs&caps=asr&opi=112496729&xoaf=5&xowf=1&xospf=1&hl=en&ip=0.0.0.0&ipbits=0&expire=1767386943&sparams=ip%2Cipbits%2Cexpire%2Cv%2Cei%2Ccaps%2Copi%2Cxoaf&signature=31ACC713C92BF468B0604D892289468DE459EB82.25E594A16AE4D763A16583FBA9E0634898D041F5&key=yt8&kind=asr&lang=pl&variant=ec&tlang=tt&fmt=json3\", \"name\": \"Tatar\", \"impersonate\": true, \"__yt_dlp_client\": \"tv_downgraded\"}, {\"ext\": \"srv1\", \"url\": \"https://www.youtube.com/api/timedtext?v=ezv5DuvCk0E&ei=z8xXafHFHv6Z6dsP-9P_uAs&caps=asr&opi=112496729&xoaf=5&xowf=1&xospf=1&hl=en&ip=0.0.0.0&ipbits=0&expire=1767386943&sparams=ip%2Cipbits%2Cexpire%2Cv%2Cei%2Ccaps%2Copi%2Cxoaf&signature=31ACC713C92BF468B0604D892289468DE459EB82.25E594A16AE4D763A16583FBA9E0634898D041F5&key=yt8&kind=asr&lang=pl&variant=ec&tlang=tt&fmt=srv1\", \"name\": \"Tatar\", \"impersonate\": true, \"__yt_dlp_client\": \"tv_downgraded\"}, {\"ext\": \"srv2\", \"url\": \"https://www.youtube.com/api/timedtext?v=ezv5DuvCk0E&ei=z8xXafHFHv6Z6dsP-9P_uAs&caps=asr&opi=112496729&xoaf=5&xowf=1&xospf=1&hl=en&ip=0.0.0.0&ipbits=0&expire=1767386943&sparams=ip%2Cipbits%2Cexpire%2Cv%2Cei%2Ccaps%2Copi%2Cxoaf&signature=31ACC713C92BF468B0604D892289468DE459EB82.25E594A16AE4D763A16583FBA9E0634898D041F5&key=yt8&kind=asr&lang=pl&variant=ec&tlang=tt&fmt=srv2\", \"name\": \"Tatar\", \"impersonate\": true, \"__yt_dlp_client\": \"tv_downgraded\"}, {\"ext\": \"srv3\", \"url\": \"https://www.youtube.com/api/timedtext?v=ezv5DuvCk0E&ei=z8xXafHFHv6Z6dsP-9P_uAs&caps=asr&opi=112496729&xoaf=5&xowf=1&xospf=1&hl=en&ip=0.0.0.0&ipbits=0&expire=1767386943&sparams=ip%2Cipbits%2Cexpire%2Cv%2Cei%2Ccaps%2Copi%2Cxoaf&signature=31ACC713C92BF468B0604D892289468DE459EB82.25E594A16AE4D763A16583FBA9E0634898D041F5&key=yt8&kind=asr&lang=pl&variant=ec&tlang=tt&fmt=srv3\", \"name\": \"Tatar\", \"impersonate\": true, \"__yt_dlp_client\": \"tv_downgraded\"}, {\"ext\": \"ttml\", \"url\": \"https://www.youtube.com/api/timedtext?v=ezv5DuvCk0E&ei=z8xXafHFHv6Z6dsP-9P_uAs&caps=asr&opi=112496729&xoaf=5&xowf=1&xospf=1&hl=en&ip=0.0.0.0&ipbits=0&expire=1767386943&sparams=ip%2Cipbits%2Cexpire%2Cv%2Cei%2Ccaps%2Copi%2Cxoaf&signature=31ACC713C92BF468B0604D892289468DE459EB82.25E594A16AE4D763A16583FBA9E0634898D041F5&key=yt8&kind=asr&lang=pl&variant=ec&tlang=tt&fmt=ttml\", \"name\": \"Tatar\", \"impersonate\": true, \"__yt_dlp_client\": \"tv_downgraded\"}, {\"ext\": \"srt\", \"url\": \"https://www.youtube.com/api/timedtext?v=ezv5DuvCk0E&ei=z8xXafHFHv6Z6dsP-9P_uAs&caps=asr&opi=112496729&xoaf=5&xowf=1&xospf=1&hl=en&ip=0.0.0.0&ipbits=0&expire=1767386943&sparams=ip%2Cipbits%2Cexpire%2Cv%2Cei%2Ccaps%2Copi%2Cxoaf&signature=31ACC713C92BF468B0604D892289468DE459EB82.25E594A16AE4D763A16583FBA9E0634898D041F5&key=yt8&kind=asr&lang=pl&variant=ec&tlang=tt&fmt=srt\", \"name\": \"Tatar\", \"impersonate\": true, \"__yt_dlp_client\": \"tv_downgraded\"}, {\"ext\": \"vtt\", \"url\": \"https://www.youtube.com/api/timedtext?v=ezv5DuvCk0E&ei=z8xXafHFHv6Z6dsP-9P_uAs&caps=asr&opi=112496729&xoaf=5&xowf=1&xospf=1&hl=en&ip=0.0.0.0&ipbits=0&expire=1767386943&sparams=ip%2Cipbits%2Cexpire%2Cv%2Cei%2Ccaps%2Copi%2Cxoaf&signature=31ACC713C92BF468B0604D892289468DE459EB82.25E594A16AE4D763A16583FBA9E0634898D041F5&key=yt8&kind=asr&lang=pl&variant=ec&tlang=tt&fmt=vtt\", \"name\": \"Tatar\", \"impersonate\": true, \"__yt_dlp_client\": \"tv_downgraded\"}], \"te\": [{\"ext\": \"json3\", \"url\": \"https://www.youtube.com/api/timedtext?v=ezv5DuvCk0E&ei=z8xXafHFHv6Z6dsP-9P_uAs&caps=asr&opi=112496729&xoaf=5&xowf=1&xospf=1&hl=en&ip=0.0.0.0&ipbits=0&expire=1767386943&sparams=ip%2Cipbits%2Cexpire%2Cv%2Cei%2Ccaps%2Copi%2Cxoaf&signature=31ACC713C92BF468B0604D892289468DE459EB82.25E594A16AE4D763A16583FBA9E0634898D041F5&key=yt8&kind=asr&lang=pl&variant=ec&tlang=te&fmt=json3\", \"name\": \"Telugu\", \"impersonate\": true, \"__yt_dlp_client\": \"tv_downgraded\"}, {\"ext\": \"srv1\", \"url\": \"https://www.youtube.com/api/timedtext?v=ezv5DuvCk0E&ei=z8xXafHFHv6Z6dsP-9P_uAs&caps=asr&opi=112496729&xoaf=5&xowf=1&xospf=1&hl=en&ip=0.0.0.0&ipbits=0&expire=1767386943&sparams=ip%2Cipbits%2Cexpire%2Cv%2Cei%2Ccaps%2Copi%2Cxoaf&signature=31ACC713C92BF468B0604D892289468DE459EB82.25E594A16AE4D763A16583FBA9E0634898D041F5&key=yt8&kind=asr&lang=pl&variant=ec&tlang=te&fmt=srv1\", \"name\": \"Telugu\", \"impersonate\": true, \"__yt_dlp_client\": \"tv_downgraded\"}, {\"ext\": \"srv2\", \"url\": \"https://www.youtube.com/api/timedtext?v=ezv5DuvCk0E&ei=z8xXafHFHv6Z6dsP-9P_uAs&caps=asr&opi=112496729&xoaf=5&xowf=1&xospf=1&hl=en&ip=0.0.0.0&ipbits=0&expire=1767386943&sparams=ip%2Cipbits%2Cexpire%2Cv%2Cei%2Ccaps%2Copi%2Cxoaf&signature=31ACC713C92BF468B0604D892289468DE459EB82.25E594A16AE4D763A16583FBA9E0634898D041F5&key=yt8&kind=asr&lang=pl&variant=ec&tlang=te&fmt=srv2\", \"name\": \"Telugu\", \"impersonate\": true, \"__yt_dlp_client\": \"tv_downgraded\"}, {\"ext\": \"srv3\", \"url\": \"https://www.youtube.com/api/timedtext?v=ezv5DuvCk0E&ei=z8xXafHFHv6Z6dsP-9P_uAs&caps=asr&opi=112496729&xoaf=5&xowf=1&xospf=1&hl=en&ip=0.0.0.0&ipbits=0&expire=1767386943&sparams=ip%2Cipbits%2Cexpire%2Cv%2Cei%2Ccaps%2Copi%2Cxoaf&signature=31ACC713C92BF468B0604D892289468DE459EB82.25E594A16AE4D763A16583FBA9E0634898D041F5&key=yt8&kind=asr&lang=pl&variant=ec&tlang=te&fmt=srv3\", \"name\": \"Telugu\", \"impersonate\": true, \"__yt_dlp_client\": \"tv_downgraded\"}, {\"ext\": \"ttml\", \"url\": \"https://www.youtube.com/api/timedtext?v=ezv5DuvCk0E&ei=z8xXafHFHv6Z6dsP-9P_uAs&caps=asr&opi=112496729&xoaf=5&xowf=1&xospf=1&hl=en&ip=0.0.0.0&ipbits=0&expire=1767386943&sparams=ip%2Cipbits%2Cexpire%2Cv%2Cei%2Ccaps%2Copi%2Cxoaf&signature=31ACC713C92BF468B0604D892289468DE459EB82.25E594A16AE4D763A16583FBA9E0634898D041F5&key=yt8&kind=asr&lang=pl&variant=ec&tlang=te&fmt=ttml\", \"name\": \"Telugu\", \"impersonate\": true, \"__yt_dlp_client\": \"tv_downgraded\"}, {\"ext\": \"srt\", \"url\": \"https://www.youtube.com/api/timedtext?v=ezv5DuvCk0E&ei=z8xXafHFHv6Z6dsP-9P_uAs&caps=asr&opi=112496729&xoaf=5&xowf=1&xospf=1&hl=en&ip=0.0.0.0&ipbits=0&expire=1767386943&sparams=ip%2Cipbits%2Cexpire%2Cv%2Cei%2Ccaps%2Copi%2Cxoaf&signature=31ACC713C92BF468B0604D892289468DE459EB82.25E594A16AE4D763A16583FBA9E0634898D041F5&key=yt8&kind=asr&lang=pl&variant=ec&tlang=te&fmt=srt\", \"name\": \"Telugu\", \"impersonate\": true, \"__yt_dlp_client\": \"tv_downgraded\"}, {\"ext\": \"vtt\", \"url\": \"https://www.youtube.com/api/timedtext?v=ezv5DuvCk0E&ei=z8xXafHFHv6Z6dsP-9P_uAs&caps=asr&opi=112496729&xoaf=5&xowf=1&xospf=1&hl=en&ip=0.0.0.0&ipbits=0&expire=1767386943&sparams=ip%2Cipbits%2Cexpire%2Cv%2Cei%2Ccaps%2Copi%2Cxoaf&signature=31ACC713C92BF468B0604D892289468DE459EB82.25E594A16AE4D763A16583FBA9E0634898D041F5&key=yt8&kind=asr&lang=pl&variant=ec&tlang=te&fmt=vtt\", \"name\": \"Telugu\", \"impersonate\": true, \"__yt_dlp_client\": \"tv_downgraded\"}], \"th\": [{\"ext\": \"json3\", \"url\": \"https://www.youtube.com/api/timedtext?v=ezv5DuvCk0E&ei=z8xXafHFHv6Z6dsP-9P_uAs&caps=asr&opi=112496729&xoaf=5&xowf=1&xospf=1&hl=en&ip=0.0.0.0&ipbits=0&expire=1767386943&sparams=ip%2Cipbits%2Cexpire%2Cv%2Cei%2Ccaps%2Copi%2Cxoaf&signature=31ACC713C92BF468B0604D892289468DE459EB82.25E594A16AE4D763A16583FBA9E0634898D041F5&key=yt8&kind=asr&lang=pl&variant=ec&tlang=th&fmt=json3\", \"name\": \"Thai\", \"impersonate\": true, \"__yt_dlp_client\": \"tv_downgraded\"}, {\"ext\": \"srv1\", \"url\": \"https://www.youtube.com/api/timedtext?v=ezv5DuvCk0E&ei=z8xXafHFHv6Z6dsP-9P_uAs&caps=asr&opi=112496729&xoaf=5&xowf=1&xospf=1&hl=en&ip=0.0.0.0&ipbits=0&expire=1767386943&sparams=ip%2Cipbits%2Cexpire%2Cv%2Cei%2Ccaps%2Copi%2Cxoaf&signature=31ACC713C92BF468B0604D892289468DE459EB82.25E594A16AE4D763A16583FBA9E0634898D041F5&key=yt8&kind=asr&lang=pl&variant=ec&tlang=th&fmt=srv1\", \"name\": \"Thai\", \"impersonate\": true, \"__yt_dlp_client\": \"tv_downgraded\"}, {\"ext\": \"srv2\", \"url\": \"https://www.youtube.com/api/timedtext?v=ezv5DuvCk0E&ei=z8xXafHFHv6Z6dsP-9P_uAs&caps=asr&opi=112496729&xoaf=5&xowf=1&xospf=1&hl=en&ip=0.0.0.0&ipbits=0&expire=1767386943&sparams=ip%2Cipbits%2Cexpire%2Cv%2Cei%2Ccaps%2Copi%2Cxoaf&signature=31ACC713C92BF468B0604D892289468DE459EB82.25E594A16AE4D763A16583FBA9E0634898D041F5&key=yt8&kind=asr&lang=pl&variant=ec&tlang=th&fmt=srv2\", \"name\": \"Thai\", \"impersonate\": true, \"__yt_dlp_client\": \"tv_downgraded\"}, {\"ext\": \"srv3\", \"url\": \"https://www.youtube.com/api/timedtext?v=ezv5DuvCk0E&ei=z8xXafHFHv6Z6dsP-9P_uAs&caps=asr&opi=112496729&xoaf=5&xowf=1&xospf=1&hl=en&ip=0.0.0.0&ipbits=0&expire=1767386943&sparams=ip%2Cipbits%2Cexpire%2Cv%2Cei%2Ccaps%2Copi%2Cxoaf&signature=31ACC713C92BF468B0604D892289468DE459EB82.25E594A16AE4D763A16583FBA9E0634898D041F5&key=yt8&kind=asr&lang=pl&variant=ec&tlang=th&fmt=srv3\", \"name\": \"Thai\", \"impersonate\": true, \"__yt_dlp_client\": \"tv_downgraded\"}, {\"ext\": \"ttml\", \"url\": \"https://www.youtube.com/api/timedtext?v=ezv5DuvCk0E&ei=z8xXafHFHv6Z6dsP-9P_uAs&caps=asr&opi=112496729&xoaf=5&xowf=1&xospf=1&hl=en&ip=0.0.0.0&ipbits=0&expire=1767386943&sparams=ip%2Cipbits%2Cexpire%2Cv%2Cei%2Ccaps%2Copi%2Cxoaf&signature=31ACC713C92BF468B0604D892289468DE459EB82.25E594A16AE4D763A16583FBA9E0634898D041F5&key=yt8&kind=asr&lang=pl&variant=ec&tlang=th&fmt=ttml\", \"name\": \"Thai\", \"impersonate\": true, \"__yt_dlp_client\": \"tv_downgraded\"}, {\"ext\": \"srt\", \"url\": \"https://www.youtube.com/api/timedtext?v=ezv5DuvCk0E&ei=z8xXafHFHv6Z6dsP-9P_uAs&caps=asr&opi=112496729&xoaf=5&xowf=1&xospf=1&hl=en&ip=0.0.0.0&ipbits=0&expire=1767386943&sparams=ip%2Cipbits%2Cexpire%2Cv%2Cei%2Ccaps%2Copi%2Cxoaf&signature=31ACC713C92BF468B0604D892289468DE459EB82.25E594A16AE4D763A16583FBA9E0634898D041F5&key=yt8&kind=asr&lang=pl&variant=ec&tlang=th&fmt=srt\", \"name\": \"Thai\", \"impersonate\": true, \"__yt_dlp_client\": \"tv_downgraded\"}, {\"ext\": \"vtt\", \"url\": \"https://www.youtube.com/api/timedtext?v=ezv5DuvCk0E&ei=z8xXafHFHv6Z6dsP-9P_uAs&caps=asr&opi=112496729&xoaf=5&xowf=1&xospf=1&hl=en&ip=0.0.0.0&ipbits=0&expire=1767386943&sparams=ip%2Cipbits%2Cexpire%2Cv%2Cei%2Ccaps%2Copi%2Cxoaf&signature=31ACC713C92BF468B0604D892289468DE459EB82.25E594A16AE4D763A16583FBA9E0634898D041F5&key=yt8&kind=asr&lang=pl&variant=ec&tlang=th&fmt=vtt\", \"name\": \"Thai\", \"impersonate\": true, \"__yt_dlp_client\": \"tv_downgraded\"}], \"bo\": [{\"ext\": \"json3\", \"url\": \"https://www.youtube.com/api/timedtext?v=ezv5DuvCk0E&ei=z8xXafHFHv6Z6dsP-9P_uAs&caps=asr&opi=112496729&xoaf=5&xowf=1&xospf=1&hl=en&ip=0.0.0.0&ipbits=0&expire=1767386943&sparams=ip%2Cipbits%2Cexpire%2Cv%2Cei%2Ccaps%2Copi%2Cxoaf&signature=31ACC713C92BF468B0604D892289468DE459EB82.25E594A16AE4D763A16583FBA9E0634898D041F5&key=yt8&kind=asr&lang=pl&variant=ec&tlang=bo&fmt=json3\", \"name\": \"Tibetan\", \"impersonate\": true, \"__yt_dlp_client\": \"tv_downgraded\"}, {\"ext\": \"srv1\", \"url\": \"https://www.youtube.com/api/timedtext?v=ezv5DuvCk0E&ei=z8xXafHFHv6Z6dsP-9P_uAs&caps=asr&opi=112496729&xoaf=5&xowf=1&xospf=1&hl=en&ip=0.0.0.0&ipbits=0&expire=1767386943&sparams=ip%2Cipbits%2Cexpire%2Cv%2Cei%2Ccaps%2Copi%2Cxoaf&signature=31ACC713C92BF468B0604D892289468DE459EB82.25E594A16AE4D763A16583FBA9E0634898D041F5&key=yt8&kind=asr&lang=pl&variant=ec&tlang=bo&fmt=srv1\", \"name\": \"Tibetan\", \"impersonate\": true, \"__yt_dlp_client\": \"tv_downgraded\"}, {\"ext\": \"srv2\", \"url\": \"https://www.youtube.com/api/timedtext?v=ezv5DuvCk0E&ei=z8xXafHFHv6Z6dsP-9P_uAs&caps=asr&opi=112496729&xoaf=5&xowf=1&xospf=1&hl=en&ip=0.0.0.0&ipbits=0&expire=1767386943&sparams=ip%2Cipbits%2Cexpire%2Cv%2Cei%2Ccaps%2Copi%2Cxoaf&signature=31ACC713C92BF468B0604D892289468DE459EB82.25E594A16AE4D763A16583FBA9E0634898D041F5&key=yt8&kind=asr&lang=pl&variant=ec&tlang=bo&fmt=srv2\", \"name\": \"Tibetan\", \"impersonate\": true, \"__yt_dlp_client\": \"tv_downgraded\"}, {\"ext\": \"srv3\", \"url\": \"https://www.youtube.com/api/timedtext?v=ezv5DuvCk0E&ei=z8xXafHFHv6Z6dsP-9P_uAs&caps=asr&opi=112496729&xoaf=5&xowf=1&xospf=1&hl=en&ip=0.0.0.0&ipbits=0&expire=1767386943&sparams=ip%2Cipbits%2Cexpire%2Cv%2Cei%2Ccaps%2Copi%2Cxoaf&signature=31ACC713C92BF468B0604D892289468DE459EB82.25E594A16AE4D763A16583FBA9E0634898D041F5&key=yt8&kind=asr&lang=pl&variant=ec&tlang=bo&fmt=srv3\", \"name\": \"Tibetan\", \"impersonate\": true, \"__yt_dlp_client\": \"tv_downgraded\"}, {\"ext\": \"ttml\", \"url\": \"https://www.youtube.com/api/timedtext?v=ezv5DuvCk0E&ei=z8xXafHFHv6Z6dsP-9P_uAs&caps=asr&opi=112496729&xoaf=5&xowf=1&xospf=1&hl=en&ip=0.0.0.0&ipbits=0&expire=1767386943&sparams=ip%2Cipbits%2Cexpire%2Cv%2Cei%2Ccaps%2Copi%2Cxoaf&signature=31ACC713C92BF468B0604D892289468DE459EB82.25E594A16AE4D763A16583FBA9E0634898D041F5&key=yt8&kind=asr&lang=pl&variant=ec&tlang=bo&fmt=ttml\", \"name\": \"Tibetan\", \"impersonate\": true, \"__yt_dlp_client\": \"tv_downgraded\"}, {\"ext\": \"srt\", \"url\": \"https://www.youtube.com/api/timedtext?v=ezv5DuvCk0E&ei=z8xXafHFHv6Z6dsP-9P_uAs&caps=asr&opi=112496729&xoaf=5&xowf=1&xospf=1&hl=en&ip=0.0.0.0&ipbits=0&expire=1767386943&sparams=ip%2Cipbits%2Cexpire%2Cv%2Cei%2Ccaps%2Copi%2Cxoaf&signature=31ACC713C92BF468B0604D892289468DE459EB82.25E594A16AE4D763A16583FBA9E0634898D041F5&key=yt8&kind=asr&lang=pl&variant=ec&tlang=bo&fmt=srt\", \"name\": \"Tibetan\", \"impersonate\": true, \"__yt_dlp_client\": \"tv_downgraded\"}, {\"ext\": \"vtt\", \"url\": \"https://www.youtube.com/api/timedtext?v=ezv5DuvCk0E&ei=z8xXafHFHv6Z6dsP-9P_uAs&caps=asr&opi=112496729&xoaf=5&xowf=1&xospf=1&hl=en&ip=0.0.0.0&ipbits=0&expire=1767386943&sparams=ip%2Cipbits%2Cexpire%2Cv%2Cei%2Ccaps%2Copi%2Cxoaf&signature=31ACC713C92BF468B0604D892289468DE459EB82.25E594A16AE4D763A16583FBA9E0634898D041F5&key=yt8&kind=asr&lang=pl&variant=ec&tlang=bo&fmt=vtt\", \"name\": \"Tibetan\", \"impersonate\": true, \"__yt_dlp_client\": \"tv_downgraded\"}], \"ti\": [{\"ext\": \"json3\", \"url\": \"https://www.youtube.com/api/timedtext?v=ezv5DuvCk0E&ei=z8xXafHFHv6Z6dsP-9P_uAs&caps=asr&opi=112496729&xoaf=5&xowf=1&xospf=1&hl=en&ip=0.0.0.0&ipbits=0&expire=1767386943&sparams=ip%2Cipbits%2Cexpire%2Cv%2Cei%2Ccaps%2Copi%2Cxoaf&signature=31ACC713C92BF468B0604D892289468DE459EB82.25E594A16AE4D763A16583FBA9E0634898D041F5&key=yt8&kind=asr&lang=pl&variant=ec&tlang=ti&fmt=json3\", \"name\": \"Tigrinya\", \"impersonate\": true, \"__yt_dlp_client\": \"tv_downgraded\"}, {\"ext\": \"srv1\", \"url\": \"https://www.youtube.com/api/timedtext?v=ezv5DuvCk0E&ei=z8xXafHFHv6Z6dsP-9P_uAs&caps=asr&opi=112496729&xoaf=5&xowf=1&xospf=1&hl=en&ip=0.0.0.0&ipbits=0&expire=1767386943&sparams=ip%2Cipbits%2Cexpire%2Cv%2Cei%2Ccaps%2Copi%2Cxoaf&signature=31ACC713C92BF468B0604D892289468DE459EB82.25E594A16AE4D763A16583FBA9E0634898D041F5&key=yt8&kind=asr&lang=pl&variant=ec&tlang=ti&fmt=srv1\", \"name\": \"Tigrinya\", \"impersonate\": true, \"__yt_dlp_client\": \"tv_downgraded\"}, {\"ext\": \"srv2\", \"url\": \"https://www.youtube.com/api/timedtext?v=ezv5DuvCk0E&ei=z8xXafHFHv6Z6dsP-9P_uAs&caps=asr&opi=112496729&xoaf=5&xowf=1&xospf=1&hl=en&ip=0.0.0.0&ipbits=0&expire=1767386943&sparams=ip%2Cipbits%2Cexpire%2Cv%2Cei%2Ccaps%2Copi%2Cxoaf&signature=31ACC713C92BF468B0604D892289468DE459EB82.25E594A16AE4D763A16583FBA9E0634898D041F5&key=yt8&kind=asr&lang=pl&variant=ec&tlang=ti&fmt=srv2\", \"name\": \"Tigrinya\", \"impersonate\": true, \"__yt_dlp_client\": \"tv_downgraded\"}, {\"ext\": \"srv3\", \"url\": \"https://www.youtube.com/api/timedtext?v=ezv5DuvCk0E&ei=z8xXafHFHv6Z6dsP-9P_uAs&caps=asr&opi=112496729&xoaf=5&xowf=1&xospf=1&hl=en&ip=0.0.0.0&ipbits=0&expire=1767386943&sparams=ip%2Cipbits%2Cexpire%2Cv%2Cei%2Ccaps%2Copi%2Cxoaf&signature=31ACC713C92BF468B0604D892289468DE459EB82.25E594A16AE4D763A16583FBA9E0634898D041F5&key=yt8&kind=asr&lang=pl&variant=ec&tlang=ti&fmt=srv3\", \"name\": \"Tigrinya\", \"impersonate\": true, \"__yt_dlp_client\": \"tv_downgraded\"}, {\"ext\": \"ttml\", \"url\": \"https://www.youtube.com/api/timedtext?v=ezv5DuvCk0E&ei=z8xXafHFHv6Z6dsP-9P_uAs&caps=asr&opi=112496729&xoaf=5&xowf=1&xospf=1&hl=en&ip=0.0.0.0&ipbits=0&expire=1767386943&sparams=ip%2Cipbits%2Cexpire%2Cv%2Cei%2Ccaps%2Copi%2Cxoaf&signature=31ACC713C92BF468B0604D892289468DE459EB82.25E594A16AE4D763A16583FBA9E0634898D041F5&key=yt8&kind=asr&lang=pl&variant=ec&tlang=ti&fmt=ttml\", \"name\": \"Tigrinya\", \"impersonate\": true, \"__yt_dlp_client\": \"tv_downgraded\"}, {\"ext\": \"srt\", \"url\": \"https://www.youtube.com/api/timedtext?v=ezv5DuvCk0E&ei=z8xXafHFHv6Z6dsP-9P_uAs&caps=asr&opi=112496729&xoaf=5&xowf=1&xospf=1&hl=en&ip=0.0.0.0&ipbits=0&expire=1767386943&sparams=ip%2Cipbits%2Cexpire%2Cv%2Cei%2Ccaps%2Copi%2Cxoaf&signature=31ACC713C92BF468B0604D892289468DE459EB82.25E594A16AE4D763A16583FBA9E0634898D041F5&key=yt8&kind=asr&lang=pl&variant=ec&tlang=ti&fmt=srt\", \"name\": \"Tigrinya\", \"impersonate\": true, \"__yt_dlp_client\": \"tv_downgraded\"}, {\"ext\": \"vtt\", \"url\": \"https://www.youtube.com/api/timedtext?v=ezv5DuvCk0E&ei=z8xXafHFHv6Z6dsP-9P_uAs&caps=asr&opi=112496729&xoaf=5&xowf=1&xospf=1&hl=en&ip=0.0.0.0&ipbits=0&expire=1767386943&sparams=ip%2Cipbits%2Cexpire%2Cv%2Cei%2Ccaps%2Copi%2Cxoaf&signature=31ACC713C92BF468B0604D892289468DE459EB82.25E594A16AE4D763A16583FBA9E0634898D041F5&key=yt8&kind=asr&lang=pl&variant=ec&tlang=ti&fmt=vtt\", \"name\": \"Tigrinya\", \"impersonate\": true, \"__yt_dlp_client\": \"tv_downgraded\"}], \"to\": [{\"ext\": \"json3\", \"url\": \"https://www.youtube.com/api/timedtext?v=ezv5DuvCk0E&ei=z8xXafHFHv6Z6dsP-9P_uAs&caps=asr&opi=112496729&xoaf=5&xowf=1&xospf=1&hl=en&ip=0.0.0.0&ipbits=0&expire=1767386943&sparams=ip%2Cipbits%2Cexpire%2Cv%2Cei%2Ccaps%2Copi%2Cxoaf&signature=31ACC713C92BF468B0604D892289468DE459EB82.25E594A16AE4D763A16583FBA9E0634898D041F5&key=yt8&kind=asr&lang=pl&variant=ec&tlang=to&fmt=json3\", \"name\": \"Tongan\", \"impersonate\": true, \"__yt_dlp_client\": \"tv_downgraded\"}, {\"ext\": \"srv1\", \"url\": \"https://www.youtube.com/api/timedtext?v=ezv5DuvCk0E&ei=z8xXafHFHv6Z6dsP-9P_uAs&caps=asr&opi=112496729&xoaf=5&xowf=1&xospf=1&hl=en&ip=0.0.0.0&ipbits=0&expire=1767386943&sparams=ip%2Cipbits%2Cexpire%2Cv%2Cei%2Ccaps%2Copi%2Cxoaf&signature=31ACC713C92BF468B0604D892289468DE459EB82.25E594A16AE4D763A16583FBA9E0634898D041F5&key=yt8&kind=asr&lang=pl&variant=ec&tlang=to&fmt=srv1\", \"name\": \"Tongan\", \"impersonate\": true, \"__yt_dlp_client\": \"tv_downgraded\"}, {\"ext\": \"srv2\", \"url\": \"https://www.youtube.com/api/timedtext?v=ezv5DuvCk0E&ei=z8xXafHFHv6Z6dsP-9P_uAs&caps=asr&opi=112496729&xoaf=5&xowf=1&xospf=1&hl=en&ip=0.0.0.0&ipbits=0&expire=1767386943&sparams=ip%2Cipbits%2Cexpire%2Cv%2Cei%2Ccaps%2Copi%2Cxoaf&signature=31ACC713C92BF468B0604D892289468DE459EB82.25E594A16AE4D763A16583FBA9E0634898D041F5&key=yt8&kind=asr&lang=pl&variant=ec&tlang=to&fmt=srv2\", \"name\": \"Tongan\", \"impersonate\": true, \"__yt_dlp_client\": \"tv_downgraded\"}, {\"ext\": \"srv3\", \"url\": \"https://www.youtube.com/api/timedtext?v=ezv5DuvCk0E&ei=z8xXafHFHv6Z6dsP-9P_uAs&caps=asr&opi=112496729&xoaf=5&xowf=1&xospf=1&hl=en&ip=0.0.0.0&ipbits=0&expire=1767386943&sparams=ip%2Cipbits%2Cexpire%2Cv%2Cei%2Ccaps%2Copi%2Cxoaf&signature=31ACC713C92BF468B0604D892289468DE459EB82.25E594A16AE4D763A16583FBA9E0634898D041F5&key=yt8&kind=asr&lang=pl&variant=ec&tlang=to&fmt=srv3\", \"name\": \"Tongan\", \"impersonate\": true, \"__yt_dlp_client\": \"tv_downgraded\"}, {\"ext\": \"ttml\", \"url\": \"https://www.youtube.com/api/timedtext?v=ezv5DuvCk0E&ei=z8xXafHFHv6Z6dsP-9P_uAs&caps=asr&opi=112496729&xoaf=5&xowf=1&xospf=1&hl=en&ip=0.0.0.0&ipbits=0&expire=1767386943&sparams=ip%2Cipbits%2Cexpire%2Cv%2Cei%2Ccaps%2Copi%2Cxoaf&signature=31ACC713C92BF468B0604D892289468DE459EB82.25E594A16AE4D763A16583FBA9E0634898D041F5&key=yt8&kind=asr&lang=pl&variant=ec&tlang=to&fmt=ttml\", \"name\": \"Tongan\", \"impersonate\": true, \"__yt_dlp_client\": \"tv_downgraded\"}, {\"ext\": \"srt\", \"url\": \"https://www.youtube.com/api/timedtext?v=ezv5DuvCk0E&ei=z8xXafHFHv6Z6dsP-9P_uAs&caps=asr&opi=112496729&xoaf=5&xowf=1&xospf=1&hl=en&ip=0.0.0.0&ipbits=0&expire=1767386943&sparams=ip%2Cipbits%2Cexpire%2Cv%2Cei%2Ccaps%2Copi%2Cxoaf&signature=31ACC713C92BF468B0604D892289468DE459EB82.25E594A16AE4D763A16583FBA9E0634898D041F5&key=yt8&kind=asr&lang=pl&variant=ec&tlang=to&fmt=srt\", \"name\": \"Tongan\", \"impersonate\": true, \"__yt_dlp_client\": \"tv_downgraded\"}, {\"ext\": \"vtt\", \"url\": \"https://www.youtube.com/api/timedtext?v=ezv5DuvCk0E&ei=z8xXafHFHv6Z6dsP-9P_uAs&caps=asr&opi=112496729&xoaf=5&xowf=1&xospf=1&hl=en&ip=0.0.0.0&ipbits=0&expire=1767386943&sparams=ip%2Cipbits%2Cexpire%2Cv%2Cei%2Ccaps%2Copi%2Cxoaf&signature=31ACC713C92BF468B0604D892289468DE459EB82.25E594A16AE4D763A16583FBA9E0634898D041F5&key=yt8&kind=asr&lang=pl&variant=ec&tlang=to&fmt=vtt\", \"name\": \"Tongan\", \"impersonate\": true, \"__yt_dlp_client\": \"tv_downgraded\"}], \"ts\": [{\"ext\": \"json3\", \"url\": \"https://www.youtube.com/api/timedtext?v=ezv5DuvCk0E&ei=z8xXafHFHv6Z6dsP-9P_uAs&caps=asr&opi=112496729&xoaf=5&xowf=1&xospf=1&hl=en&ip=0.0.0.0&ipbits=0&expire=1767386943&sparams=ip%2Cipbits%2Cexpire%2Cv%2Cei%2Ccaps%2Copi%2Cxoaf&signature=31ACC713C92BF468B0604D892289468DE459EB82.25E594A16AE4D763A16583FBA9E0634898D041F5&key=yt8&kind=asr&lang=pl&variant=ec&tlang=ts&fmt=json3\", \"name\": \"Tsonga\", \"impersonate\": true, \"__yt_dlp_client\": \"tv_downgraded\"}, {\"ext\": \"srv1\", \"url\": \"https://www.youtube.com/api/timedtext?v=ezv5DuvCk0E&ei=z8xXafHFHv6Z6dsP-9P_uAs&caps=asr&opi=112496729&xoaf=5&xowf=1&xospf=1&hl=en&ip=0.0.0.0&ipbits=0&expire=1767386943&sparams=ip%2Cipbits%2Cexpire%2Cv%2Cei%2Ccaps%2Copi%2Cxoaf&signature=31ACC713C92BF468B0604D892289468DE459EB82.25E594A16AE4D763A16583FBA9E0634898D041F5&key=yt8&kind=asr&lang=pl&variant=ec&tlang=ts&fmt=srv1\", \"name\": \"Tsonga\", \"impersonate\": true, \"__yt_dlp_client\": \"tv_downgraded\"}, {\"ext\": \"srv2\", \"url\": \"https://www.youtube.com/api/timedtext?v=ezv5DuvCk0E&ei=z8xXafHFHv6Z6dsP-9P_uAs&caps=asr&opi=112496729&xoaf=5&xowf=1&xospf=1&hl=en&ip=0.0.0.0&ipbits=0&expire=1767386943&sparams=ip%2Cipbits%2Cexpire%2Cv%2Cei%2Ccaps%2Copi%2Cxoaf&signature=31ACC713C92BF468B0604D892289468DE459EB82.25E594A16AE4D763A16583FBA9E0634898D041F5&key=yt8&kind=asr&lang=pl&variant=ec&tlang=ts&fmt=srv2\", \"name\": \"Tsonga\", \"impersonate\": true, \"__yt_dlp_client\": \"tv_downgraded\"}, {\"ext\": \"srv3\", \"url\": \"https://www.youtube.com/api/timedtext?v=ezv5DuvCk0E&ei=z8xXafHFHv6Z6dsP-9P_uAs&caps=asr&opi=112496729&xoaf=5&xowf=1&xospf=1&hl=en&ip=0.0.0.0&ipbits=0&expire=1767386943&sparams=ip%2Cipbits%2Cexpire%2Cv%2Cei%2Ccaps%2Copi%2Cxoaf&signature=31ACC713C92BF468B0604D892289468DE459EB82.25E594A16AE4D763A16583FBA9E0634898D041F5&key=yt8&kind=asr&lang=pl&variant=ec&tlang=ts&fmt=srv3\", \"name\": \"Tsonga\", \"impersonate\": true, \"__yt_dlp_client\": \"tv_downgraded\"}, {\"ext\": \"ttml\", \"url\": \"https://www.youtube.com/api/timedtext?v=ezv5DuvCk0E&ei=z8xXafHFHv6Z6dsP-9P_uAs&caps=asr&opi=112496729&xoaf=5&xowf=1&xospf=1&hl=en&ip=0.0.0.0&ipbits=0&expire=1767386943&sparams=ip%2Cipbits%2Cexpire%2Cv%2Cei%2Ccaps%2Copi%2Cxoaf&signature=31ACC713C92BF468B0604D892289468DE459EB82.25E594A16AE4D763A16583FBA9E0634898D041F5&key=yt8&kind=asr&lang=pl&variant=ec&tlang=ts&fmt=ttml\", \"name\": \"Tsonga\", \"impersonate\": true, \"__yt_dlp_client\": \"tv_downgraded\"}, {\"ext\": \"srt\", \"url\": \"https://www.youtube.com/api/timedtext?v=ezv5DuvCk0E&ei=z8xXafHFHv6Z6dsP-9P_uAs&caps=asr&opi=112496729&xoaf=5&xowf=1&xospf=1&hl=en&ip=0.0.0.0&ipbits=0&expire=1767386943&sparams=ip%2Cipbits%2Cexpire%2Cv%2Cei%2Ccaps%2Copi%2Cxoaf&signature=31ACC713C92BF468B0604D892289468DE459EB82.25E594A16AE4D763A16583FBA9E0634898D041F5&key=yt8&kind=asr&lang=pl&variant=ec&tlang=ts&fmt=srt\", \"name\": \"Tsonga\", \"impersonate\": true, \"__yt_dlp_client\": \"tv_downgraded\"}, {\"ext\": \"vtt\", \"url\": \"https://www.youtube.com/api/timedtext?v=ezv5DuvCk0E&ei=z8xXafHFHv6Z6dsP-9P_uAs&caps=asr&opi=112496729&xoaf=5&xowf=1&xospf=1&hl=en&ip=0.0.0.0&ipbits=0&expire=1767386943&sparams=ip%2Cipbits%2Cexpire%2Cv%2Cei%2Ccaps%2Copi%2Cxoaf&signature=31ACC713C92BF468B0604D892289468DE459EB82.25E594A16AE4D763A16583FBA9E0634898D041F5&key=yt8&kind=asr&lang=pl&variant=ec&tlang=ts&fmt=vtt\", \"name\": \"Tsonga\", \"impersonate\": true, \"__yt_dlp_client\": \"tv_downgraded\"}], \"tn\": [{\"ext\": \"json3\", \"url\": \"https://www.youtube.com/api/timedtext?v=ezv5DuvCk0E&ei=z8xXafHFHv6Z6dsP-9P_uAs&caps=asr&opi=112496729&xoaf=5&xowf=1&xospf=1&hl=en&ip=0.0.0.0&ipbits=0&expire=1767386943&sparams=ip%2Cipbits%2Cexpire%2Cv%2Cei%2Ccaps%2Copi%2Cxoaf&signature=31ACC713C92BF468B0604D892289468DE459EB82.25E594A16AE4D763A16583FBA9E0634898D041F5&key=yt8&kind=asr&lang=pl&variant=ec&tlang=tn&fmt=json3\", \"name\": \"Tswana\", \"impersonate\": true, \"__yt_dlp_client\": \"tv_downgraded\"}, {\"ext\": \"srv1\", \"url\": \"https://www.youtube.com/api/timedtext?v=ezv5DuvCk0E&ei=z8xXafHFHv6Z6dsP-9P_uAs&caps=asr&opi=112496729&xoaf=5&xowf=1&xospf=1&hl=en&ip=0.0.0.0&ipbits=0&expire=1767386943&sparams=ip%2Cipbits%2Cexpire%2Cv%2Cei%2Ccaps%2Copi%2Cxoaf&signature=31ACC713C92BF468B0604D892289468DE459EB82.25E594A16AE4D763A16583FBA9E0634898D041F5&key=yt8&kind=asr&lang=pl&variant=ec&tlang=tn&fmt=srv1\", \"name\": \"Tswana\", \"impersonate\": true, \"__yt_dlp_client\": \"tv_downgraded\"}, {\"ext\": \"srv2\", \"url\": \"https://www.youtube.com/api/timedtext?v=ezv5DuvCk0E&ei=z8xXafHFHv6Z6dsP-9P_uAs&caps=asr&opi=112496729&xoaf=5&xowf=1&xospf=1&hl=en&ip=0.0.0.0&ipbits=0&expire=1767386943&sparams=ip%2Cipbits%2Cexpire%2Cv%2Cei%2Ccaps%2Copi%2Cxoaf&signature=31ACC713C92BF468B0604D892289468DE459EB82.25E594A16AE4D763A16583FBA9E0634898D041F5&key=yt8&kind=asr&lang=pl&variant=ec&tlang=tn&fmt=srv2\", \"name\": \"Tswana\", \"impersonate\": true, \"__yt_dlp_client\": \"tv_downgraded\"}, {\"ext\": \"srv3\", \"url\": \"https://www.youtube.com/api/timedtext?v=ezv5DuvCk0E&ei=z8xXafHFHv6Z6dsP-9P_uAs&caps=asr&opi=112496729&xoaf=5&xowf=1&xospf=1&hl=en&ip=0.0.0.0&ipbits=0&expire=1767386943&sparams=ip%2Cipbits%2Cexpire%2Cv%2Cei%2Ccaps%2Copi%2Cxoaf&signature=31ACC713C92BF468B0604D892289468DE459EB82.25E594A16AE4D763A16583FBA9E0634898D041F5&key=yt8&kind=asr&lang=pl&variant=ec&tlang=tn&fmt=srv3\", \"name\": \"Tswana\", \"impersonate\": true, \"__yt_dlp_client\": \"tv_downgraded\"}, {\"ext\": \"ttml\", \"url\": \"https://www.youtube.com/api/timedtext?v=ezv5DuvCk0E&ei=z8xXafHFHv6Z6dsP-9P_uAs&caps=asr&opi=112496729&xoaf=5&xowf=1&xospf=1&hl=en&ip=0.0.0.0&ipbits=0&expire=1767386943&sparams=ip%2Cipbits%2Cexpire%2Cv%2Cei%2Ccaps%2Copi%2Cxoaf&signature=31ACC713C92BF468B0604D892289468DE459EB82.25E594A16AE4D763A16583FBA9E0634898D041F5&key=yt8&kind=asr&lang=pl&variant=ec&tlang=tn&fmt=ttml\", \"name\": \"Tswana\", \"impersonate\": true, \"__yt_dlp_client\": \"tv_downgraded\"}, {\"ext\": \"srt\", \"url\": \"https://www.youtube.com/api/timedtext?v=ezv5DuvCk0E&ei=z8xXafHFHv6Z6dsP-9P_uAs&caps=asr&opi=112496729&xoaf=5&xowf=1&xospf=1&hl=en&ip=0.0.0.0&ipbits=0&expire=1767386943&sparams=ip%2Cipbits%2Cexpire%2Cv%2Cei%2Ccaps%2Copi%2Cxoaf&signature=31ACC713C92BF468B0604D892289468DE459EB82.25E594A16AE4D763A16583FBA9E0634898D041F5&key=yt8&kind=asr&lang=pl&variant=ec&tlang=tn&fmt=srt\", \"name\": \"Tswana\", \"impersonate\": true, \"__yt_dlp_client\": \"tv_downgraded\"}, {\"ext\": \"vtt\", \"url\": \"https://www.youtube.com/api/timedtext?v=ezv5DuvCk0E&ei=z8xXafHFHv6Z6dsP-9P_uAs&caps=asr&opi=112496729&xoaf=5&xowf=1&xospf=1&hl=en&ip=0.0.0.0&ipbits=0&expire=1767386943&sparams=ip%2Cipbits%2Cexpire%2Cv%2Cei%2Ccaps%2Copi%2Cxoaf&signature=31ACC713C92BF468B0604D892289468DE459EB82.25E594A16AE4D763A16583FBA9E0634898D041F5&key=yt8&kind=asr&lang=pl&variant=ec&tlang=tn&fmt=vtt\", \"name\": \"Tswana\", \"impersonate\": true, \"__yt_dlp_client\": \"tv_downgraded\"}], \"tum\": [{\"ext\": \"json3\", \"url\": \"https://www.youtube.com/api/timedtext?v=ezv5DuvCk0E&ei=z8xXafHFHv6Z6dsP-9P_uAs&caps=asr&opi=112496729&xoaf=5&xowf=1&xospf=1&hl=en&ip=0.0.0.0&ipbits=0&expire=1767386943&sparams=ip%2Cipbits%2Cexpire%2Cv%2Cei%2Ccaps%2Copi%2Cxoaf&signature=31ACC713C92BF468B0604D892289468DE459EB82.25E594A16AE4D763A16583FBA9E0634898D041F5&key=yt8&kind=asr&lang=pl&variant=ec&tlang=tum&fmt=json3\", \"name\": \"Tumbuka\", \"impersonate\": true, \"__yt_dlp_client\": \"tv_downgraded\"}, {\"ext\": \"srv1\", \"url\": \"https://www.youtube.com/api/timedtext?v=ezv5DuvCk0E&ei=z8xXafHFHv6Z6dsP-9P_uAs&caps=asr&opi=112496729&xoaf=5&xowf=1&xospf=1&hl=en&ip=0.0.0.0&ipbits=0&expire=1767386943&sparams=ip%2Cipbits%2Cexpire%2Cv%2Cei%2Ccaps%2Copi%2Cxoaf&signature=31ACC713C92BF468B0604D892289468DE459EB82.25E594A16AE4D763A16583FBA9E0634898D041F5&key=yt8&kind=asr&lang=pl&variant=ec&tlang=tum&fmt=srv1\", \"name\": \"Tumbuka\", \"impersonate\": true, \"__yt_dlp_client\": \"tv_downgraded\"}, {\"ext\": \"srv2\", \"url\": \"https://www.youtube.com/api/timedtext?v=ezv5DuvCk0E&ei=z8xXafHFHv6Z6dsP-9P_uAs&caps=asr&opi=112496729&xoaf=5&xowf=1&xospf=1&hl=en&ip=0.0.0.0&ipbits=0&expire=1767386943&sparams=ip%2Cipbits%2Cexpire%2Cv%2Cei%2Ccaps%2Copi%2Cxoaf&signature=31ACC713C92BF468B0604D892289468DE459EB82.25E594A16AE4D763A16583FBA9E0634898D041F5&key=yt8&kind=asr&lang=pl&variant=ec&tlang=tum&fmt=srv2\", \"name\": \"Tumbuka\", \"impersonate\": true, \"__yt_dlp_client\": \"tv_downgraded\"}, {\"ext\": \"srv3\", \"url\": \"https://www.youtube.com/api/timedtext?v=ezv5DuvCk0E&ei=z8xXafHFHv6Z6dsP-9P_uAs&caps=asr&opi=112496729&xoaf=5&xowf=1&xospf=1&hl=en&ip=0.0.0.0&ipbits=0&expire=1767386943&sparams=ip%2Cipbits%2Cexpire%2Cv%2Cei%2Ccaps%2Copi%2Cxoaf&signature=31ACC713C92BF468B0604D892289468DE459EB82.25E594A16AE4D763A16583FBA9E0634898D041F5&key=yt8&kind=asr&lang=pl&variant=ec&tlang=tum&fmt=srv3\", \"name\": \"Tumbuka\", \"impersonate\": true, \"__yt_dlp_client\": \"tv_downgraded\"}, {\"ext\": \"ttml\", \"url\": \"https://www.youtube.com/api/timedtext?v=ezv5DuvCk0E&ei=z8xXafHFHv6Z6dsP-9P_uAs&caps=asr&opi=112496729&xoaf=5&xowf=1&xospf=1&hl=en&ip=0.0.0.0&ipbits=0&expire=1767386943&sparams=ip%2Cipbits%2Cexpire%2Cv%2Cei%2Ccaps%2Copi%2Cxoaf&signature=31ACC713C92BF468B0604D892289468DE459EB82.25E594A16AE4D763A16583FBA9E0634898D041F5&key=yt8&kind=asr&lang=pl&variant=ec&tlang=tum&fmt=ttml\", \"name\": \"Tumbuka\", \"impersonate\": true, \"__yt_dlp_client\": \"tv_downgraded\"}, {\"ext\": \"srt\", \"url\": \"https://www.youtube.com/api/timedtext?v=ezv5DuvCk0E&ei=z8xXafHFHv6Z6dsP-9P_uAs&caps=asr&opi=112496729&xoaf=5&xowf=1&xospf=1&hl=en&ip=0.0.0.0&ipbits=0&expire=1767386943&sparams=ip%2Cipbits%2Cexpire%2Cv%2Cei%2Ccaps%2Copi%2Cxoaf&signature=31ACC713C92BF468B0604D892289468DE459EB82.25E594A16AE4D763A16583FBA9E0634898D041F5&key=yt8&kind=asr&lang=pl&variant=ec&tlang=tum&fmt=srt\", \"name\": \"Tumbuka\", \"impersonate\": true, \"__yt_dlp_client\": \"tv_downgraded\"}, {\"ext\": \"vtt\", \"url\": \"https://www.youtube.com/api/timedtext?v=ezv5DuvCk0E&ei=z8xXafHFHv6Z6dsP-9P_uAs&caps=asr&opi=112496729&xoaf=5&xowf=1&xospf=1&hl=en&ip=0.0.0.0&ipbits=0&expire=1767386943&sparams=ip%2Cipbits%2Cexpire%2Cv%2Cei%2Ccaps%2Copi%2Cxoaf&signature=31ACC713C92BF468B0604D892289468DE459EB82.25E594A16AE4D763A16583FBA9E0634898D041F5&key=yt8&kind=asr&lang=pl&variant=ec&tlang=tum&fmt=vtt\", \"name\": \"Tumbuka\", \"impersonate\": true, \"__yt_dlp_client\": \"tv_downgraded\"}], \"tr\": [{\"ext\": \"json3\", \"url\": \"https://www.youtube.com/api/timedtext?v=ezv5DuvCk0E&ei=z8xXafHFHv6Z6dsP-9P_uAs&caps=asr&opi=112496729&xoaf=5&xowf=1&xospf=1&hl=en&ip=0.0.0.0&ipbits=0&expire=1767386943&sparams=ip%2Cipbits%2Cexpire%2Cv%2Cei%2Ccaps%2Copi%2Cxoaf&signature=31ACC713C92BF468B0604D892289468DE459EB82.25E594A16AE4D763A16583FBA9E0634898D041F5&key=yt8&kind=asr&lang=pl&variant=ec&tlang=tr&fmt=json3\", \"name\": \"Turkish\", \"impersonate\": true, \"__yt_dlp_client\": \"tv_downgraded\"}, {\"ext\": \"srv1\", \"url\": \"https://www.youtube.com/api/timedtext?v=ezv5DuvCk0E&ei=z8xXafHFHv6Z6dsP-9P_uAs&caps=asr&opi=112496729&xoaf=5&xowf=1&xospf=1&hl=en&ip=0.0.0.0&ipbits=0&expire=1767386943&sparams=ip%2Cipbits%2Cexpire%2Cv%2Cei%2Ccaps%2Copi%2Cxoaf&signature=31ACC713C92BF468B0604D892289468DE459EB82.25E594A16AE4D763A16583FBA9E0634898D041F5&key=yt8&kind=asr&lang=pl&variant=ec&tlang=tr&fmt=srv1\", \"name\": \"Turkish\", \"impersonate\": true, \"__yt_dlp_client\": \"tv_downgraded\"}, {\"ext\": \"srv2\", \"url\": \"https://www.youtube.com/api/timedtext?v=ezv5DuvCk0E&ei=z8xXafHFHv6Z6dsP-9P_uAs&caps=asr&opi=112496729&xoaf=5&xowf=1&xospf=1&hl=en&ip=0.0.0.0&ipbits=0&expire=1767386943&sparams=ip%2Cipbits%2Cexpire%2Cv%2Cei%2Ccaps%2Copi%2Cxoaf&signature=31ACC713C92BF468B0604D892289468DE459EB82.25E594A16AE4D763A16583FBA9E0634898D041F5&key=yt8&kind=asr&lang=pl&variant=ec&tlang=tr&fmt=srv2\", \"name\": \"Turkish\", \"impersonate\": true, \"__yt_dlp_client\": \"tv_downgraded\"}, {\"ext\": \"srv3\", \"url\": \"https://www.youtube.com/api/timedtext?v=ezv5DuvCk0E&ei=z8xXafHFHv6Z6dsP-9P_uAs&caps=asr&opi=112496729&xoaf=5&xowf=1&xospf=1&hl=en&ip=0.0.0.0&ipbits=0&expire=1767386943&sparams=ip%2Cipbits%2Cexpire%2Cv%2Cei%2Ccaps%2Copi%2Cxoaf&signature=31ACC713C92BF468B0604D892289468DE459EB82.25E594A16AE4D763A16583FBA9E0634898D041F5&key=yt8&kind=asr&lang=pl&variant=ec&tlang=tr&fmt=srv3\", \"name\": \"Turkish\", \"impersonate\": true, \"__yt_dlp_client\": \"tv_downgraded\"}, {\"ext\": \"ttml\", \"url\": \"https://www.youtube.com/api/timedtext?v=ezv5DuvCk0E&ei=z8xXafHFHv6Z6dsP-9P_uAs&caps=asr&opi=112496729&xoaf=5&xowf=1&xospf=1&hl=en&ip=0.0.0.0&ipbits=0&expire=1767386943&sparams=ip%2Cipbits%2Cexpire%2Cv%2Cei%2Ccaps%2Copi%2Cxoaf&signature=31ACC713C92BF468B0604D892289468DE459EB82.25E594A16AE4D763A16583FBA9E0634898D041F5&key=yt8&kind=asr&lang=pl&variant=ec&tlang=tr&fmt=ttml\", \"name\": \"Turkish\", \"impersonate\": true, \"__yt_dlp_client\": \"tv_downgraded\"}, {\"ext\": \"srt\", \"url\": \"https://www.youtube.com/api/timedtext?v=ezv5DuvCk0E&ei=z8xXafHFHv6Z6dsP-9P_uAs&caps=asr&opi=112496729&xoaf=5&xowf=1&xospf=1&hl=en&ip=0.0.0.0&ipbits=0&expire=1767386943&sparams=ip%2Cipbits%2Cexpire%2Cv%2Cei%2Ccaps%2Copi%2Cxoaf&signature=31ACC713C92BF468B0604D892289468DE459EB82.25E594A16AE4D763A16583FBA9E0634898D041F5&key=yt8&kind=asr&lang=pl&variant=ec&tlang=tr&fmt=srt\", \"name\": \"Turkish\", \"impersonate\": true, \"__yt_dlp_client\": \"tv_downgraded\"}, {\"ext\": \"vtt\", \"url\": \"https://www.youtube.com/api/timedtext?v=ezv5DuvCk0E&ei=z8xXafHFHv6Z6dsP-9P_uAs&caps=asr&opi=112496729&xoaf=5&xowf=1&xospf=1&hl=en&ip=0.0.0.0&ipbits=0&expire=1767386943&sparams=ip%2Cipbits%2Cexpire%2Cv%2Cei%2Ccaps%2Copi%2Cxoaf&signature=31ACC713C92BF468B0604D892289468DE459EB82.25E594A16AE4D763A16583FBA9E0634898D041F5&key=yt8&kind=asr&lang=pl&variant=ec&tlang=tr&fmt=vtt\", \"name\": \"Turkish\", \"impersonate\": true, \"__yt_dlp_client\": \"tv_downgraded\"}], \"tk\": [{\"ext\": \"json3\", \"url\": \"https://www.youtube.com/api/timedtext?v=ezv5DuvCk0E&ei=z8xXafHFHv6Z6dsP-9P_uAs&caps=asr&opi=112496729&xoaf=5&xowf=1&xospf=1&hl=en&ip=0.0.0.0&ipbits=0&expire=1767386943&sparams=ip%2Cipbits%2Cexpire%2Cv%2Cei%2Ccaps%2Copi%2Cxoaf&signature=31ACC713C92BF468B0604D892289468DE459EB82.25E594A16AE4D763A16583FBA9E0634898D041F5&key=yt8&kind=asr&lang=pl&variant=ec&tlang=tk&fmt=json3\", \"name\": \"Turkmen\", \"impersonate\": true, \"__yt_dlp_client\": \"tv_downgraded\"}, {\"ext\": \"srv1\", \"url\": \"https://www.youtube.com/api/timedtext?v=ezv5DuvCk0E&ei=z8xXafHFHv6Z6dsP-9P_uAs&caps=asr&opi=112496729&xoaf=5&xowf=1&xospf=1&hl=en&ip=0.0.0.0&ipbits=0&expire=1767386943&sparams=ip%2Cipbits%2Cexpire%2Cv%2Cei%2Ccaps%2Copi%2Cxoaf&signature=31ACC713C92BF468B0604D892289468DE459EB82.25E594A16AE4D763A16583FBA9E0634898D041F5&key=yt8&kind=asr&lang=pl&variant=ec&tlang=tk&fmt=srv1\", \"name\": \"Turkmen\", \"impersonate\": true, \"__yt_dlp_client\": \"tv_downgraded\"}, {\"ext\": \"srv2\", \"url\": \"https://www.youtube.com/api/timedtext?v=ezv5DuvCk0E&ei=z8xXafHFHv6Z6dsP-9P_uAs&caps=asr&opi=112496729&xoaf=5&xowf=1&xospf=1&hl=en&ip=0.0.0.0&ipbits=0&expire=1767386943&sparams=ip%2Cipbits%2Cexpire%2Cv%2Cei%2Ccaps%2Copi%2Cxoaf&signature=31ACC713C92BF468B0604D892289468DE459EB82.25E594A16AE4D763A16583FBA9E0634898D041F5&key=yt8&kind=asr&lang=pl&variant=ec&tlang=tk&fmt=srv2\", \"name\": \"Turkmen\", \"impersonate\": true, \"__yt_dlp_client\": \"tv_downgraded\"}, {\"ext\": \"srv3\", \"url\": \"https://www.youtube.com/api/timedtext?v=ezv5DuvCk0E&ei=z8xXafHFHv6Z6dsP-9P_uAs&caps=asr&opi=112496729&xoaf=5&xowf=1&xospf=1&hl=en&ip=0.0.0.0&ipbits=0&expire=1767386943&sparams=ip%2Cipbits%2Cexpire%2Cv%2Cei%2Ccaps%2Copi%2Cxoaf&signature=31ACC713C92BF468B0604D892289468DE459EB82.25E594A16AE4D763A16583FBA9E0634898D041F5&key=yt8&kind=asr&lang=pl&variant=ec&tlang=tk&fmt=srv3\", \"name\": \"Turkmen\", \"impersonate\": true, \"__yt_dlp_client\": \"tv_downgraded\"}, {\"ext\": \"ttml\", \"url\": \"https://www.youtube.com/api/timedtext?v=ezv5DuvCk0E&ei=z8xXafHFHv6Z6dsP-9P_uAs&caps=asr&opi=112496729&xoaf=5&xowf=1&xospf=1&hl=en&ip=0.0.0.0&ipbits=0&expire=1767386943&sparams=ip%2Cipbits%2Cexpire%2Cv%2Cei%2Ccaps%2Copi%2Cxoaf&signature=31ACC713C92BF468B0604D892289468DE459EB82.25E594A16AE4D763A16583FBA9E0634898D041F5&key=yt8&kind=asr&lang=pl&variant=ec&tlang=tk&fmt=ttml\", \"name\": \"Turkmen\", \"impersonate\": true, \"__yt_dlp_client\": \"tv_downgraded\"}, {\"ext\": \"srt\", \"url\": \"https://www.youtube.com/api/timedtext?v=ezv5DuvCk0E&ei=z8xXafHFHv6Z6dsP-9P_uAs&caps=asr&opi=112496729&xoaf=5&xowf=1&xospf=1&hl=en&ip=0.0.0.0&ipbits=0&expire=1767386943&sparams=ip%2Cipbits%2Cexpire%2Cv%2Cei%2Ccaps%2Copi%2Cxoaf&signature=31ACC713C92BF468B0604D892289468DE459EB82.25E594A16AE4D763A16583FBA9E0634898D041F5&key=yt8&kind=asr&lang=pl&variant=ec&tlang=tk&fmt=srt\", \"name\": \"Turkmen\", \"impersonate\": true, \"__yt_dlp_client\": \"tv_downgraded\"}, {\"ext\": \"vtt\", \"url\": \"https://www.youtube.com/api/timedtext?v=ezv5DuvCk0E&ei=z8xXafHFHv6Z6dsP-9P_uAs&caps=asr&opi=112496729&xoaf=5&xowf=1&xospf=1&hl=en&ip=0.0.0.0&ipbits=0&expire=1767386943&sparams=ip%2Cipbits%2Cexpire%2Cv%2Cei%2Ccaps%2Copi%2Cxoaf&signature=31ACC713C92BF468B0604D892289468DE459EB82.25E594A16AE4D763A16583FBA9E0634898D041F5&key=yt8&kind=asr&lang=pl&variant=ec&tlang=tk&fmt=vtt\", \"name\": \"Turkmen\", \"impersonate\": true, \"__yt_dlp_client\": \"tv_downgraded\"}], \"uk\": [{\"ext\": \"json3\", \"url\": \"https://www.youtube.com/api/timedtext?v=ezv5DuvCk0E&ei=z8xXafHFHv6Z6dsP-9P_uAs&caps=asr&opi=112496729&xoaf=5&xowf=1&xospf=1&hl=en&ip=0.0.0.0&ipbits=0&expire=1767386943&sparams=ip%2Cipbits%2Cexpire%2Cv%2Cei%2Ccaps%2Copi%2Cxoaf&signature=31ACC713C92BF468B0604D892289468DE459EB82.25E594A16AE4D763A16583FBA9E0634898D041F5&key=yt8&kind=asr&lang=pl&variant=ec&tlang=uk&fmt=json3\", \"name\": \"Ukrainian\", \"impersonate\": true, \"__yt_dlp_client\": \"tv_downgraded\"}, {\"ext\": \"srv1\", \"url\": \"https://www.youtube.com/api/timedtext?v=ezv5DuvCk0E&ei=z8xXafHFHv6Z6dsP-9P_uAs&caps=asr&opi=112496729&xoaf=5&xowf=1&xospf=1&hl=en&ip=0.0.0.0&ipbits=0&expire=1767386943&sparams=ip%2Cipbits%2Cexpire%2Cv%2Cei%2Ccaps%2Copi%2Cxoaf&signature=31ACC713C92BF468B0604D892289468DE459EB82.25E594A16AE4D763A16583FBA9E0634898D041F5&key=yt8&kind=asr&lang=pl&variant=ec&tlang=uk&fmt=srv1\", \"name\": \"Ukrainian\", \"impersonate\": true, \"__yt_dlp_client\": \"tv_downgraded\"}, {\"ext\": \"srv2\", \"url\": \"https://www.youtube.com/api/timedtext?v=ezv5DuvCk0E&ei=z8xXafHFHv6Z6dsP-9P_uAs&caps=asr&opi=112496729&xoaf=5&xowf=1&xospf=1&hl=en&ip=0.0.0.0&ipbits=0&expire=1767386943&sparams=ip%2Cipbits%2Cexpire%2Cv%2Cei%2Ccaps%2Copi%2Cxoaf&signature=31ACC713C92BF468B0604D892289468DE459EB82.25E594A16AE4D763A16583FBA9E0634898D041F5&key=yt8&kind=asr&lang=pl&variant=ec&tlang=uk&fmt=srv2\", \"name\": \"Ukrainian\", \"impersonate\": true, \"__yt_dlp_client\": \"tv_downgraded\"}, {\"ext\": \"srv3\", \"url\": \"https://www.youtube.com/api/timedtext?v=ezv5DuvCk0E&ei=z8xXafHFHv6Z6dsP-9P_uAs&caps=asr&opi=112496729&xoaf=5&xowf=1&xospf=1&hl=en&ip=0.0.0.0&ipbits=0&expire=1767386943&sparams=ip%2Cipbits%2Cexpire%2Cv%2Cei%2Ccaps%2Copi%2Cxoaf&signature=31ACC713C92BF468B0604D892289468DE459EB82.25E594A16AE4D763A16583FBA9E0634898D041F5&key=yt8&kind=asr&lang=pl&variant=ec&tlang=uk&fmt=srv3\", \"name\": \"Ukrainian\", \"impersonate\": true, \"__yt_dlp_client\": \"tv_downgraded\"}, {\"ext\": \"ttml\", \"url\": \"https://www.youtube.com/api/timedtext?v=ezv5DuvCk0E&ei=z8xXafHFHv6Z6dsP-9P_uAs&caps=asr&opi=112496729&xoaf=5&xowf=1&xospf=1&hl=en&ip=0.0.0.0&ipbits=0&expire=1767386943&sparams=ip%2Cipbits%2Cexpire%2Cv%2Cei%2Ccaps%2Copi%2Cxoaf&signature=31ACC713C92BF468B0604D892289468DE459EB82.25E594A16AE4D763A16583FBA9E0634898D041F5&key=yt8&kind=asr&lang=pl&variant=ec&tlang=uk&fmt=ttml\", \"name\": \"Ukrainian\", \"impersonate\": true, \"__yt_dlp_client\": \"tv_downgraded\"}, {\"ext\": \"srt\", \"url\": \"https://www.youtube.com/api/timedtext?v=ezv5DuvCk0E&ei=z8xXafHFHv6Z6dsP-9P_uAs&caps=asr&opi=112496729&xoaf=5&xowf=1&xospf=1&hl=en&ip=0.0.0.0&ipbits=0&expire=1767386943&sparams=ip%2Cipbits%2Cexpire%2Cv%2Cei%2Ccaps%2Copi%2Cxoaf&signature=31ACC713C92BF468B0604D892289468DE459EB82.25E594A16AE4D763A16583FBA9E0634898D041F5&key=yt8&kind=asr&lang=pl&variant=ec&tlang=uk&fmt=srt\", \"name\": \"Ukrainian\", \"impersonate\": true, \"__yt_dlp_client\": \"tv_downgraded\"}, {\"ext\": \"vtt\", \"url\": \"https://www.youtube.com/api/timedtext?v=ezv5DuvCk0E&ei=z8xXafHFHv6Z6dsP-9P_uAs&caps=asr&opi=112496729&xoaf=5&xowf=1&xospf=1&hl=en&ip=0.0.0.0&ipbits=0&expire=1767386943&sparams=ip%2Cipbits%2Cexpire%2Cv%2Cei%2Ccaps%2Copi%2Cxoaf&signature=31ACC713C92BF468B0604D892289468DE459EB82.25E594A16AE4D763A16583FBA9E0634898D041F5&key=yt8&kind=asr&lang=pl&variant=ec&tlang=uk&fmt=vtt\", \"name\": \"Ukrainian\", \"impersonate\": true, \"__yt_dlp_client\": \"tv_downgraded\"}], \"ur\": [{\"ext\": \"json3\", \"url\": \"https://www.youtube.com/api/timedtext?v=ezv5DuvCk0E&ei=z8xXafHFHv6Z6dsP-9P_uAs&caps=asr&opi=112496729&xoaf=5&xowf=1&xospf=1&hl=en&ip=0.0.0.0&ipbits=0&expire=1767386943&sparams=ip%2Cipbits%2Cexpire%2Cv%2Cei%2Ccaps%2Copi%2Cxoaf&signature=31ACC713C92BF468B0604D892289468DE459EB82.25E594A16AE4D763A16583FBA9E0634898D041F5&key=yt8&kind=asr&lang=pl&variant=ec&tlang=ur&fmt=json3\", \"name\": \"Urdu\", \"impersonate\": true, \"__yt_dlp_client\": \"tv_downgraded\"}, {\"ext\": \"srv1\", \"url\": \"https://www.youtube.com/api/timedtext?v=ezv5DuvCk0E&ei=z8xXafHFHv6Z6dsP-9P_uAs&caps=asr&opi=112496729&xoaf=5&xowf=1&xospf=1&hl=en&ip=0.0.0.0&ipbits=0&expire=1767386943&sparams=ip%2Cipbits%2Cexpire%2Cv%2Cei%2Ccaps%2Copi%2Cxoaf&signature=31ACC713C92BF468B0604D892289468DE459EB82.25E594A16AE4D763A16583FBA9E0634898D041F5&key=yt8&kind=asr&lang=pl&variant=ec&tlang=ur&fmt=srv1\", \"name\": \"Urdu\", \"impersonate\": true, \"__yt_dlp_client\": \"tv_downgraded\"}, {\"ext\": \"srv2\", \"url\": \"https://www.youtube.com/api/timedtext?v=ezv5DuvCk0E&ei=z8xXafHFHv6Z6dsP-9P_uAs&caps=asr&opi=112496729&xoaf=5&xowf=1&xospf=1&hl=en&ip=0.0.0.0&ipbits=0&expire=1767386943&sparams=ip%2Cipbits%2Cexpire%2Cv%2Cei%2Ccaps%2Copi%2Cxoaf&signature=31ACC713C92BF468B0604D892289468DE459EB82.25E594A16AE4D763A16583FBA9E0634898D041F5&key=yt8&kind=asr&lang=pl&variant=ec&tlang=ur&fmt=srv2\", \"name\": \"Urdu\", \"impersonate\": true, \"__yt_dlp_client\": \"tv_downgraded\"}, {\"ext\": \"srv3\", \"url\": \"https://www.youtube.com/api/timedtext?v=ezv5DuvCk0E&ei=z8xXafHFHv6Z6dsP-9P_uAs&caps=asr&opi=112496729&xoaf=5&xowf=1&xospf=1&hl=en&ip=0.0.0.0&ipbits=0&expire=1767386943&sparams=ip%2Cipbits%2Cexpire%2Cv%2Cei%2Ccaps%2Copi%2Cxoaf&signature=31ACC713C92BF468B0604D892289468DE459EB82.25E594A16AE4D763A16583FBA9E0634898D041F5&key=yt8&kind=asr&lang=pl&variant=ec&tlang=ur&fmt=srv3\", \"name\": \"Urdu\", \"impersonate\": true, \"__yt_dlp_client\": \"tv_downgraded\"}, {\"ext\": \"ttml\", \"url\": \"https://www.youtube.com/api/timedtext?v=ezv5DuvCk0E&ei=z8xXafHFHv6Z6dsP-9P_uAs&caps=asr&opi=112496729&xoaf=5&xowf=1&xospf=1&hl=en&ip=0.0.0.0&ipbits=0&expire=1767386943&sparams=ip%2Cipbits%2Cexpire%2Cv%2Cei%2Ccaps%2Copi%2Cxoaf&signature=31ACC713C92BF468B0604D892289468DE459EB82.25E594A16AE4D763A16583FBA9E0634898D041F5&key=yt8&kind=asr&lang=pl&variant=ec&tlang=ur&fmt=ttml\", \"name\": \"Urdu\", \"impersonate\": true, \"__yt_dlp_client\": \"tv_downgraded\"}, {\"ext\": \"srt\", \"url\": \"https://www.youtube.com/api/timedtext?v=ezv5DuvCk0E&ei=z8xXafHFHv6Z6dsP-9P_uAs&caps=asr&opi=112496729&xoaf=5&xowf=1&xospf=1&hl=en&ip=0.0.0.0&ipbits=0&expire=1767386943&sparams=ip%2Cipbits%2Cexpire%2Cv%2Cei%2Ccaps%2Copi%2Cxoaf&signature=31ACC713C92BF468B0604D892289468DE459EB82.25E594A16AE4D763A16583FBA9E0634898D041F5&key=yt8&kind=asr&lang=pl&variant=ec&tlang=ur&fmt=srt\", \"name\": \"Urdu\", \"impersonate\": true, \"__yt_dlp_client\": \"tv_downgraded\"}, {\"ext\": \"vtt\", \"url\": \"https://www.youtube.com/api/timedtext?v=ezv5DuvCk0E&ei=z8xXafHFHv6Z6dsP-9P_uAs&caps=asr&opi=112496729&xoaf=5&xowf=1&xospf=1&hl=en&ip=0.0.0.0&ipbits=0&expire=1767386943&sparams=ip%2Cipbits%2Cexpire%2Cv%2Cei%2Ccaps%2Copi%2Cxoaf&signature=31ACC713C92BF468B0604D892289468DE459EB82.25E594A16AE4D763A16583FBA9E0634898D041F5&key=yt8&kind=asr&lang=pl&variant=ec&tlang=ur&fmt=vtt\", \"name\": \"Urdu\", \"impersonate\": true, \"__yt_dlp_client\": \"tv_downgraded\"}], \"ug\": [{\"ext\": \"json3\", \"url\": \"https://www.youtube.com/api/timedtext?v=ezv5DuvCk0E&ei=z8xXafHFHv6Z6dsP-9P_uAs&caps=asr&opi=112496729&xoaf=5&xowf=1&xospf=1&hl=en&ip=0.0.0.0&ipbits=0&expire=1767386943&sparams=ip%2Cipbits%2Cexpire%2Cv%2Cei%2Ccaps%2Copi%2Cxoaf&signature=31ACC713C92BF468B0604D892289468DE459EB82.25E594A16AE4D763A16583FBA9E0634898D041F5&key=yt8&kind=asr&lang=pl&variant=ec&tlang=ug&fmt=json3\", \"name\": \"Uyghur\", \"impersonate\": true, \"__yt_dlp_client\": \"tv_downgraded\"}, {\"ext\": \"srv1\", \"url\": \"https://www.youtube.com/api/timedtext?v=ezv5DuvCk0E&ei=z8xXafHFHv6Z6dsP-9P_uAs&caps=asr&opi=112496729&xoaf=5&xowf=1&xospf=1&hl=en&ip=0.0.0.0&ipbits=0&expire=1767386943&sparams=ip%2Cipbits%2Cexpire%2Cv%2Cei%2Ccaps%2Copi%2Cxoaf&signature=31ACC713C92BF468B0604D892289468DE459EB82.25E594A16AE4D763A16583FBA9E0634898D041F5&key=yt8&kind=asr&lang=pl&variant=ec&tlang=ug&fmt=srv1\", \"name\": \"Uyghur\", \"impersonate\": true, \"__yt_dlp_client\": \"tv_downgraded\"}, {\"ext\": \"srv2\", \"url\": \"https://www.youtube.com/api/timedtext?v=ezv5DuvCk0E&ei=z8xXafHFHv6Z6dsP-9P_uAs&caps=asr&opi=112496729&xoaf=5&xowf=1&xospf=1&hl=en&ip=0.0.0.0&ipbits=0&expire=1767386943&sparams=ip%2Cipbits%2Cexpire%2Cv%2Cei%2Ccaps%2Copi%2Cxoaf&signature=31ACC713C92BF468B0604D892289468DE459EB82.25E594A16AE4D763A16583FBA9E0634898D041F5&key=yt8&kind=asr&lang=pl&variant=ec&tlang=ug&fmt=srv2\", \"name\": \"Uyghur\", \"impersonate\": true, \"__yt_dlp_client\": \"tv_downgraded\"}, {\"ext\": \"srv3\", \"url\": \"https://www.youtube.com/api/timedtext?v=ezv5DuvCk0E&ei=z8xXafHFHv6Z6dsP-9P_uAs&caps=asr&opi=112496729&xoaf=5&xowf=1&xospf=1&hl=en&ip=0.0.0.0&ipbits=0&expire=1767386943&sparams=ip%2Cipbits%2Cexpire%2Cv%2Cei%2Ccaps%2Copi%2Cxoaf&signature=31ACC713C92BF468B0604D892289468DE459EB82.25E594A16AE4D763A16583FBA9E0634898D041F5&key=yt8&kind=asr&lang=pl&variant=ec&tlang=ug&fmt=srv3\", \"name\": \"Uyghur\", \"impersonate\": true, \"__yt_dlp_client\": \"tv_downgraded\"}, {\"ext\": \"ttml\", \"url\": \"https://www.youtube.com/api/timedtext?v=ezv5DuvCk0E&ei=z8xXafHFHv6Z6dsP-9P_uAs&caps=asr&opi=112496729&xoaf=5&xowf=1&xospf=1&hl=en&ip=0.0.0.0&ipbits=0&expire=1767386943&sparams=ip%2Cipbits%2Cexpire%2Cv%2Cei%2Ccaps%2Copi%2Cxoaf&signature=31ACC713C92BF468B0604D892289468DE459EB82.25E594A16AE4D763A16583FBA9E0634898D041F5&key=yt8&kind=asr&lang=pl&variant=ec&tlang=ug&fmt=ttml\", \"name\": \"Uyghur\", \"impersonate\": true, \"__yt_dlp_client\": \"tv_downgraded\"}, {\"ext\": \"srt\", \"url\": \"https://www.youtube.com/api/timedtext?v=ezv5DuvCk0E&ei=z8xXafHFHv6Z6dsP-9P_uAs&caps=asr&opi=112496729&xoaf=5&xowf=1&xospf=1&hl=en&ip=0.0.0.0&ipbits=0&expire=1767386943&sparams=ip%2Cipbits%2Cexpire%2Cv%2Cei%2Ccaps%2Copi%2Cxoaf&signature=31ACC713C92BF468B0604D892289468DE459EB82.25E594A16AE4D763A16583FBA9E0634898D041F5&key=yt8&kind=asr&lang=pl&variant=ec&tlang=ug&fmt=srt\", \"name\": \"Uyghur\", \"impersonate\": true, \"__yt_dlp_client\": \"tv_downgraded\"}, {\"ext\": \"vtt\", \"url\": \"https://www.youtube.com/api/timedtext?v=ezv5DuvCk0E&ei=z8xXafHFHv6Z6dsP-9P_uAs&caps=asr&opi=112496729&xoaf=5&xowf=1&xospf=1&hl=en&ip=0.0.0.0&ipbits=0&expire=1767386943&sparams=ip%2Cipbits%2Cexpire%2Cv%2Cei%2Ccaps%2Copi%2Cxoaf&signature=31ACC713C92BF468B0604D892289468DE459EB82.25E594A16AE4D763A16583FBA9E0634898D041F5&key=yt8&kind=asr&lang=pl&variant=ec&tlang=ug&fmt=vtt\", \"name\": \"Uyghur\", \"impersonate\": true, \"__yt_dlp_client\": \"tv_downgraded\"}], \"uz\": [{\"ext\": \"json3\", \"url\": \"https://www.youtube.com/api/timedtext?v=ezv5DuvCk0E&ei=z8xXafHFHv6Z6dsP-9P_uAs&caps=asr&opi=112496729&xoaf=5&xowf=1&xospf=1&hl=en&ip=0.0.0.0&ipbits=0&expire=1767386943&sparams=ip%2Cipbits%2Cexpire%2Cv%2Cei%2Ccaps%2Copi%2Cxoaf&signature=31ACC713C92BF468B0604D892289468DE459EB82.25E594A16AE4D763A16583FBA9E0634898D041F5&key=yt8&kind=asr&lang=pl&variant=ec&tlang=uz&fmt=json3\", \"name\": \"Uzbek\", \"impersonate\": true, \"__yt_dlp_client\": \"tv_downgraded\"}, {\"ext\": \"srv1\", \"url\": \"https://www.youtube.com/api/timedtext?v=ezv5DuvCk0E&ei=z8xXafHFHv6Z6dsP-9P_uAs&caps=asr&opi=112496729&xoaf=5&xowf=1&xospf=1&hl=en&ip=0.0.0.0&ipbits=0&expire=1767386943&sparams=ip%2Cipbits%2Cexpire%2Cv%2Cei%2Ccaps%2Copi%2Cxoaf&signature=31ACC713C92BF468B0604D892289468DE459EB82.25E594A16AE4D763A16583FBA9E0634898D041F5&key=yt8&kind=asr&lang=pl&variant=ec&tlang=uz&fmt=srv1\", \"name\": \"Uzbek\", \"impersonate\": true, \"__yt_dlp_client\": \"tv_downgraded\"}, {\"ext\": \"srv2\", \"url\": \"https://www.youtube.com/api/timedtext?v=ezv5DuvCk0E&ei=z8xXafHFHv6Z6dsP-9P_uAs&caps=asr&opi=112496729&xoaf=5&xowf=1&xospf=1&hl=en&ip=0.0.0.0&ipbits=0&expire=1767386943&sparams=ip%2Cipbits%2Cexpire%2Cv%2Cei%2Ccaps%2Copi%2Cxoaf&signature=31ACC713C92BF468B0604D892289468DE459EB82.25E594A16AE4D763A16583FBA9E0634898D041F5&key=yt8&kind=asr&lang=pl&variant=ec&tlang=uz&fmt=srv2\", \"name\": \"Uzbek\", \"impersonate\": true, \"__yt_dlp_client\": \"tv_downgraded\"}, {\"ext\": \"srv3\", \"url\": \"https://www.youtube.com/api/timedtext?v=ezv5DuvCk0E&ei=z8xXafHFHv6Z6dsP-9P_uAs&caps=asr&opi=112496729&xoaf=5&xowf=1&xospf=1&hl=en&ip=0.0.0.0&ipbits=0&expire=1767386943&sparams=ip%2Cipbits%2Cexpire%2Cv%2Cei%2Ccaps%2Copi%2Cxoaf&signature=31ACC713C92BF468B0604D892289468DE459EB82.25E594A16AE4D763A16583FBA9E0634898D041F5&key=yt8&kind=asr&lang=pl&variant=ec&tlang=uz&fmt=srv3\", \"name\": \"Uzbek\", \"impersonate\": true, \"__yt_dlp_client\": \"tv_downgraded\"}, {\"ext\": \"ttml\", \"url\": \"https://www.youtube.com/api/timedtext?v=ezv5DuvCk0E&ei=z8xXafHFHv6Z6dsP-9P_uAs&caps=asr&opi=112496729&xoaf=5&xowf=1&xospf=1&hl=en&ip=0.0.0.0&ipbits=0&expire=1767386943&sparams=ip%2Cipbits%2Cexpire%2Cv%2Cei%2Ccaps%2Copi%2Cxoaf&signature=31ACC713C92BF468B0604D892289468DE459EB82.25E594A16AE4D763A16583FBA9E0634898D041F5&key=yt8&kind=asr&lang=pl&variant=ec&tlang=uz&fmt=ttml\", \"name\": \"Uzbek\", \"impersonate\": true, \"__yt_dlp_client\": \"tv_downgraded\"}, {\"ext\": \"srt\", \"url\": \"https://www.youtube.com/api/timedtext?v=ezv5DuvCk0E&ei=z8xXafHFHv6Z6dsP-9P_uAs&caps=asr&opi=112496729&xoaf=5&xowf=1&xospf=1&hl=en&ip=0.0.0.0&ipbits=0&expire=1767386943&sparams=ip%2Cipbits%2Cexpire%2Cv%2Cei%2Ccaps%2Copi%2Cxoaf&signature=31ACC713C92BF468B0604D892289468DE459EB82.25E594A16AE4D763A16583FBA9E0634898D041F5&key=yt8&kind=asr&lang=pl&variant=ec&tlang=uz&fmt=srt\", \"name\": \"Uzbek\", \"impersonate\": true, \"__yt_dlp_client\": \"tv_downgraded\"}, {\"ext\": \"vtt\", \"url\": \"https://www.youtube.com/api/timedtext?v=ezv5DuvCk0E&ei=z8xXafHFHv6Z6dsP-9P_uAs&caps=asr&opi=112496729&xoaf=5&xowf=1&xospf=1&hl=en&ip=0.0.0.0&ipbits=0&expire=1767386943&sparams=ip%2Cipbits%2Cexpire%2Cv%2Cei%2Ccaps%2Copi%2Cxoaf&signature=31ACC713C92BF468B0604D892289468DE459EB82.25E594A16AE4D763A16583FBA9E0634898D041F5&key=yt8&kind=asr&lang=pl&variant=ec&tlang=uz&fmt=vtt\", \"name\": \"Uzbek\", \"impersonate\": true, \"__yt_dlp_client\": \"tv_downgraded\"}], \"ve\": [{\"ext\": \"json3\", \"url\": \"https://www.youtube.com/api/timedtext?v=ezv5DuvCk0E&ei=z8xXafHFHv6Z6dsP-9P_uAs&caps=asr&opi=112496729&xoaf=5&xowf=1&xospf=1&hl=en&ip=0.0.0.0&ipbits=0&expire=1767386943&sparams=ip%2Cipbits%2Cexpire%2Cv%2Cei%2Ccaps%2Copi%2Cxoaf&signature=31ACC713C92BF468B0604D892289468DE459EB82.25E594A16AE4D763A16583FBA9E0634898D041F5&key=yt8&kind=asr&lang=pl&variant=ec&tlang=ve&fmt=json3\", \"name\": \"Venda\", \"impersonate\": true, \"__yt_dlp_client\": \"tv_downgraded\"}, {\"ext\": \"srv1\", \"url\": \"https://www.youtube.com/api/timedtext?v=ezv5DuvCk0E&ei=z8xXafHFHv6Z6dsP-9P_uAs&caps=asr&opi=112496729&xoaf=5&xowf=1&xospf=1&hl=en&ip=0.0.0.0&ipbits=0&expire=1767386943&sparams=ip%2Cipbits%2Cexpire%2Cv%2Cei%2Ccaps%2Copi%2Cxoaf&signature=31ACC713C92BF468B0604D892289468DE459EB82.25E594A16AE4D763A16583FBA9E0634898D041F5&key=yt8&kind=asr&lang=pl&variant=ec&tlang=ve&fmt=srv1\", \"name\": \"Venda\", \"impersonate\": true, \"__yt_dlp_client\": \"tv_downgraded\"}, {\"ext\": \"srv2\", \"url\": \"https://www.youtube.com/api/timedtext?v=ezv5DuvCk0E&ei=z8xXafHFHv6Z6dsP-9P_uAs&caps=asr&opi=112496729&xoaf=5&xowf=1&xospf=1&hl=en&ip=0.0.0.0&ipbits=0&expire=1767386943&sparams=ip%2Cipbits%2Cexpire%2Cv%2Cei%2Ccaps%2Copi%2Cxoaf&signature=31ACC713C92BF468B0604D892289468DE459EB82.25E594A16AE4D763A16583FBA9E0634898D041F5&key=yt8&kind=asr&lang=pl&variant=ec&tlang=ve&fmt=srv2\", \"name\": \"Venda\", \"impersonate\": true, \"__yt_dlp_client\": \"tv_downgraded\"}, {\"ext\": \"srv3\", \"url\": \"https://www.youtube.com/api/timedtext?v=ezv5DuvCk0E&ei=z8xXafHFHv6Z6dsP-9P_uAs&caps=asr&opi=112496729&xoaf=5&xowf=1&xospf=1&hl=en&ip=0.0.0.0&ipbits=0&expire=1767386943&sparams=ip%2Cipbits%2Cexpire%2Cv%2Cei%2Ccaps%2Copi%2Cxoaf&signature=31ACC713C92BF468B0604D892289468DE459EB82.25E594A16AE4D763A16583FBA9E0634898D041F5&key=yt8&kind=asr&lang=pl&variant=ec&tlang=ve&fmt=srv3\", \"name\": \"Venda\", \"impersonate\": true, \"__yt_dlp_client\": \"tv_downgraded\"}, {\"ext\": \"ttml\", \"url\": \"https://www.youtube.com/api/timedtext?v=ezv5DuvCk0E&ei=z8xXafHFHv6Z6dsP-9P_uAs&caps=asr&opi=112496729&xoaf=5&xowf=1&xospf=1&hl=en&ip=0.0.0.0&ipbits=0&expire=1767386943&sparams=ip%2Cipbits%2Cexpire%2Cv%2Cei%2Ccaps%2Copi%2Cxoaf&signature=31ACC713C92BF468B0604D892289468DE459EB82.25E594A16AE4D763A16583FBA9E0634898D041F5&key=yt8&kind=asr&lang=pl&variant=ec&tlang=ve&fmt=ttml\", \"name\": \"Venda\", \"impersonate\": true, \"__yt_dlp_client\": \"tv_downgraded\"}, {\"ext\": \"srt\", \"url\": \"https://www.youtube.com/api/timedtext?v=ezv5DuvCk0E&ei=z8xXafHFHv6Z6dsP-9P_uAs&caps=asr&opi=112496729&xoaf=5&xowf=1&xospf=1&hl=en&ip=0.0.0.0&ipbits=0&expire=1767386943&sparams=ip%2Cipbits%2Cexpire%2Cv%2Cei%2Ccaps%2Copi%2Cxoaf&signature=31ACC713C92BF468B0604D892289468DE459EB82.25E594A16AE4D763A16583FBA9E0634898D041F5&key=yt8&kind=asr&lang=pl&variant=ec&tlang=ve&fmt=srt\", \"name\": \"Venda\", \"impersonate\": true, \"__yt_dlp_client\": \"tv_downgraded\"}, {\"ext\": \"vtt\", \"url\": \"https://www.youtube.com/api/timedtext?v=ezv5DuvCk0E&ei=z8xXafHFHv6Z6dsP-9P_uAs&caps=asr&opi=112496729&xoaf=5&xowf=1&xospf=1&hl=en&ip=0.0.0.0&ipbits=0&expire=1767386943&sparams=ip%2Cipbits%2Cexpire%2Cv%2Cei%2Ccaps%2Copi%2Cxoaf&signature=31ACC713C92BF468B0604D892289468DE459EB82.25E594A16AE4D763A16583FBA9E0634898D041F5&key=yt8&kind=asr&lang=pl&variant=ec&tlang=ve&fmt=vtt\", \"name\": \"Venda\", \"impersonate\": true, \"__yt_dlp_client\": \"tv_downgraded\"}], \"vi\": [{\"ext\": \"json3\", \"url\": \"https://www.youtube.com/api/timedtext?v=ezv5DuvCk0E&ei=z8xXafHFHv6Z6dsP-9P_uAs&caps=asr&opi=112496729&xoaf=5&xowf=1&xospf=1&hl=en&ip=0.0.0.0&ipbits=0&expire=1767386943&sparams=ip%2Cipbits%2Cexpire%2Cv%2Cei%2Ccaps%2Copi%2Cxoaf&signature=31ACC713C92BF468B0604D892289468DE459EB82.25E594A16AE4D763A16583FBA9E0634898D041F5&key=yt8&kind=asr&lang=pl&variant=ec&tlang=vi&fmt=json3\", \"name\": \"Vietnamese\", \"impersonate\": true, \"__yt_dlp_client\": \"tv_downgraded\"}, {\"ext\": \"srv1\", \"url\": \"https://www.youtube.com/api/timedtext?v=ezv5DuvCk0E&ei=z8xXafHFHv6Z6dsP-9P_uAs&caps=asr&opi=112496729&xoaf=5&xowf=1&xospf=1&hl=en&ip=0.0.0.0&ipbits=0&expire=1767386943&sparams=ip%2Cipbits%2Cexpire%2Cv%2Cei%2Ccaps%2Copi%2Cxoaf&signature=31ACC713C92BF468B0604D892289468DE459EB82.25E594A16AE4D763A16583FBA9E0634898D041F5&key=yt8&kind=asr&lang=pl&variant=ec&tlang=vi&fmt=srv1\", \"name\": \"Vietnamese\", \"impersonate\": true, \"__yt_dlp_client\": \"tv_downgraded\"}, {\"ext\": \"srv2\", \"url\": \"https://www.youtube.com/api/timedtext?v=ezv5DuvCk0E&ei=z8xXafHFHv6Z6dsP-9P_uAs&caps=asr&opi=112496729&xoaf=5&xowf=1&xospf=1&hl=en&ip=0.0.0.0&ipbits=0&expire=1767386943&sparams=ip%2Cipbits%2Cexpire%2Cv%2Cei%2Ccaps%2Copi%2Cxoaf&signature=31ACC713C92BF468B0604D892289468DE459EB82.25E594A16AE4D763A16583FBA9E0634898D041F5&key=yt8&kind=asr&lang=pl&variant=ec&tlang=vi&fmt=srv2\", \"name\": \"Vietnamese\", \"impersonate\": true, \"__yt_dlp_client\": \"tv_downgraded\"}, {\"ext\": \"srv3\", \"url\": \"https://www.youtube.com/api/timedtext?v=ezv5DuvCk0E&ei=z8xXafHFHv6Z6dsP-9P_uAs&caps=asr&opi=112496729&xoaf=5&xowf=1&xospf=1&hl=en&ip=0.0.0.0&ipbits=0&expire=1767386943&sparams=ip%2Cipbits%2Cexpire%2Cv%2Cei%2Ccaps%2Copi%2Cxoaf&signature=31ACC713C92BF468B0604D892289468DE459EB82.25E594A16AE4D763A16583FBA9E0634898D041F5&key=yt8&kind=asr&lang=pl&variant=ec&tlang=vi&fmt=srv3\", \"name\": \"Vietnamese\", \"impersonate\": true, \"__yt_dlp_client\": \"tv_downgraded\"}, {\"ext\": \"ttml\", \"url\": \"https://www.youtube.com/api/timedtext?v=ezv5DuvCk0E&ei=z8xXafHFHv6Z6dsP-9P_uAs&caps=asr&opi=112496729&xoaf=5&xowf=1&xospf=1&hl=en&ip=0.0.0.0&ipbits=0&expire=1767386943&sparams=ip%2Cipbits%2Cexpire%2Cv%2Cei%2Ccaps%2Copi%2Cxoaf&signature=31ACC713C92BF468B0604D892289468DE459EB82.25E594A16AE4D763A16583FBA9E0634898D041F5&key=yt8&kind=asr&lang=pl&variant=ec&tlang=vi&fmt=ttml\", \"name\": \"Vietnamese\", \"impersonate\": true, \"__yt_dlp_client\": \"tv_downgraded\"}, {\"ext\": \"srt\", \"url\": \"https://www.youtube.com/api/timedtext?v=ezv5DuvCk0E&ei=z8xXafHFHv6Z6dsP-9P_uAs&caps=asr&opi=112496729&xoaf=5&xowf=1&xospf=1&hl=en&ip=0.0.0.0&ipbits=0&expire=1767386943&sparams=ip%2Cipbits%2Cexpire%2Cv%2Cei%2Ccaps%2Copi%2Cxoaf&signature=31ACC713C92BF468B0604D892289468DE459EB82.25E594A16AE4D763A16583FBA9E0634898D041F5&key=yt8&kind=asr&lang=pl&variant=ec&tlang=vi&fmt=srt\", \"name\": \"Vietnamese\", \"impersonate\": true, \"__yt_dlp_client\": \"tv_downgraded\"}, {\"ext\": \"vtt\", \"url\": \"https://www.youtube.com/api/timedtext?v=ezv5DuvCk0E&ei=z8xXafHFHv6Z6dsP-9P_uAs&caps=asr&opi=112496729&xoaf=5&xowf=1&xospf=1&hl=en&ip=0.0.0.0&ipbits=0&expire=1767386943&sparams=ip%2Cipbits%2Cexpire%2Cv%2Cei%2Ccaps%2Copi%2Cxoaf&signature=31ACC713C92BF468B0604D892289468DE459EB82.25E594A16AE4D763A16583FBA9E0634898D041F5&key=yt8&kind=asr&lang=pl&variant=ec&tlang=vi&fmt=vtt\", \"name\": \"Vietnamese\", \"impersonate\": true, \"__yt_dlp_client\": \"tv_downgraded\"}], \"war\": [{\"ext\": \"json3\", \"url\": \"https://www.youtube.com/api/timedtext?v=ezv5DuvCk0E&ei=z8xXafHFHv6Z6dsP-9P_uAs&caps=asr&opi=112496729&xoaf=5&xowf=1&xospf=1&hl=en&ip=0.0.0.0&ipbits=0&expire=1767386943&sparams=ip%2Cipbits%2Cexpire%2Cv%2Cei%2Ccaps%2Copi%2Cxoaf&signature=31ACC713C92BF468B0604D892289468DE459EB82.25E594A16AE4D763A16583FBA9E0634898D041F5&key=yt8&kind=asr&lang=pl&variant=ec&tlang=war&fmt=json3\", \"name\": \"Waray\", \"impersonate\": true, \"__yt_dlp_client\": \"tv_downgraded\"}, {\"ext\": \"srv1\", \"url\": \"https://www.youtube.com/api/timedtext?v=ezv5DuvCk0E&ei=z8xXafHFHv6Z6dsP-9P_uAs&caps=asr&opi=112496729&xoaf=5&xowf=1&xospf=1&hl=en&ip=0.0.0.0&ipbits=0&expire=1767386943&sparams=ip%2Cipbits%2Cexpire%2Cv%2Cei%2Ccaps%2Copi%2Cxoaf&signature=31ACC713C92BF468B0604D892289468DE459EB82.25E594A16AE4D763A16583FBA9E0634898D041F5&key=yt8&kind=asr&lang=pl&variant=ec&tlang=war&fmt=srv1\", \"name\": \"Waray\", \"impersonate\": true, \"__yt_dlp_client\": \"tv_downgraded\"}, {\"ext\": \"srv2\", \"url\": \"https://www.youtube.com/api/timedtext?v=ezv5DuvCk0E&ei=z8xXafHFHv6Z6dsP-9P_uAs&caps=asr&opi=112496729&xoaf=5&xowf=1&xospf=1&hl=en&ip=0.0.0.0&ipbits=0&expire=1767386943&sparams=ip%2Cipbits%2Cexpire%2Cv%2Cei%2Ccaps%2Copi%2Cxoaf&signature=31ACC713C92BF468B0604D892289468DE459EB82.25E594A16AE4D763A16583FBA9E0634898D041F5&key=yt8&kind=asr&lang=pl&variant=ec&tlang=war&fmt=srv2\", \"name\": \"Waray\", \"impersonate\": true, \"__yt_dlp_client\": \"tv_downgraded\"}, {\"ext\": \"srv3\", \"url\": \"https://www.youtube.com/api/timedtext?v=ezv5DuvCk0E&ei=z8xXafHFHv6Z6dsP-9P_uAs&caps=asr&opi=112496729&xoaf=5&xowf=1&xospf=1&hl=en&ip=0.0.0.0&ipbits=0&expire=1767386943&sparams=ip%2Cipbits%2Cexpire%2Cv%2Cei%2Ccaps%2Copi%2Cxoaf&signature=31ACC713C92BF468B0604D892289468DE459EB82.25E594A16AE4D763A16583FBA9E0634898D041F5&key=yt8&kind=asr&lang=pl&variant=ec&tlang=war&fmt=srv3\", \"name\": \"Waray\", \"impersonate\": true, \"__yt_dlp_client\": \"tv_downgraded\"}, {\"ext\": \"ttml\", \"url\": \"https://www.youtube.com/api/timedtext?v=ezv5DuvCk0E&ei=z8xXafHFHv6Z6dsP-9P_uAs&caps=asr&opi=112496729&xoaf=5&xowf=1&xospf=1&hl=en&ip=0.0.0.0&ipbits=0&expire=1767386943&sparams=ip%2Cipbits%2Cexpire%2Cv%2Cei%2Ccaps%2Copi%2Cxoaf&signature=31ACC713C92BF468B0604D892289468DE459EB82.25E594A16AE4D763A16583FBA9E0634898D041F5&key=yt8&kind=asr&lang=pl&variant=ec&tlang=war&fmt=ttml\", \"name\": \"Waray\", \"impersonate\": true, \"__yt_dlp_client\": \"tv_downgraded\"}, {\"ext\": \"srt\", \"url\": \"https://www.youtube.com/api/timedtext?v=ezv5DuvCk0E&ei=z8xXafHFHv6Z6dsP-9P_uAs&caps=asr&opi=112496729&xoaf=5&xowf=1&xospf=1&hl=en&ip=0.0.0.0&ipbits=0&expire=1767386943&sparams=ip%2Cipbits%2Cexpire%2Cv%2Cei%2Ccaps%2Copi%2Cxoaf&signature=31ACC713C92BF468B0604D892289468DE459EB82.25E594A16AE4D763A16583FBA9E0634898D041F5&key=yt8&kind=asr&lang=pl&variant=ec&tlang=war&fmt=srt\", \"name\": \"Waray\", \"impersonate\": true, \"__yt_dlp_client\": \"tv_downgraded\"}, {\"ext\": \"vtt\", \"url\": \"https://www.youtube.com/api/timedtext?v=ezv5DuvCk0E&ei=z8xXafHFHv6Z6dsP-9P_uAs&caps=asr&opi=112496729&xoaf=5&xowf=1&xospf=1&hl=en&ip=0.0.0.0&ipbits=0&expire=1767386943&sparams=ip%2Cipbits%2Cexpire%2Cv%2Cei%2Ccaps%2Copi%2Cxoaf&signature=31ACC713C92BF468B0604D892289468DE459EB82.25E594A16AE4D763A16583FBA9E0634898D041F5&key=yt8&kind=asr&lang=pl&variant=ec&tlang=war&fmt=vtt\", \"name\": \"Waray\", \"impersonate\": true, \"__yt_dlp_client\": \"tv_downgraded\"}], \"cy\": [{\"ext\": \"json3\", \"url\": \"https://www.youtube.com/api/timedtext?v=ezv5DuvCk0E&ei=z8xXafHFHv6Z6dsP-9P_uAs&caps=asr&opi=112496729&xoaf=5&xowf=1&xospf=1&hl=en&ip=0.0.0.0&ipbits=0&expire=1767386943&sparams=ip%2Cipbits%2Cexpire%2Cv%2Cei%2Ccaps%2Copi%2Cxoaf&signature=31ACC713C92BF468B0604D892289468DE459EB82.25E594A16AE4D763A16583FBA9E0634898D041F5&key=yt8&kind=asr&lang=pl&variant=ec&tlang=cy&fmt=json3\", \"name\": \"Welsh\", \"impersonate\": true, \"__yt_dlp_client\": \"tv_downgraded\"}, {\"ext\": \"srv1\", \"url\": \"https://www.youtube.com/api/timedtext?v=ezv5DuvCk0E&ei=z8xXafHFHv6Z6dsP-9P_uAs&caps=asr&opi=112496729&xoaf=5&xowf=1&xospf=1&hl=en&ip=0.0.0.0&ipbits=0&expire=1767386943&sparams=ip%2Cipbits%2Cexpire%2Cv%2Cei%2Ccaps%2Copi%2Cxoaf&signature=31ACC713C92BF468B0604D892289468DE459EB82.25E594A16AE4D763A16583FBA9E0634898D041F5&key=yt8&kind=asr&lang=pl&variant=ec&tlang=cy&fmt=srv1\", \"name\": \"Welsh\", \"impersonate\": true, \"__yt_dlp_client\": \"tv_downgraded\"}, {\"ext\": \"srv2\", \"url\": \"https://www.youtube.com/api/timedtext?v=ezv5DuvCk0E&ei=z8xXafHFHv6Z6dsP-9P_uAs&caps=asr&opi=112496729&xoaf=5&xowf=1&xospf=1&hl=en&ip=0.0.0.0&ipbits=0&expire=1767386943&sparams=ip%2Cipbits%2Cexpire%2Cv%2Cei%2Ccaps%2Copi%2Cxoaf&signature=31ACC713C92BF468B0604D892289468DE459EB82.25E594A16AE4D763A16583FBA9E0634898D041F5&key=yt8&kind=asr&lang=pl&variant=ec&tlang=cy&fmt=srv2\", \"name\": \"Welsh\", \"impersonate\": true, \"__yt_dlp_client\": \"tv_downgraded\"}, {\"ext\": \"srv3\", \"url\": \"https://www.youtube.com/api/timedtext?v=ezv5DuvCk0E&ei=z8xXafHFHv6Z6dsP-9P_uAs&caps=asr&opi=112496729&xoaf=5&xowf=1&xospf=1&hl=en&ip=0.0.0.0&ipbits=0&expire=1767386943&sparams=ip%2Cipbits%2Cexpire%2Cv%2Cei%2Ccaps%2Copi%2Cxoaf&signature=31ACC713C92BF468B0604D892289468DE459EB82.25E594A16AE4D763A16583FBA9E0634898D041F5&key=yt8&kind=asr&lang=pl&variant=ec&tlang=cy&fmt=srv3\", \"name\": \"Welsh\", \"impersonate\": true, \"__yt_dlp_client\": \"tv_downgraded\"}, {\"ext\": \"ttml\", \"url\": \"https://www.youtube.com/api/timedtext?v=ezv5DuvCk0E&ei=z8xXafHFHv6Z6dsP-9P_uAs&caps=asr&opi=112496729&xoaf=5&xowf=1&xospf=1&hl=en&ip=0.0.0.0&ipbits=0&expire=1767386943&sparams=ip%2Cipbits%2Cexpire%2Cv%2Cei%2Ccaps%2Copi%2Cxoaf&signature=31ACC713C92BF468B0604D892289468DE459EB82.25E594A16AE4D763A16583FBA9E0634898D041F5&key=yt8&kind=asr&lang=pl&variant=ec&tlang=cy&fmt=ttml\", \"name\": \"Welsh\", \"impersonate\": true, \"__yt_dlp_client\": \"tv_downgraded\"}, {\"ext\": \"srt\", \"url\": \"https://www.youtube.com/api/timedtext?v=ezv5DuvCk0E&ei=z8xXafHFHv6Z6dsP-9P_uAs&caps=asr&opi=112496729&xoaf=5&xowf=1&xospf=1&hl=en&ip=0.0.0.0&ipbits=0&expire=1767386943&sparams=ip%2Cipbits%2Cexpire%2Cv%2Cei%2Ccaps%2Copi%2Cxoaf&signature=31ACC713C92BF468B0604D892289468DE459EB82.25E594A16AE4D763A16583FBA9E0634898D041F5&key=yt8&kind=asr&lang=pl&variant=ec&tlang=cy&fmt=srt\", \"name\": \"Welsh\", \"impersonate\": true, \"__yt_dlp_client\": \"tv_downgraded\"}, {\"ext\": \"vtt\", \"url\": \"https://www.youtube.com/api/timedtext?v=ezv5DuvCk0E&ei=z8xXafHFHv6Z6dsP-9P_uAs&caps=asr&opi=112496729&xoaf=5&xowf=1&xospf=1&hl=en&ip=0.0.0.0&ipbits=0&expire=1767386943&sparams=ip%2Cipbits%2Cexpire%2Cv%2Cei%2Ccaps%2Copi%2Cxoaf&signature=31ACC713C92BF468B0604D892289468DE459EB82.25E594A16AE4D763A16583FBA9E0634898D041F5&key=yt8&kind=asr&lang=pl&variant=ec&tlang=cy&fmt=vtt\", \"name\": \"Welsh\", \"impersonate\": true, \"__yt_dlp_client\": \"tv_downgraded\"}], \"fy\": [{\"ext\": \"json3\", \"url\": \"https://www.youtube.com/api/timedtext?v=ezv5DuvCk0E&ei=z8xXafHFHv6Z6dsP-9P_uAs&caps=asr&opi=112496729&xoaf=5&xowf=1&xospf=1&hl=en&ip=0.0.0.0&ipbits=0&expire=1767386943&sparams=ip%2Cipbits%2Cexpire%2Cv%2Cei%2Ccaps%2Copi%2Cxoaf&signature=31ACC713C92BF468B0604D892289468DE459EB82.25E594A16AE4D763A16583FBA9E0634898D041F5&key=yt8&kind=asr&lang=pl&variant=ec&tlang=fy&fmt=json3\", \"name\": \"Western Frisian\", \"impersonate\": true, \"__yt_dlp_client\": \"tv_downgraded\"}, {\"ext\": \"srv1\", \"url\": \"https://www.youtube.com/api/timedtext?v=ezv5DuvCk0E&ei=z8xXafHFHv6Z6dsP-9P_uAs&caps=asr&opi=112496729&xoaf=5&xowf=1&xospf=1&hl=en&ip=0.0.0.0&ipbits=0&expire=1767386943&sparams=ip%2Cipbits%2Cexpire%2Cv%2Cei%2Ccaps%2Copi%2Cxoaf&signature=31ACC713C92BF468B0604D892289468DE459EB82.25E594A16AE4D763A16583FBA9E0634898D041F5&key=yt8&kind=asr&lang=pl&variant=ec&tlang=fy&fmt=srv1\", \"name\": \"Western Frisian\", \"impersonate\": true, \"__yt_dlp_client\": \"tv_downgraded\"}, {\"ext\": \"srv2\", \"url\": \"https://www.youtube.com/api/timedtext?v=ezv5DuvCk0E&ei=z8xXafHFHv6Z6dsP-9P_uAs&caps=asr&opi=112496729&xoaf=5&xowf=1&xospf=1&hl=en&ip=0.0.0.0&ipbits=0&expire=1767386943&sparams=ip%2Cipbits%2Cexpire%2Cv%2Cei%2Ccaps%2Copi%2Cxoaf&signature=31ACC713C92BF468B0604D892289468DE459EB82.25E594A16AE4D763A16583FBA9E0634898D041F5&key=yt8&kind=asr&lang=pl&variant=ec&tlang=fy&fmt=srv2\", \"name\": \"Western Frisian\", \"impersonate\": true, \"__yt_dlp_client\": \"tv_downgraded\"}, {\"ext\": \"srv3\", \"url\": \"https://www.youtube.com/api/timedtext?v=ezv5DuvCk0E&ei=z8xXafHFHv6Z6dsP-9P_uAs&caps=asr&opi=112496729&xoaf=5&xowf=1&xospf=1&hl=en&ip=0.0.0.0&ipbits=0&expire=1767386943&sparams=ip%2Cipbits%2Cexpire%2Cv%2Cei%2Ccaps%2Copi%2Cxoaf&signature=31ACC713C92BF468B0604D892289468DE459EB82.25E594A16AE4D763A16583FBA9E0634898D041F5&key=yt8&kind=asr&lang=pl&variant=ec&tlang=fy&fmt=srv3\", \"name\": \"Western Frisian\", \"impersonate\": true, \"__yt_dlp_client\": \"tv_downgraded\"}, {\"ext\": \"ttml\", \"url\": \"https://www.youtube.com/api/timedtext?v=ezv5DuvCk0E&ei=z8xXafHFHv6Z6dsP-9P_uAs&caps=asr&opi=112496729&xoaf=5&xowf=1&xospf=1&hl=en&ip=0.0.0.0&ipbits=0&expire=1767386943&sparams=ip%2Cipbits%2Cexpire%2Cv%2Cei%2Ccaps%2Copi%2Cxoaf&signature=31ACC713C92BF468B0604D892289468DE459EB82.25E594A16AE4D763A16583FBA9E0634898D041F5&key=yt8&kind=asr&lang=pl&variant=ec&tlang=fy&fmt=ttml\", \"name\": \"Western Frisian\", \"impersonate\": true, \"__yt_dlp_client\": \"tv_downgraded\"}, {\"ext\": \"srt\", \"url\": \"https://www.youtube.com/api/timedtext?v=ezv5DuvCk0E&ei=z8xXafHFHv6Z6dsP-9P_uAs&caps=asr&opi=112496729&xoaf=5&xowf=1&xospf=1&hl=en&ip=0.0.0.0&ipbits=0&expire=1767386943&sparams=ip%2Cipbits%2Cexpire%2Cv%2Cei%2Ccaps%2Copi%2Cxoaf&signature=31ACC713C92BF468B0604D892289468DE459EB82.25E594A16AE4D763A16583FBA9E0634898D041F5&key=yt8&kind=asr&lang=pl&variant=ec&tlang=fy&fmt=srt\", \"name\": \"Western Frisian\", \"impersonate\": true, \"__yt_dlp_client\": \"tv_downgraded\"}, {\"ext\": \"vtt\", \"url\": \"https://www.youtube.com/api/timedtext?v=ezv5DuvCk0E&ei=z8xXafHFHv6Z6dsP-9P_uAs&caps=asr&opi=112496729&xoaf=5&xowf=1&xospf=1&hl=en&ip=0.0.0.0&ipbits=0&expire=1767386943&sparams=ip%2Cipbits%2Cexpire%2Cv%2Cei%2Ccaps%2Copi%2Cxoaf&signature=31ACC713C92BF468B0604D892289468DE459EB82.25E594A16AE4D763A16583FBA9E0634898D041F5&key=yt8&kind=asr&lang=pl&variant=ec&tlang=fy&fmt=vtt\", \"name\": \"Western Frisian\", \"impersonate\": true, \"__yt_dlp_client\": \"tv_downgraded\"}], \"wo\": [{\"ext\": \"json3\", \"url\": \"https://www.youtube.com/api/timedtext?v=ezv5DuvCk0E&ei=z8xXafHFHv6Z6dsP-9P_uAs&caps=asr&opi=112496729&xoaf=5&xowf=1&xospf=1&hl=en&ip=0.0.0.0&ipbits=0&expire=1767386943&sparams=ip%2Cipbits%2Cexpire%2Cv%2Cei%2Ccaps%2Copi%2Cxoaf&signature=31ACC713C92BF468B0604D892289468DE459EB82.25E594A16AE4D763A16583FBA9E0634898D041F5&key=yt8&kind=asr&lang=pl&variant=ec&tlang=wo&fmt=json3\", \"name\": \"Wolof\", \"impersonate\": true, \"__yt_dlp_client\": \"tv_downgraded\"}, {\"ext\": \"srv1\", \"url\": \"https://www.youtube.com/api/timedtext?v=ezv5DuvCk0E&ei=z8xXafHFHv6Z6dsP-9P_uAs&caps=asr&opi=112496729&xoaf=5&xowf=1&xospf=1&hl=en&ip=0.0.0.0&ipbits=0&expire=1767386943&sparams=ip%2Cipbits%2Cexpire%2Cv%2Cei%2Ccaps%2Copi%2Cxoaf&signature=31ACC713C92BF468B0604D892289468DE459EB82.25E594A16AE4D763A16583FBA9E0634898D041F5&key=yt8&kind=asr&lang=pl&variant=ec&tlang=wo&fmt=srv1\", \"name\": \"Wolof\", \"impersonate\": true, \"__yt_dlp_client\": \"tv_downgraded\"}, {\"ext\": \"srv2\", \"url\": \"https://www.youtube.com/api/timedtext?v=ezv5DuvCk0E&ei=z8xXafHFHv6Z6dsP-9P_uAs&caps=asr&opi=112496729&xoaf=5&xowf=1&xospf=1&hl=en&ip=0.0.0.0&ipbits=0&expire=1767386943&sparams=ip%2Cipbits%2Cexpire%2Cv%2Cei%2Ccaps%2Copi%2Cxoaf&signature=31ACC713C92BF468B0604D892289468DE459EB82.25E594A16AE4D763A16583FBA9E0634898D041F5&key=yt8&kind=asr&lang=pl&variant=ec&tlang=wo&fmt=srv2\", \"name\": \"Wolof\", \"impersonate\": true, \"__yt_dlp_client\": \"tv_downgraded\"}, {\"ext\": \"srv3\", \"url\": \"https://www.youtube.com/api/timedtext?v=ezv5DuvCk0E&ei=z8xXafHFHv6Z6dsP-9P_uAs&caps=asr&opi=112496729&xoaf=5&xowf=1&xospf=1&hl=en&ip=0.0.0.0&ipbits=0&expire=1767386943&sparams=ip%2Cipbits%2Cexpire%2Cv%2Cei%2Ccaps%2Copi%2Cxoaf&signature=31ACC713C92BF468B0604D892289468DE459EB82.25E594A16AE4D763A16583FBA9E0634898D041F5&key=yt8&kind=asr&lang=pl&variant=ec&tlang=wo&fmt=srv3\", \"name\": \"Wolof\", \"impersonate\": true, \"__yt_dlp_client\": \"tv_downgraded\"}, {\"ext\": \"ttml\", \"url\": \"https://www.youtube.com/api/timedtext?v=ezv5DuvCk0E&ei=z8xXafHFHv6Z6dsP-9P_uAs&caps=asr&opi=112496729&xoaf=5&xowf=1&xospf=1&hl=en&ip=0.0.0.0&ipbits=0&expire=1767386943&sparams=ip%2Cipbits%2Cexpire%2Cv%2Cei%2Ccaps%2Copi%2Cxoaf&signature=31ACC713C92BF468B0604D892289468DE459EB82.25E594A16AE4D763A16583FBA9E0634898D041F5&key=yt8&kind=asr&lang=pl&variant=ec&tlang=wo&fmt=ttml\", \"name\": \"Wolof\", \"impersonate\": true, \"__yt_dlp_client\": \"tv_downgraded\"}, {\"ext\": \"srt\", \"url\": \"https://www.youtube.com/api/timedtext?v=ezv5DuvCk0E&ei=z8xXafHFHv6Z6dsP-9P_uAs&caps=asr&opi=112496729&xoaf=5&xowf=1&xospf=1&hl=en&ip=0.0.0.0&ipbits=0&expire=1767386943&sparams=ip%2Cipbits%2Cexpire%2Cv%2Cei%2Ccaps%2Copi%2Cxoaf&signature=31ACC713C92BF468B0604D892289468DE459EB82.25E594A16AE4D763A16583FBA9E0634898D041F5&key=yt8&kind=asr&lang=pl&variant=ec&tlang=wo&fmt=srt\", \"name\": \"Wolof\", \"impersonate\": true, \"__yt_dlp_client\": \"tv_downgraded\"}, {\"ext\": \"vtt\", \"url\": \"https://www.youtube.com/api/timedtext?v=ezv5DuvCk0E&ei=z8xXafHFHv6Z6dsP-9P_uAs&caps=asr&opi=112496729&xoaf=5&xowf=1&xospf=1&hl=en&ip=0.0.0.0&ipbits=0&expire=1767386943&sparams=ip%2Cipbits%2Cexpire%2Cv%2Cei%2Ccaps%2Copi%2Cxoaf&signature=31ACC713C92BF468B0604D892289468DE459EB82.25E594A16AE4D763A16583FBA9E0634898D041F5&key=yt8&kind=asr&lang=pl&variant=ec&tlang=wo&fmt=vtt\", \"name\": \"Wolof\", \"impersonate\": true, \"__yt_dlp_client\": \"tv_downgraded\"}], \"xh\": [{\"ext\": \"json3\", \"url\": \"https://www.youtube.com/api/timedtext?v=ezv5DuvCk0E&ei=z8xXafHFHv6Z6dsP-9P_uAs&caps=asr&opi=112496729&xoaf=5&xowf=1&xospf=1&hl=en&ip=0.0.0.0&ipbits=0&expire=1767386943&sparams=ip%2Cipbits%2Cexpire%2Cv%2Cei%2Ccaps%2Copi%2Cxoaf&signature=31ACC713C92BF468B0604D892289468DE459EB82.25E594A16AE4D763A16583FBA9E0634898D041F5&key=yt8&kind=asr&lang=pl&variant=ec&tlang=xh&fmt=json3\", \"name\": \"Xhosa\", \"impersonate\": true, \"__yt_dlp_client\": \"tv_downgraded\"}, {\"ext\": \"srv1\", \"url\": \"https://www.youtube.com/api/timedtext?v=ezv5DuvCk0E&ei=z8xXafHFHv6Z6dsP-9P_uAs&caps=asr&opi=112496729&xoaf=5&xowf=1&xospf=1&hl=en&ip=0.0.0.0&ipbits=0&expire=1767386943&sparams=ip%2Cipbits%2Cexpire%2Cv%2Cei%2Ccaps%2Copi%2Cxoaf&signature=31ACC713C92BF468B0604D892289468DE459EB82.25E594A16AE4D763A16583FBA9E0634898D041F5&key=yt8&kind=asr&lang=pl&variant=ec&tlang=xh&fmt=srv1\", \"name\": \"Xhosa\", \"impersonate\": true, \"__yt_dlp_client\": \"tv_downgraded\"}, {\"ext\": \"srv2\", \"url\": \"https://www.youtube.com/api/timedtext?v=ezv5DuvCk0E&ei=z8xXafHFHv6Z6dsP-9P_uAs&caps=asr&opi=112496729&xoaf=5&xowf=1&xospf=1&hl=en&ip=0.0.0.0&ipbits=0&expire=1767386943&sparams=ip%2Cipbits%2Cexpire%2Cv%2Cei%2Ccaps%2Copi%2Cxoaf&signature=31ACC713C92BF468B0604D892289468DE459EB82.25E594A16AE4D763A16583FBA9E0634898D041F5&key=yt8&kind=asr&lang=pl&variant=ec&tlang=xh&fmt=srv2\", \"name\": \"Xhosa\", \"impersonate\": true, \"__yt_dlp_client\": \"tv_downgraded\"}, {\"ext\": \"srv3\", \"url\": \"https://www.youtube.com/api/timedtext?v=ezv5DuvCk0E&ei=z8xXafHFHv6Z6dsP-9P_uAs&caps=asr&opi=112496729&xoaf=5&xowf=1&xospf=1&hl=en&ip=0.0.0.0&ipbits=0&expire=1767386943&sparams=ip%2Cipbits%2Cexpire%2Cv%2Cei%2Ccaps%2Copi%2Cxoaf&signature=31ACC713C92BF468B0604D892289468DE459EB82.25E594A16AE4D763A16583FBA9E0634898D041F5&key=yt8&kind=asr&lang=pl&variant=ec&tlang=xh&fmt=srv3\", \"name\": \"Xhosa\", \"impersonate\": true, \"__yt_dlp_client\": \"tv_downgraded\"}, {\"ext\": \"ttml\", \"url\": \"https://www.youtube.com/api/timedtext?v=ezv5DuvCk0E&ei=z8xXafHFHv6Z6dsP-9P_uAs&caps=asr&opi=112496729&xoaf=5&xowf=1&xospf=1&hl=en&ip=0.0.0.0&ipbits=0&expire=1767386943&sparams=ip%2Cipbits%2Cexpire%2Cv%2Cei%2Ccaps%2Copi%2Cxoaf&signature=31ACC713C92BF468B0604D892289468DE459EB82.25E594A16AE4D763A16583FBA9E0634898D041F5&key=yt8&kind=asr&lang=pl&variant=ec&tlang=xh&fmt=ttml\", \"name\": \"Xhosa\", \"impersonate\": true, \"__yt_dlp_client\": \"tv_downgraded\"}, {\"ext\": \"srt\", \"url\": \"https://www.youtube.com/api/timedtext?v=ezv5DuvCk0E&ei=z8xXafHFHv6Z6dsP-9P_uAs&caps=asr&opi=112496729&xoaf=5&xowf=1&xospf=1&hl=en&ip=0.0.0.0&ipbits=0&expire=1767386943&sparams=ip%2Cipbits%2Cexpire%2Cv%2Cei%2Ccaps%2Copi%2Cxoaf&signature=31ACC713C92BF468B0604D892289468DE459EB82.25E594A16AE4D763A16583FBA9E0634898D041F5&key=yt8&kind=asr&lang=pl&variant=ec&tlang=xh&fmt=srt\", \"name\": \"Xhosa\", \"impersonate\": true, \"__yt_dlp_client\": \"tv_downgraded\"}, {\"ext\": \"vtt\", \"url\": \"https://www.youtube.com/api/timedtext?v=ezv5DuvCk0E&ei=z8xXafHFHv6Z6dsP-9P_uAs&caps=asr&opi=112496729&xoaf=5&xowf=1&xospf=1&hl=en&ip=0.0.0.0&ipbits=0&expire=1767386943&sparams=ip%2Cipbits%2Cexpire%2Cv%2Cei%2Ccaps%2Copi%2Cxoaf&signature=31ACC713C92BF468B0604D892289468DE459EB82.25E594A16AE4D763A16583FBA9E0634898D041F5&key=yt8&kind=asr&lang=pl&variant=ec&tlang=xh&fmt=vtt\", \"name\": \"Xhosa\", \"impersonate\": true, \"__yt_dlp_client\": \"tv_downgraded\"}], \"yi\": [{\"ext\": \"json3\", \"url\": \"https://www.youtube.com/api/timedtext?v=ezv5DuvCk0E&ei=z8xXafHFHv6Z6dsP-9P_uAs&caps=asr&opi=112496729&xoaf=5&xowf=1&xospf=1&hl=en&ip=0.0.0.0&ipbits=0&expire=1767386943&sparams=ip%2Cipbits%2Cexpire%2Cv%2Cei%2Ccaps%2Copi%2Cxoaf&signature=31ACC713C92BF468B0604D892289468DE459EB82.25E594A16AE4D763A16583FBA9E0634898D041F5&key=yt8&kind=asr&lang=pl&variant=ec&tlang=yi&fmt=json3\", \"name\": \"Yiddish\", \"impersonate\": true, \"__yt_dlp_client\": \"tv_downgraded\"}, {\"ext\": \"srv1\", \"url\": \"https://www.youtube.com/api/timedtext?v=ezv5DuvCk0E&ei=z8xXafHFHv6Z6dsP-9P_uAs&caps=asr&opi=112496729&xoaf=5&xowf=1&xospf=1&hl=en&ip=0.0.0.0&ipbits=0&expire=1767386943&sparams=ip%2Cipbits%2Cexpire%2Cv%2Cei%2Ccaps%2Copi%2Cxoaf&signature=31ACC713C92BF468B0604D892289468DE459EB82.25E594A16AE4D763A16583FBA9E0634898D041F5&key=yt8&kind=asr&lang=pl&variant=ec&tlang=yi&fmt=srv1\", \"name\": \"Yiddish\", \"impersonate\": true, \"__yt_dlp_client\": \"tv_downgraded\"}, {\"ext\": \"srv2\", \"url\": \"https://www.youtube.com/api/timedtext?v=ezv5DuvCk0E&ei=z8xXafHFHv6Z6dsP-9P_uAs&caps=asr&opi=112496729&xoaf=5&xowf=1&xospf=1&hl=en&ip=0.0.0.0&ipbits=0&expire=1767386943&sparams=ip%2Cipbits%2Cexpire%2Cv%2Cei%2Ccaps%2Copi%2Cxoaf&signature=31ACC713C92BF468B0604D892289468DE459EB82.25E594A16AE4D763A16583FBA9E0634898D041F5&key=yt8&kind=asr&lang=pl&variant=ec&tlang=yi&fmt=srv2\", \"name\": \"Yiddish\", \"impersonate\": true, \"__yt_dlp_client\": \"tv_downgraded\"}, {\"ext\": \"srv3\", \"url\": \"https://www.youtube.com/api/timedtext?v=ezv5DuvCk0E&ei=z8xXafHFHv6Z6dsP-9P_uAs&caps=asr&opi=112496729&xoaf=5&xowf=1&xospf=1&hl=en&ip=0.0.0.0&ipbits=0&expire=1767386943&sparams=ip%2Cipbits%2Cexpire%2Cv%2Cei%2Ccaps%2Copi%2Cxoaf&signature=31ACC713C92BF468B0604D892289468DE459EB82.25E594A16AE4D763A16583FBA9E0634898D041F5&key=yt8&kind=asr&lang=pl&variant=ec&tlang=yi&fmt=srv3\", \"name\": \"Yiddish\", \"impersonate\": true, \"__yt_dlp_client\": \"tv_downgraded\"}, {\"ext\": \"ttml\", \"url\": \"https://www.youtube.com/api/timedtext?v=ezv5DuvCk0E&ei=z8xXafHFHv6Z6dsP-9P_uAs&caps=asr&opi=112496729&xoaf=5&xowf=1&xospf=1&hl=en&ip=0.0.0.0&ipbits=0&expire=1767386943&sparams=ip%2Cipbits%2Cexpire%2Cv%2Cei%2Ccaps%2Copi%2Cxoaf&signature=31ACC713C92BF468B0604D892289468DE459EB82.25E594A16AE4D763A16583FBA9E0634898D041F5&key=yt8&kind=asr&lang=pl&variant=ec&tlang=yi&fmt=ttml\", \"name\": \"Yiddish\", \"impersonate\": true, \"__yt_dlp_client\": \"tv_downgraded\"}, {\"ext\": \"srt\", \"url\": \"https://www.youtube.com/api/timedtext?v=ezv5DuvCk0E&ei=z8xXafHFHv6Z6dsP-9P_uAs&caps=asr&opi=112496729&xoaf=5&xowf=1&xospf=1&hl=en&ip=0.0.0.0&ipbits=0&expire=1767386943&sparams=ip%2Cipbits%2Cexpire%2Cv%2Cei%2Ccaps%2Copi%2Cxoaf&signature=31ACC713C92BF468B0604D892289468DE459EB82.25E594A16AE4D763A16583FBA9E0634898D041F5&key=yt8&kind=asr&lang=pl&variant=ec&tlang=yi&fmt=srt\", \"name\": \"Yiddish\", \"impersonate\": true, \"__yt_dlp_client\": \"tv_downgraded\"}, {\"ext\": \"vtt\", \"url\": \"https://www.youtube.com/api/timedtext?v=ezv5DuvCk0E&ei=z8xXafHFHv6Z6dsP-9P_uAs&caps=asr&opi=112496729&xoaf=5&xowf=1&xospf=1&hl=en&ip=0.0.0.0&ipbits=0&expire=1767386943&sparams=ip%2Cipbits%2Cexpire%2Cv%2Cei%2Ccaps%2Copi%2Cxoaf&signature=31ACC713C92BF468B0604D892289468DE459EB82.25E594A16AE4D763A16583FBA9E0634898D041F5&key=yt8&kind=asr&lang=pl&variant=ec&tlang=yi&fmt=vtt\", \"name\": \"Yiddish\", \"impersonate\": true, \"__yt_dlp_client\": \"tv_downgraded\"}], \"yo\": [{\"ext\": \"json3\", \"url\": \"https://www.youtube.com/api/timedtext?v=ezv5DuvCk0E&ei=z8xXafHFHv6Z6dsP-9P_uAs&caps=asr&opi=112496729&xoaf=5&xowf=1&xospf=1&hl=en&ip=0.0.0.0&ipbits=0&expire=1767386943&sparams=ip%2Cipbits%2Cexpire%2Cv%2Cei%2Ccaps%2Copi%2Cxoaf&signature=31ACC713C92BF468B0604D892289468DE459EB82.25E594A16AE4D763A16583FBA9E0634898D041F5&key=yt8&kind=asr&lang=pl&variant=ec&tlang=yo&fmt=json3\", \"name\": \"Yoruba\", \"impersonate\": true, \"__yt_dlp_client\": \"tv_downgraded\"}, {\"ext\": \"srv1\", \"url\": \"https://www.youtube.com/api/timedtext?v=ezv5DuvCk0E&ei=z8xXafHFHv6Z6dsP-9P_uAs&caps=asr&opi=112496729&xoaf=5&xowf=1&xospf=1&hl=en&ip=0.0.0.0&ipbits=0&expire=1767386943&sparams=ip%2Cipbits%2Cexpire%2Cv%2Cei%2Ccaps%2Copi%2Cxoaf&signature=31ACC713C92BF468B0604D892289468DE459EB82.25E594A16AE4D763A16583FBA9E0634898D041F5&key=yt8&kind=asr&lang=pl&variant=ec&tlang=yo&fmt=srv1\", \"name\": \"Yoruba\", \"impersonate\": true, \"__yt_dlp_client\": \"tv_downgraded\"}, {\"ext\": \"srv2\", \"url\": \"https://www.youtube.com/api/timedtext?v=ezv5DuvCk0E&ei=z8xXafHFHv6Z6dsP-9P_uAs&caps=asr&opi=112496729&xoaf=5&xowf=1&xospf=1&hl=en&ip=0.0.0.0&ipbits=0&expire=1767386943&sparams=ip%2Cipbits%2Cexpire%2Cv%2Cei%2Ccaps%2Copi%2Cxoaf&signature=31ACC713C92BF468B0604D892289468DE459EB82.25E594A16AE4D763A16583FBA9E0634898D041F5&key=yt8&kind=asr&lang=pl&variant=ec&tlang=yo&fmt=srv2\", \"name\": \"Yoruba\", \"impersonate\": true, \"__yt_dlp_client\": \"tv_downgraded\"}, {\"ext\": \"srv3\", \"url\": \"https://www.youtube.com/api/timedtext?v=ezv5DuvCk0E&ei=z8xXafHFHv6Z6dsP-9P_uAs&caps=asr&opi=112496729&xoaf=5&xowf=1&xospf=1&hl=en&ip=0.0.0.0&ipbits=0&expire=1767386943&sparams=ip%2Cipbits%2Cexpire%2Cv%2Cei%2Ccaps%2Copi%2Cxoaf&signature=31ACC713C92BF468B0604D892289468DE459EB82.25E594A16AE4D763A16583FBA9E0634898D041F5&key=yt8&kind=asr&lang=pl&variant=ec&tlang=yo&fmt=srv3\", \"name\": \"Yoruba\", \"impersonate\": true, \"__yt_dlp_client\": \"tv_downgraded\"}, {\"ext\": \"ttml\", \"url\": \"https://www.youtube.com/api/timedtext?v=ezv5DuvCk0E&ei=z8xXafHFHv6Z6dsP-9P_uAs&caps=asr&opi=112496729&xoaf=5&xowf=1&xospf=1&hl=en&ip=0.0.0.0&ipbits=0&expire=1767386943&sparams=ip%2Cipbits%2Cexpire%2Cv%2Cei%2Ccaps%2Copi%2Cxoaf&signature=31ACC713C92BF468B0604D892289468DE459EB82.25E594A16AE4D763A16583FBA9E0634898D041F5&key=yt8&kind=asr&lang=pl&variant=ec&tlang=yo&fmt=ttml\", \"name\": \"Yoruba\", \"impersonate\": true, \"__yt_dlp_client\": \"tv_downgraded\"}, {\"ext\": \"srt\", \"url\": \"https://www.youtube.com/api/timedtext?v=ezv5DuvCk0E&ei=z8xXafHFHv6Z6dsP-9P_uAs&caps=asr&opi=112496729&xoaf=5&xowf=1&xospf=1&hl=en&ip=0.0.0.0&ipbits=0&expire=1767386943&sparams=ip%2Cipbits%2Cexpire%2Cv%2Cei%2Ccaps%2Copi%2Cxoaf&signature=31ACC713C92BF468B0604D892289468DE459EB82.25E594A16AE4D763A16583FBA9E0634898D041F5&key=yt8&kind=asr&lang=pl&variant=ec&tlang=yo&fmt=srt\", \"name\": \"Yoruba\", \"impersonate\": true, \"__yt_dlp_client\": \"tv_downgraded\"}, {\"ext\": \"vtt\", \"url\": \"https://www.youtube.com/api/timedtext?v=ezv5DuvCk0E&ei=z8xXafHFHv6Z6dsP-9P_uAs&caps=asr&opi=112496729&xoaf=5&xowf=1&xospf=1&hl=en&ip=0.0.0.0&ipbits=0&expire=1767386943&sparams=ip%2Cipbits%2Cexpire%2Cv%2Cei%2Ccaps%2Copi%2Cxoaf&signature=31ACC713C92BF468B0604D892289468DE459EB82.25E594A16AE4D763A16583FBA9E0634898D041F5&key=yt8&kind=asr&lang=pl&variant=ec&tlang=yo&fmt=vtt\", \"name\": \"Yoruba\", \"impersonate\": true, \"__yt_dlp_client\": \"tv_downgraded\"}], \"zu\": [{\"ext\": \"json3\", \"url\": \"https://www.youtube.com/api/timedtext?v=ezv5DuvCk0E&ei=z8xXafHFHv6Z6dsP-9P_uAs&caps=asr&opi=112496729&xoaf=5&xowf=1&xospf=1&hl=en&ip=0.0.0.0&ipbits=0&expire=1767386943&sparams=ip%2Cipbits%2Cexpire%2Cv%2Cei%2Ccaps%2Copi%2Cxoaf&signature=31ACC713C92BF468B0604D892289468DE459EB82.25E594A16AE4D763A16583FBA9E0634898D041F5&key=yt8&kind=asr&lang=pl&variant=ec&tlang=zu&fmt=json3\", \"name\": \"Zulu\", \"impersonate\": true, \"__yt_dlp_client\": \"tv_downgraded\"}, {\"ext\": \"srv1\", \"url\": \"https://www.youtube.com/api/timedtext?v=ezv5DuvCk0E&ei=z8xXafHFHv6Z6dsP-9P_uAs&caps=asr&opi=112496729&xoaf=5&xowf=1&xospf=1&hl=en&ip=0.0.0.0&ipbits=0&expire=1767386943&sparams=ip%2Cipbits%2Cexpire%2Cv%2Cei%2Ccaps%2Copi%2Cxoaf&signature=31ACC713C92BF468B0604D892289468DE459EB82.25E594A16AE4D763A16583FBA9E0634898D041F5&key=yt8&kind=asr&lang=pl&variant=ec&tlang=zu&fmt=srv1\", \"name\": \"Zulu\", \"impersonate\": true, \"__yt_dlp_client\": \"tv_downgraded\"}, {\"ext\": \"srv2\", \"url\": \"https://www.youtube.com/api/timedtext?v=ezv5DuvCk0E&ei=z8xXafHFHv6Z6dsP-9P_uAs&caps=asr&opi=112496729&xoaf=5&xowf=1&xospf=1&hl=en&ip=0.0.0.0&ipbits=0&expire=1767386943&sparams=ip%2Cipbits%2Cexpire%2Cv%2Cei%2Ccaps%2Copi%2Cxoaf&signature=31ACC713C92BF468B0604D892289468DE459EB82.25E594A16AE4D763A16583FBA9E0634898D041F5&key=yt8&kind=asr&lang=pl&variant=ec&tlang=zu&fmt=srv2\", \"name\": \"Zulu\", \"impersonate\": true, \"__yt_dlp_client\": \"tv_downgraded\"}, {\"ext\": \"srv3\", \"url\": \"https://www.youtube.com/api/timedtext?v=ezv5DuvCk0E&ei=z8xXafHFHv6Z6dsP-9P_uAs&caps=asr&opi=112496729&xoaf=5&xowf=1&xospf=1&hl=en&ip=0.0.0.0&ipbits=0&expire=1767386943&sparams=ip%2Cipbits%2Cexpire%2Cv%2Cei%2Ccaps%2Copi%2Cxoaf&signature=31ACC713C92BF468B0604D892289468DE459EB82.25E594A16AE4D763A16583FBA9E0634898D041F5&key=yt8&kind=asr&lang=pl&variant=ec&tlang=zu&fmt=srv3\", \"name\": \"Zulu\", \"impersonate\": true, \"__yt_dlp_client\": \"tv_downgraded\"}, {\"ext\": \"ttml\", \"url\": \"https://www.youtube.com/api/timedtext?v=ezv5DuvCk0E&ei=z8xXafHFHv6Z6dsP-9P_uAs&caps=asr&opi=112496729&xoaf=5&xowf=1&xospf=1&hl=en&ip=0.0.0.0&ipbits=0&expire=1767386943&sparams=ip%2Cipbits%2Cexpire%2Cv%2Cei%2Ccaps%2Copi%2Cxoaf&signature=31ACC713C92BF468B0604D892289468DE459EB82.25E594A16AE4D763A16583FBA9E0634898D041F5&key=yt8&kind=asr&lang=pl&variant=ec&tlang=zu&fmt=ttml\", \"name\": \"Zulu\", \"impersonate\": true, \"__yt_dlp_client\": \"tv_downgraded\"}, {\"ext\": \"srt\", \"url\": \"https://www.youtube.com/api/timedtext?v=ezv5DuvCk0E&ei=z8xXafHFHv6Z6dsP-9P_uAs&caps=asr&opi=112496729&xoaf=5&xowf=1&xospf=1&hl=en&ip=0.0.0.0&ipbits=0&expire=1767386943&sparams=ip%2Cipbits%2Cexpire%2Cv%2Cei%2Ccaps%2Copi%2Cxoaf&signature=31ACC713C92BF468B0604D892289468DE459EB82.25E594A16AE4D763A16583FBA9E0634898D041F5&key=yt8&kind=asr&lang=pl&variant=ec&tlang=zu&fmt=srt\", \"name\": \"Zulu\", \"impersonate\": true, \"__yt_dlp_client\": \"tv_downgraded\"}, {\"ext\": \"vtt\", \"url\": \"https://www.youtube.com/api/timedtext?v=ezv5DuvCk0E&ei=z8xXafHFHv6Z6dsP-9P_uAs&caps=asr&opi=112496729&xoaf=5&xowf=1&xospf=1&hl=en&ip=0.0.0.0&ipbits=0&expire=1767386943&sparams=ip%2Cipbits%2Cexpire%2Cv%2Cei%2Ccaps%2Copi%2Cxoaf&signature=31ACC713C92BF468B0604D892289468DE459EB82.25E594A16AE4D763A16583FBA9E0634898D041F5&key=yt8&kind=asr&lang=pl&variant=ec&tlang=zu&fmt=vtt\", \"name\": \"Zulu\", \"impersonate\": true, \"__yt_dlp_client\": \"tv_downgraded\"}]}, \"subtitles\": {}, \"comment_count\": 63, \"chapters\": null, \"heatmap\": null, \"like_count\": 1107, \"channel\": \"CANAL+ SPORT\", \"channel_follower_count\": 584000, \"creators\": null, \"channel_is_verified\": true, \"uploader\": \"CANAL+ SPORT\", \"uploader_id\": \"@canalplussportpolska\", \"uploader_url\": \"https://www.youtube.com/@canalplussportpolska\", \"upload_date\": \"20260101\", \"timestamp\": 1767305665, \"availability\": \"public\", \"original_url\": \"https://www.youtube.com/watch?v=ezv5DuvCk0E\", \"webpage_url_basename\": \"watch\", \"webpage_url_domain\": \"youtube.com\", \"extractor\": \"youtube\", \"extractor_key\": \"Youtube\", \"playlist\": null, \"playlist_index\": null, \"display_id\": \"ezv5DuvCk0E\", \"fulltitle\": \"NOWOROCZNA NIEMOC CITY! KONIEC ZIELONEJ PASSY! SUNDERLAND - MAN CITY, SKR\\u00d3T MECZU\", \"duration_string\": \"9:18\", \"release_year\": null, \"is_live\": false, \"was_live\": false, \"requested_subtitles\": null, \"_has_drm\": null, \"epoch\": 1767361745, \"requested_downloads\": [{\"requested_formats\": [{\"asr\": null, \"filesize\": 111664592, \"format_id\": \"248\", \"format_note\": \"1080p\", \"source_preference\": -1, \"fps\": 25, \"audio_channels\": null, \"height\": 1080, \"quality\": 9.0, \"has_drm\": false, \"tbr\": 1600.926, \"filesize_approx\": 111664588, \"width\": 1920, \"language\": null, \"language_preference\": -1, \"preference\": null, \"ext\": \"webm\", \"vcodec\": \"vp9\", \"acodec\": \"none\", \"dynamic_range\": \"SDR\", \"container\": \"webm_dash\", \"url\": \"https://rr6---sn-2auhvcpax-2v1e.googlevideo.com/videoplayback?expire=1767383343&ei=z8xXafHFHv6Z6dsP-9P_uAs&ip=46.205.207.15&id=o-ANpmlSAWJKetI8zfHYV2qc9SCgLGBRh_JJHChubGwP84&itag=248&aitags=133%2C134%2C135%2C136%2C137%2C160%2C242%2C243%2C244%2C247%2C248%2C278%2C394%2C395%2C396%2C397%2C398%2C399&source=youtube&requiressl=yes&xpc=EgVo2aDSNQ%3D%3D&cps=380&met=1767361743%2C&mh=WY&mm=31%2C29&mn=sn-2auhvcpax-2v1e%2Csn-f5fz7n7s&ms=au%2Crdu&mv=m&mvi=6&pl=22&rms=au%2Cau&gcr=pl&initcwndbps=1620000&siu=1&bui=AYUSA3Btz6F-qZyhP6ZJxlvABaoREQWAj0ECRoGz6L0LFQ_5vDUFOuc3dHdYOSjuKGC8vj1Bow&vprv=1&svpuc=1&mime=video%2Fwebm&ns=eNYzGU6cvmsJz2TBfIeGsh8R&rqh=1&gir=yes&clen=111664592&dur=558.000&lmt=1767314233739486&mt=1767361280&fvip=4&keepalive=yes&lmw=1&fexp=51514994%2C51557447%2C51565116%2C51565682%2C51580970&c=TVHTML5&sefc=1&txp=5532534&n=yLaEsSVVaXyEDg&sparams=expire%2Cei%2Cip%2Cid%2Caitags%2Csource%2Crequiressl%2Cxpc%2Cgcr%2Csiu%2Cbui%2Cvprv%2Csvpuc%2Cmime%2Cns%2Crqh%2Cgir%2Cclen%2Cdur%2Clmt&sig=AJfQdSswRAIgK_OOlIqmi5qMm4gZ8knZexfEc1-xJLyKZ7npxzTu8VMCIDIR4BQVCySeUyuD1dMd0CmRyEBNDCYftuCqXVB03OwI&lsparams=cps%2Cmet%2Cmh%2Cmm%2Cmn%2Cms%2Cmv%2Cmvi%2Cpl%2Crms%2Cinitcwndbps&lsig=APaTxxMwRQIhAMXE6W9mvMPRBabSAJies6rXSM5DlL-A5pCH7WTblf0hAiBuYoFxTgDX8ct_cXwb0auJz1qDIfETWltyan_j6LQmwg%3D%3D\", \"available_at\": 1767361743, \"downloader_options\": {\"http_chunk_size\": 10485760}, \"protocol\": \"https\", \"video_ext\": \"webm\", \"audio_ext\": \"none\", \"abr\": 0, \"vbr\": 1600.926, \"resolution\": \"1920x1080\", \"aspect_ratio\": 1.78, \"http_headers\": {\"User-Agent\": \"Mozilla/5.0 (Windows NT 10.0; Win64; x64) AppleWebKit/537.36 (KHTML, like Gecko) Chrome/139.0.0.0 Safari/537.36\", \"Accept\": \"text/html,application/xhtml+xml,application/xml;q=0.9,*/*;q=0.8\", \"Accept-Language\": \"en-us,en;q=0.5\", \"Sec-Fetch-Mode\": \"navigate\"}, \"format\": \"248 - 1920x1080 (1080p)\"}, {\"asr\": 48000, \"filesize\": 9295726, \"format_id\": \"251\", \"format_note\": \"medium\", \"source_preference\": -1, \"fps\": null, \"audio_channels\": 2, \"height\": null, \"quality\": 3.0, \"has_drm\": false, \"tbr\": 133.267, \"filesize_approx\": 9295723, \"width\": null, \"language\": \"pl\", \"language_preference\": -1, \"preference\": null, \"ext\": \"webm\", \"vcodec\": \"none\", \"acodec\": \"opus\", \"dynamic_range\": null, \"container\": \"webm_dash\", \"url\": \"https://rr6---sn-2auhvcpax-2v1e.googlevideo.com/videoplayback?expire=1767383343&ei=z8xXafHFHv6Z6dsP-9P_uAs&ip=46.205.207.15&id=o-ANpmlSAWJKetI8zfHYV2qc9SCgLGBRh_JJHChubGwP84&itag=251&source=youtube&requiressl=yes&xpc=EgVo2aDSNQ%3D%3D&cps=380&met=1767361743%2C&mh=WY&mm=31%2C29&mn=sn-2auhvcpax-2v1e%2Csn-f5fz7n7s&ms=au%2Crdu&mv=m&mvi=6&pl=22&rms=au%2Cau&gcr=pl&initcwndbps=1620000&siu=1&bui=AYUSA3Btz6F-qZyhP6ZJxlvABaoREQWAj0ECRoGz6L0LFQ_5vDUFOuc3dHdYOSjuKGC8vj1Bow&vprv=1&svpuc=1&mime=audio%2Fwebm&ns=eNYzGU6cvmsJz2TBfIeGsh8R&rqh=1&gir=yes&clen=9295726&dur=558.021&lmt=1767308794245825&mt=1767361280&fvip=4&keepalive=yes&lmw=1&fexp=51514994%2C51557447%2C51565116%2C51565682%2C51580970&c=TVHTML5&sefc=1&txp=5532534&n=yLaEsSVVaXyEDg&sparams=expire%2Cei%2Cip%2Cid%2Citag%2Csource%2Crequiressl%2Cxpc%2Cgcr%2Csiu%2Cbui%2Cvprv%2Csvpuc%2Cmime%2Cns%2Crqh%2Cgir%2Cclen%2Cdur%2Clmt&sig=AJfQdSswRQIhAJ387duR1Q39woUL7NJG0EkLIy5Y275QQqpZHvRkMtXQAiBZbk-C9ycicecPrmKMcnch8zJd6OS17TwgnpAYxoCY7Q%3D%3D&lsparams=cps%2Cmet%2Cmh%2Cmm%2Cmn%2Cms%2Cmv%2Cmvi%2Cpl%2Crms%2Cinitcwndbps&lsig=APaTxxMwRQIhAMXE6W9mvMPRBabSAJies6rXSM5DlL-A5pCH7WTblf0hAiBuYoFxTgDX8ct_cXwb0auJz1qDIfETWltyan_j6LQmwg%3D%3D\", \"available_at\": 1767361743, \"downloader_options\": {\"http_chunk_size\": 10485760}, \"protocol\": \"https\", \"audio_ext\": \"webm\", \"video_ext\": \"none\", \"vbr\": 0, \"abr\": 133.267, \"resolution\": \"audio only\", \"aspect_ratio\": null, \"http_headers\": {\"User-Agent\": \"Mozilla/5.0 (Windows NT 10.0; Win64; x64) AppleWebKit/537.36 (KHTML, like Gecko) Chrome/139.0.0.0 Safari/537.36\", \"Accept\": \"text/html,application/xhtml+xml,application/xml;q=0.9,*/*;q=0.8\", \"Accept-Language\": \"en-us,en;q=0.5\", \"Sec-Fetch-Mode\": \"navigate\"}, \"format\": \"251 - audio only (medium)\"}], \"format\": \"248 - 1920x1080 (1080p)+251 - audio only (medium)\", \"format_id\": \"248+251\", \"ext\": \"webm\", \"protocol\": \"https+https\", \"language\": \"pl\", \"format_note\": \"1080p+medium\", \"filesize_approx\": 120960318, \"tbr\": 1734.193, \"width\": 1920, \"height\": 1080, \"resolution\": \"1920x1080\", \"fps\": 25, \"dynamic_range\": \"SDR\", \"vcodec\": \"vp9\", \"vbr\": 1600.926, \"aspect_ratio\": 1.78, \"acodec\": \"opus\", \"abr\": 133.267, \"asr\": 48000, \"audio_channels\": 2, \"_filename\": \"NOWOROCZNA NIEMOC CITY! KONIEC ZIELONEJ PASSY! SUNDERLAND - MAN CITY, SKR\\u00d3T MECZU [ezv5DuvCk0E].webm\", \"filename\": \"NOWOROCZNA NIEMOC CITY! KONIEC ZIELONEJ PASSY! SUNDERLAND - MAN CITY, SKR\\u00d3T MECZU [ezv5DuvCk0E].webm\", \"__write_download_archive\": false}], \"requested_formats\": [{\"asr\": null, \"filesize\": 111664592, \"format_id\": \"248\", \"format_note\": \"1080p\", \"source_preference\": -1, \"fps\": 25, \"audio_channels\": null, \"height\": 1080, \"quality\": 9.0, \"has_drm\": false, \"tbr\": 1600.926, \"filesize_approx\": 111664588, \"width\": 1920, \"language\": null, \"language_preference\": -1, \"preference\": null, \"ext\": \"webm\", \"vcodec\": \"vp9\", \"acodec\": \"none\", \"dynamic_range\": \"SDR\", \"container\": \"webm_dash\", \"url\": \"https://rr6---sn-2auhvcpax-2v1e.googlevideo.com/videoplayback?expire=1767383343&ei=z8xXafHFHv6Z6dsP-9P_uAs&ip=46.205.207.15&id=o-ANpmlSAWJKetI8zfHYV2qc9SCgLGBRh_JJHChubGwP84&itag=248&aitags=133%2C134%2C135%2C136%2C137%2C160%2C242%2C243%2C244%2C247%2C248%2C278%2C394%2C395%2C396%2C397%2C398%2C399&source=youtube&requiressl=yes&xpc=EgVo2aDSNQ%3D%3D&cps=380&met=1767361743%2C&mh=WY&mm=31%2C29&mn=sn-2auhvcpax-2v1e%2Csn-f5fz7n7s&ms=au%2Crdu&mv=m&mvi=6&pl=22&rms=au%2Cau&gcr=pl&initcwndbps=1620000&siu=1&bui=AYUSA3Btz6F-qZyhP6ZJxlvABaoREQWAj0ECRoGz6L0LFQ_5vDUFOuc3dHdYOSjuKGC8vj1Bow&vprv=1&svpuc=1&mime=video%2Fwebm&ns=eNYzGU6cvmsJz2TBfIeGsh8R&rqh=1&gir=yes&clen=111664592&dur=558.000&lmt=1767314233739486&mt=1767361280&fvip=4&keepalive=yes&lmw=1&fexp=51514994%2C51557447%2C51565116%2C51565682%2C51580970&c=TVHTML5&sefc=1&txp=5532534&n=yLaEsSVVaXyEDg&sparams=expire%2Cei%2Cip%2Cid%2Caitags%2Csource%2Crequiressl%2Cxpc%2Cgcr%2Csiu%2Cbui%2Cvprv%2Csvpuc%2Cmime%2Cns%2Crqh%2Cgir%2Cclen%2Cdur%2Clmt&sig=AJfQdSswRAIgK_OOlIqmi5qMm4gZ8knZexfEc1-xJLyKZ7npxzTu8VMCIDIR4BQVCySeUyuD1dMd0CmRyEBNDCYftuCqXVB03OwI&lsparams=cps%2Cmet%2Cmh%2Cmm%2Cmn%2Cms%2Cmv%2Cmvi%2Cpl%2Crms%2Cinitcwndbps&lsig=APaTxxMwRQIhAMXE6W9mvMPRBabSAJies6rXSM5DlL-A5pCH7WTblf0hAiBuYoFxTgDX8ct_cXwb0auJz1qDIfETWltyan_j6LQmwg%3D%3D\", \"available_at\": 1767361743, \"downloader_options\": {\"http_chunk_size\": 10485760}, \"protocol\": \"https\", \"video_ext\": \"webm\", \"audio_ext\": \"none\", \"abr\": 0, \"vbr\": 1600.926, \"resolution\": \"1920x1080\", \"aspect_ratio\": 1.78, \"http_headers\": {\"User-Agent\": \"Mozilla/5.0 (Windows NT 10.0; Win64; x64) AppleWebKit/537.36 (KHTML, like Gecko) Chrome/139.0.0.0 Safari/537.36\", \"Accept\": \"text/html,application/xhtml+xml,application/xml;q=0.9,*/*;q=0.8\", \"Accept-Language\": \"en-us,en;q=0.5\", \"Sec-Fetch-Mode\": \"navigate\"}, \"format\": \"248 - 1920x1080 (1080p)\"}, {\"asr\": 48000, \"filesize\": 9295726, \"format_id\": \"251\", \"format_note\": \"medium\", \"source_preference\": -1, \"fps\": null, \"audio_channels\": 2, \"height\": null, \"quality\": 3.0, \"has_drm\": false, \"tbr\": 133.267, \"filesize_approx\": 9295723, \"width\": null, \"language\": \"pl\", \"language_preference\": -1, \"preference\": null, \"ext\": \"webm\", \"vcodec\": \"none\", \"acodec\": \"opus\", \"dynamic_range\": null, \"container\": \"webm_dash\", \"url\": \"https://rr6---sn-2auhvcpax-2v1e.googlevideo.com/videoplayback?expire=1767383343&ei=z8xXafHFHv6Z6dsP-9P_uAs&ip=46.205.207.15&id=o-ANpmlSAWJKetI8zfHYV2qc9SCgLGBRh_JJHChubGwP84&itag=251&source=youtube&requiressl=yes&xpc=EgVo2aDSNQ%3D%3D&cps=380&met=1767361743%2C&mh=WY&mm=31%2C29&mn=sn-2auhvcpax-2v1e%2Csn-f5fz7n7s&ms=au%2Crdu&mv=m&mvi=6&pl=22&rms=au%2Cau&gcr=pl&initcwndbps=1620000&siu=1&bui=AYUSA3Btz6F-qZyhP6ZJxlvABaoREQWAj0ECRoGz6L0LFQ_5vDUFOuc3dHdYOSjuKGC8vj1Bow&vprv=1&svpuc=1&mime=audio%2Fwebm&ns=eNYzGU6cvmsJz2TBfIeGsh8R&rqh=1&gir=yes&clen=9295726&dur=558.021&lmt=1767308794245825&mt=1767361280&fvip=4&keepalive=yes&lmw=1&fexp=51514994%2C51557447%2C51565116%2C51565682%2C51580970&c=TVHTML5&sefc=1&txp=5532534&n=yLaEsSVVaXyEDg&sparams=expire%2Cei%2Cip%2Cid%2Citag%2Csource%2Crequiressl%2Cxpc%2Cgcr%2Csiu%2Cbui%2Cvprv%2Csvpuc%2Cmime%2Cns%2Crqh%2Cgir%2Cclen%2Cdur%2Clmt&sig=AJfQdSswRQIhAJ387duR1Q39woUL7NJG0EkLIy5Y275QQqpZHvRkMtXQAiBZbk-C9ycicecPrmKMcnch8zJd6OS17TwgnpAYxoCY7Q%3D%3D&lsparams=cps%2Cmet%2Cmh%2Cmm%2Cmn%2Cms%2Cmv%2Cmvi%2Cpl%2Crms%2Cinitcwndbps&lsig=APaTxxMwRQIhAMXE6W9mvMPRBabSAJies6rXSM5DlL-A5pCH7WTblf0hAiBuYoFxTgDX8ct_cXwb0auJz1qDIfETWltyan_j6LQmwg%3D%3D\", \"available_at\": 1767361743, \"downloader_options\": {\"http_chunk_size\": 10485760}, \"protocol\": \"https\", \"audio_ext\": \"webm\", \"video_ext\": \"none\", \"vbr\": 0, \"abr\": 133.267, \"resolution\": \"audio only\", \"aspect_ratio\": null, \"http_headers\": {\"User-Agent\": \"Mozilla/5.0 (Windows NT 10.0; Win64; x64) AppleWebKit/537.36 (KHTML, like Gecko) Chrome/139.0.0.0 Safari/537.36\", \"Accept\": \"text/html,application/xhtml+xml,application/xml;q=0.9,*/*;q=0.8\", \"Accept-Language\": \"en-us,en;q=0.5\", \"Sec-Fetch-Mode\": \"navigate\"}, \"format\": \"251 - audio only (medium)\"}], \"format\": \"248 - 1920x1080 (1080p)+251 - audio only (medium)\", \"format_id\": \"248+251\", \"ext\": \"webm\", \"protocol\": \"https+https\", \"language\": \"pl\", \"format_note\": \"1080p+medium\", \"filesize_approx\": 120960318, \"tbr\": 1734.193, \"width\": 1920, \"height\": 1080, \"resolution\": \"1920x1080\", \"fps\": 25, \"dynamic_range\": \"SDR\", \"vcodec\": \"vp9\", \"vbr\": 1600.926, \"stretched_ratio\": null, \"aspect_ratio\": 1.78, \"acodec\": \"opus\", \"abr\": 133.267, \"asr\": 48000, \"audio_channels\": 2, \"_type\": \"video\", \"_version\": {\"version\": \"2025.12.08\", \"current_git_head\": null, \"release_git_head\": \"7a52ff29d86efc8f3adeba977b2009ce40b8e52e\", \"repository\": \"yt-dlp/yt-dlp\"}}\n"} -> 1
[   3.774][v][ytdl_hook] youtube-dl succeeded!
[   3.774][d][ytdl_hook] ytdl parsing took 0.029447 seconds
[   3.774][d][ytdl_hook] No fragments to join into EDL
[   3.774][d][ytdl_hook] No fragments to join into EDL
[   3.774][v][cplayer] Set property: file-local-options/user-agent="Mozilla/5.0 (Windows NT 10.0; Win64; x64) AppleWebKit/537.36 (KHTML, like Gecko) Chrome/139.0.0.0 Safari/537.36" -> 1
[   3.774][v][ytdl_hook] format selection: youtube-dl (separate)
[   3.774][d][ytdl_hook] streamurl: edl://!new_stream;!no_clip;!no_chapters;%1173%https://rr6---sn-2auhvcpax-2v1e.googlevideo.com/videoplayback?expire=1767383343&ei=z8xXafHFHv6Z6dsP-9P_uAs&ip=46.205.207.15&id=o-ANpmlSAWJKetI8zfHYV2qc9SCgLGBRh_JJHChubGwP84&itag=251&source=youtube&requiressl=yes&xpc=EgVo2aDSNQ%3D%3D&cps=380&met=1767361743%2C&mh=WY&mm=31%2C29&mn=sn-2auhvcpax-2v1e%2Csn-f5fz7n7s&ms=au%2Crdu&mv=m&mvi=6&pl=22&rms=au%2Cau&gcr=pl&initcwndbps=1620000&siu=1&bui=AYUSA3Btz6F-qZyhP6ZJxlvABaoREQWAj0ECRoGz6L0LFQ_5vDUFOuc3dHdYOSjuKGC8vj1Bow&vprv=1&svpuc=1&mime=audio%2Fwebm&ns=eNYzGU6cvmsJz2TBfIeGsh8R&rqh=1&gir=yes&clen=9295726&dur=558.021&lmt=1767308794245825&mt=1767361280&fvip=4&keepalive=yes&lmw=1&fexp=51514994%2C51557447%2C51565116%2C51565682%2C51580970&c=TVHTML5&sefc=1&txp=5532534&n=yLaEsSVVaXyEDg&sparams=expire%2Cei%2Cip%2Cid%2Citag%2Csource%2Crequiressl%2Cxpc%2Cgcr%2Csiu%2Cbui%2Cvprv%2Csvpuc%2Cmime%2Cns%2Crqh%2Cgir%2Cclen%2Cdur%2Clmt&sig=AJfQdSswRQIhAJ387duR1Q39woUL7NJG0EkLIy5Y275QQqpZHvRkMtXQAiBZbk-C9ycicecPrmKMcnch8zJd6OS17TwgnpAYxoCY7Q%3D%3D&lsparams=cps%2Cmet%2Cmh%2Cmm%2Cmn%2Cms%2Cmv%2Cmvi%2Cpl%2Crms%2Cinitcwndbps&lsig=APaTxxMwRQIhAMXE6W9mvMPRBabSAJies6rXSM5DlL-A5pCH7WTblf0hAiBuYoFxTgDX8ct_cXwb0auJz1qDIfETWltyan_j6LQmwg%3D%3D;!new_stream;!no_clip;!no_chapters;%1282%https://rr6---sn-2auhvcpax-2v1e.googlevideo.com/videoplayback?expire=1767383343&ei=z8xXafHFHv6Z6dsP-9P_uAs&ip=46.205.207.15&id=o-ANpmlSAWJKetI8zfHYV2qc9SCgLGBRh_JJHChubGwP84&itag=248&aitags=133%2C134%2C135%2C136%2C137%2C160%2C242%2C243%2C244%2C247%2C248%2C278%2C394%2C395%2C396%2C397%2C398%2C399&source=youtube&requiressl=yes&xpc=EgVo2aDSNQ%3D%3D&cps=380&met=1767361743%2C&mh=WY&mm=31%2C29&mn=sn-2auhvcpax-2v1e%2Csn-f5fz7n7s&ms=au%2Crdu&mv=m&mvi=6&pl=22&rms=au%2Cau&gcr=pl&initcwndbps=1620000&siu=1&bui=AYUSA3Btz6F-qZyhP6ZJxlvABaoREQWAj0ECRoGz6L0LFQ_5vDUFOuc3dHdYOSjuKGC8vj1Bow&vprv=1&svpuc=1&mime=video%2Fwebm&ns=eNYzGU6cvmsJz2TBfIeGsh8R&rqh=1&gir=yes&clen=111664592&dur=558.000&lmt=1767314233739486&mt=1767361280&fvip=4&keepalive=yes&lmw=1&fexp=51514994%2C51557447%2C51565116%2C51565682%2C51580970&c=TVHTML5&sefc=1&txp=5532534&n=yLaEsSVVaXyEDg&sparams=expire%2Cei%2Cip%2Cid%2Caitags%2Csource%2Crequiressl%2Cxpc%2Cgcr%2Csiu%2Cbui%2Cvprv%2Csvpuc%2Cmime%2Cns%2Crqh%2Cgir%2Cclen%2Cdur%2Clmt&sig=AJfQdSswRAIgK_OOlIqmi5qMm4gZ8knZexfEc1-xJLyKZ7npxzTu8VMCIDIR4BQVCySeUyuD1dMd0CmRyEBNDCYftuCqXVB03OwI&lsparams=cps%2Cmet%2Cmh%2Cmm%2Cmn%2Cms%2Cmv%2Cmvi%2Cpl%2Crms%2Cinitcwndbps&lsig=APaTxxMwRQIhAMXE6W9mvMPRBabSAJies6rXSM5DlL-A5pCH7WTblf0hAiBuYoFxTgDX8ct_cXwb0auJz1qDIfETWltyan_j6LQmwg%3D%3D;!global_tags,date=%8%20260101,uploader=%12%CANAL+ SPORT,channel_url=%56%https://www.youtube.com/channel/UCTVB8m2FcbwBsi6DHsGSuVw,ytdl_description=%441%REKLAMA: Rejestrując się na Superbet z kodem C34, możesz odebrać do 255 PLN na start! 👉https://superbet.pl/lp/suuuuuuper-wo-canal-plus
[   3.774][d][ytdl_hook] 
[   3.774][d][ytdl_hook] Superbet jest laureatem nagród Najlepszy Bukmacher (w plebiscycie Legalni Bukmacherzy 2024) i Najlepsza Aplikacja bukmacherska (Legalni Bukmacherzy 2024).
[   3.774][d][ytdl_hook] 
[   3.774][d][ytdl_hook] SUPERBET TO LEGALNY BUKMACHER. GRA U NIELEGALNYCH PODLEGA KARZE. HAZARD MOŻE UZALEŻNIAĆ. 18+
[   3.774][d][ytdl_hook] 
[   3.774][d][ytdl_hook] #premierleague  #sunderland  #manchestercity
[   3.774][v][cplayer] Set property: stream-open-filename="edl://!new_stream;!no_clip;!no_chapters;%1173%https://rr6---sn-2auhvcpax-2v1e.googlevideo.com/videoplayback?expire=1767383343&ei=z8xXafHFHv6Z6dsP-9P_uAs&ip=46.205.207.15&id=o-ANpmlSAWJKetI8zfHYV2qc9SCgLGBRh_JJHChubGwP84&itag=251&source=youtube&requiressl=yes&xpc=EgVo2aDSNQ%3D%3D&cps=380&met=1767361743%2C&mh=WY&mm=31%2C29&mn=sn-2auhvcpax-2v1e%2Csn-f5fz7n7s&ms=au%2Crdu&mv=m&mvi=6&pl=22&rms=au%2Cau&gcr=pl&initcwndbps=1620000&siu=1&bui=AYUSA3Btz6F-qZyhP6ZJxlvABaoREQWAj0ECRoGz6L0LFQ_5vDUFOuc3dHdYOSjuKGC8vj1Bow&vprv=1&svpuc=1&mime=audio%2Fwebm&ns=eNYzGU6cvmsJz2TBfIeGsh8R&rqh=1&gir=yes&clen=9295726&dur=558.021&lmt=1767308794245825&mt=1767361280&fvip=4&keepalive=yes&lmw=1&fexp=51514994%2C51557447%2C51565116%2C51565682%2C51580970&c=TVHTML5&sefc=1&txp=5532534&n=yLaEsSVVaXyEDg&sparams=expire%2Cei%2Cip%2Cid%2Citag%2Csource%2Crequiressl%2Cxpc%2Cgcr%2Csiu%2Cbui%2Cvprv%2Csvpuc%2Cmime%2Cns%2Crqh%2Cgir%2Cclen%2Cdur%2Clmt&sig=AJfQdSswRQIhAJ387duR1Q39woUL7NJG0EkLIy5Y275QQqpZHvRkMtXQAiBZbk-C9ycicecPrmKMcnch8zJd6OS17TwgnpAYxoCY7Q%3D%3D&lsparams=cps%2Cmet%2Cmh%2Cmm%2Cmn%2Cms%2Cmv%2Cmvi%2Cpl%2Crms%2Cinitcwndbps&lsig=APaTxxMwRQIhAMXE6W9mvMPRBabSAJies6rXSM5DlL-A5pCH7WTblf0hAiBuYoFxTgDX8ct_cXwb0auJz1qDIfETWltyan_j6LQmwg%3D%3D;!new_stream;!no_clip;!no_chapters;%1282%https://rr6---sn-2auhvcpax-2v1e.googlevideo.com/videoplayback?expire=1767383343&ei=z8xXafHFHv6Z6dsP-9P_uAs&ip=46.205.207.15&id=o-ANpmlSAWJKetI8zfHYV2qc9SCgLGBRh_JJHChubGwP84&itag=248&aitags=133%2C134%2C135%2C136%2C137%2C160%2C242%2C243%2C244%2C247%2C248%2C278%2C394%2C395%2C396%2C397%2C398%2C399&source=youtube&requiressl=yes&xpc=EgVo2aDSNQ%3D%3D&cps=380&met=1767361743%2C&mh=WY&mm=31%2C29&mn=sn-2auhvcpax-2v1e%2Csn-f5fz7n7s&ms=au%2Crdu&mv=m&mvi=6&pl=22&rms=au%2Cau&gcr=pl&initcwndbps=1620000&siu=1&bui=AYUSA3Btz6F-qZyhP6ZJxlvABaoREQWAj0ECRoGz6L0LFQ_5vDUFOuc3dHdYOSjuKGC8vj1Bow&vprv=1&svpuc=1&mime=video%2Fwebm&ns=eNYzGU6cvmsJz2TBfIeGsh8R&rqh=1&gir=yes&clen=111664592&dur=558.000&lmt=1767314233739486&mt=1767361280&fvip=4&keepalive=yes&lmw=1&fexp=51514994%2C51557447%2C51565116%2C51565682%2C51580970&c=TVHTML5&sefc=1&txp=5532534&n=yLaEsSVVaXyEDg&sparams=expire%2Cei%2Cip%2Cid%2Caitags%2Csource%2Crequiressl%2Cxpc%2Cgcr%2Csiu%2Cbui%2Cvprv%2Csvpuc%2Cmime%2Cns%2Crqh%2Cgir%2Cclen%2Cdur%2Clmt&sig=AJfQdSswRAIgK_OOlIqmi5qMm4gZ8knZexfEc1-xJLyKZ7npxzTu8VMCIDIR4BQVCySeUyuD1dMd0CmRyEBNDCYftuCqXVB03OwI&lsparams=cps%2Cmet%2Cmh%2Cmm%2Cmn%2Cms%2Cmv%2Cmvi%2Cpl%2Crms%2Cinitcwndbps&lsig=APaTxxMwRQIhAMXE6W9mvMPRBabSAJies6rXSM5DlL-A5pCH7WTblf0hAiBuYoFxTgDX8ct_cXwb0auJz1qDIfETWltyan_j6LQmwg%3D%3D;!global_tags,date=%8%20260101,uploader=%12%CANAL+ SPORT,channel_url=%56%https://www.youtube.com/channel/UCTVB8m2FcbwBsi6DHsGSuVw,ytdl_description=%441%REKLAMA: Rejestrując się na Superbet z kodem C34, możesz odebrać do 255 PLN na start! 👉https://superbet.pl/lp/suuuuuuper-wo-canal-plus\n\nSuperbet jest laureatem nagród Najlepszy Bukmacher (w plebiscycie Legalni Bukmacherzy 2024) i Najlepsza Aplikacja bukmacherska (Legalni Bukmacherzy 2024).\n\nSUPERBET TO LEGALNY BUKMACHER. GRA U NIELEGALNYCH PODLEGA KARZE. HAZARD MOŻE UZALEŻNIAĆ. 18+\n\n#premierleague  #sunderland  #manchestercity" -> 1
[   3.774][v][cplayer] Set property: file-local-options/force-media-title="NOWOROCZNA NIEMOC CITY! KONIEC ZIELONEJ PASSY! SUNDERLAND - MAN CITY, SKRÓT MECZU" -> 1
[   3.774][v][cplayer] Set property: file-local-options/stream-lavf-o={} -> 1
[   3.774][d][ytdl_hook] script running time: 0.029744 seconds
[   3.774][v][cplayer] Running hook: ytdl_hook/on_load
[   3.774][v][ytdl_hook] playlist hook
[   3.775][v][edl] Opening edl://!new_stream;!no_clip;!no_chapters;%1173%https://rr6---sn-2auhvcpax-2v1e.googlevideo.com/videoplayback?expire=1767383343&ei=z8xXafHFHv6Z6dsP-9P_uAs&ip=46.205.207.15&id=o-ANpmlSAWJKetI8zfHYV2qc9SCgLGBRh_JJHChubGwP84&itag=251&source=youtube&requiressl=yes&xpc=EgVo2aDSNQ%3D%3D&cps=380&met=1767361743%2C&mh=WY&mm=31%2C29&mn=sn-2auhvcpax-2v1e%2Csn-f5fz7n7s&ms=au%2Crdu&mv=m&mvi=6&pl=22&rms=au%2Cau&gcr=pl&initcwndbps=1620000&siu=1&bui=AYUSA3Btz6F-qZyhP6ZJxlvABaoREQWAj0ECRoGz6L0LFQ_5vDUFOuc3dHdYOSjuKGC8vj1Bow&vprv=1&svpuc=1&mime=audio%2Fwebm&ns=eNYzGU6cvmsJz2TBfIeGsh8R&rqh=1&gir=yes&clen=9295726&dur=558.021&lmt=1767308794245825&mt=1767361280&fvip=4&keepalive=yes&lmw=1&fexp=51514994%2C51557447%2C51565116%2C51565682%2C51580970&c=TVHTML5&sefc=1&txp=5532534&n=yLaEsSVVaXyEDg&sparams=expire%2Cei%2Cip%2Cid%2Citag%2Csource%2Crequiressl%2Cxpc%2Cgcr%2Csiu%2Cbui%2Cvprv%2Csvpuc%2Cmime%2Cns%2Crqh%2Cgir%2Cclen%2Cdur%2Clmt&sig=AJfQdSswRQIhAJ387duR1Q39woUL7NJG0EkLIy5Y275QQqpZHvRkMtXQAiBZbk-C9ycicecPrmKMcnch8zJd6OS17TwgnpAYxoCY7Q%3D%3D&lsparams=cps%2Cmet%2Cmh%2Cmm%2Cmn%2Cms%2Cmv%2Cmvi%2Cpl%2Crms%2Cinitcwndbps&lsig=APaTxxMwRQIhAMXE6W9mvMPRBabSAJies6rXSM5DlL-A5pCH7WTblf0hAiBuYoFxTgDX8ct_cXwb0auJz1qDIfETWltyan_j6LQmwg%3D%3D;!new_stream;!no_clip;!no_chapters;%1282%https://rr6---sn-2auhvcpax-2v1e.googlevideo.com/videoplayback?expire=1767383343&ei=z8xXafHFHv6Z6dsP-9P_uAs&ip=46.205.207.15&id=o-ANpmlSAWJKetI8zfHYV2qc9SCgLGBRh_JJHChubGwP84&itag=248&aitags=133%2C134%2C135%2C136%2C137%2C160%2C242%2C243%2C244%2C247%2C248%2C278%2C394%2C395%2C396%2C397%2C398%2C399&source=youtube&requiressl=yes&xpc=EgVo2aDSNQ%3D%3D&cps=380&met=1767361743%2C&mh=WY&mm=31%2C29&mn=sn-2auhvcpax-2v1e%2Csn-f5fz7n7s&ms=au%2Crdu&mv=m&mvi=6&pl=22&rms=au%2Cau&gcr=pl&initcwndbps=1620000&siu=1&bui=AYUSA3Btz6F-qZyhP6ZJxlvABaoREQWAj0ECRoGz6L0LFQ_5vDUFOuc3dHdYOSjuKGC8vj1Bow&vprv=1&svpuc=1&mime=video%2Fwebm&ns=eNYzGU6cvmsJz2TBfIeGsh8R&rqh=1&gir=yes&clen=111664592&dur=558.000&lmt=1767314233739486&mt=1767361280&fvip=4&keepalive=yes&lmw=1&fexp=51514994%2C51557447%2C51565116%2C51565682%2C51580970&c=TVHTML5&sefc=1&txp=5532534&n=yLaEsSVVaXyEDg&sparams=expire%2Cei%2Cip%2Cid%2Caitags%2Csource%2Crequiressl%2Cxpc%2Cgcr%2Csiu%2Cbui%2Cvprv%2Csvpuc%2Cmime%2Cns%2Crqh%2Cgir%2Cclen%2Cdur%2Clmt&sig=AJfQdSswRAIgK_OOlIqmi5qMm4gZ8knZexfEc1-xJLyKZ7npxzTu8VMCIDIR4BQVCySeUyuD1dMd0CmRyEBNDCYftuCqXVB03OwI&lsparams=cps%2Cmet%2Cmh%2Cmm%2Cmn%2Cms%2Cmv%2Cmvi%2Cpl%2Crms%2Cinitcwndbps&lsig=APaTxxMwRQIhAMXE6W9mvMPRBabSAJies6rXSM5DlL-A5pCH7WTblf0hAiBuYoFxTgDX8ct_cXwb0auJz1qDIfETWltyan_j6LQmwg%3D%3D;!global_tags,date=%8%20260101,uploader=%12%CANAL+ SPORT,channel_url=%56%https://www.youtube.com/channel/UCTVB8m2FcbwBsi6DHsGSuVw,ytdl_description=%441%REKLAMA: Rejestrując się na Superbet z kodem C34, możesz odebrać do 255 PLN na start! 👉https://superbet.pl/lp/suuuuuuper-wo-canal-plus
[   3.775][v][edl] 
[   3.775][v][edl] Superbet jest laureatem nagród Najlepszy Bukmacher (w plebiscycie Legalni Bukmacherzy 2024) i Najlepsza Aplikacja bukmacherska (Legalni Bukmacherzy 2024).
[   3.775][v][edl] 
[   3.775][v][edl] SUPERBET TO LEGALNY BUKMACHER. GRA U NIELEGALNYCH PODLEGA KARZE. HAZARD MOŻE UZALEŻNIAĆ. 18+
[   3.775][v][edl] 
[   3.775][v][edl] #premierleague  #sunderland  #manchestercity
[   3.775][d][edl] resize stream to 131072 bytes, drop 0 bytes
[   3.775][d][edl] Stream opened successfully.
[   3.775][v][demux] Trying demuxers for level=request.
[   3.775][d][demux] Trying demuxer: edl (force-level: request)
[   3.775][v][demux] Detected file format: Edit decision list
[   3.775][v][demux] Stream is not seekable.
[   3.775][v][demux] Opening segment 0...
[   3.775][v][stream_callback] Opening https://rr6---sn-2auhvcpax-2v1e.googlevideo.com/videoplayback?expire=1767383343&ei=z8xXafHFHv6Z6dsP-9P_uAs&ip=46.205.207.15&id=o-ANpmlSAWJKetI8zfHYV2qc9SCgLGBRh_JJHChubGwP84&itag=251&source=youtube&requiressl=yes&xpc=EgVo2aDSNQ%3D%3D&cps=380&met=1767361743%2C&mh=WY&mm=31%2C29&mn=sn-2auhvcpax-2v1e%2Csn-f5fz7n7s&ms=au%2Crdu&mv=m&mvi=6&pl=22&rms=au%2Cau&gcr=pl&initcwndbps=1620000&siu=1&bui=AYUSA3Btz6F-qZyhP6ZJxlvABaoREQWAj0ECRoGz6L0LFQ_5vDUFOuc3dHdYOSjuKGC8vj1Bow&vprv=1&svpuc=1&mime=audio%2Fwebm&ns=eNYzGU6cvmsJz2TBfIeGsh8R&rqh=1&gir=yes&clen=9295726&dur=558.021&lmt=1767308794245825&mt=1767361280&fvip=4&keepalive=yes&lmw=1&fexp=51514994%2C51557447%2C51565116%2C51565682%2C51580970&c=TVHTML5&sefc=1&txp=5532534&n=yLaEsSVVaXyEDg&sparams=expire%2Cei%2Cip%2Cid%2Citag%2Csource%2Crequiressl%2Cxpc%2Cgcr%2Csiu%2Cbui%2Cvprv%2Csvpuc%2Cmime%2Cns%2Crqh%2Cgir%2Cclen%2Cdur%2Clmt&sig=AJfQdSswRQIhAJ387duR1Q39woUL7NJG0EkLIy5Y275QQqpZHvRkMtXQAiBZbk-C9ycicecPrmKMcnch8zJd6OS17TwgnpAYxoCY7Q%3D%3D&lsparams=cps%2Cmet%2Cmh%2Cmm%2Cmn%2Cms%2Cmv%2Cmvi%2Cpl%2Crms%2Cinitcwndbps&lsig=APaTxxMwRQIhAMXE6W9mvMPRBabSAJies6rXSM5DlL-A5pCH7WTblf0hAiBuYoFxTgDX8ct_cXwb0auJz1qDIfETWltyan_j6LQmwg%3D%3D
[   3.775][v][ffmpeg] Opening https://rr6---sn-2auhvcpax-2v1e.googlevideo.com/videoplayback?expire=1767383343&ei=z8xXafHFHv6Z6dsP-9P_uAs&ip=46.205.207.15&id=o-ANpmlSAWJKetI8zfHYV2qc9SCgLGBRh_JJHChubGwP84&itag=251&source=youtube&requiressl=yes&xpc=EgVo2aDSNQ%3D%3D&cps=380&met=1767361743%2C&mh=WY&mm=31%2C29&mn=sn-2auhvcpax-2v1e%2Csn-f5fz7n7s&ms=au%2Crdu&mv=m&mvi=6&pl=22&rms=au%2Cau&gcr=pl&initcwndbps=1620000&siu=1&bui=AYUSA3Btz6F-qZyhP6ZJxlvABaoREQWAj0ECRoGz6L0LFQ_5vDUFOuc3dHdYOSjuKGC8vj1Bow&vprv=1&svpuc=1&mime=audio%2Fwebm&ns=eNYzGU6cvmsJz2TBfIeGsh8R&rqh=1&gir=yes&clen=9295726&dur=558.021&lmt=1767308794245825&mt=1767361280&fvip=4&keepalive=yes&lmw=1&fexp=51514994%2C51557447%2C51565116%2C51565682%2C51580970&c=TVHTML5&sefc=1&txp=5532534&n=yLaEsSVVaXyEDg&sparams=expire%2Cei%2Cip%2Cid%2Citag%2Csource%2Crequiressl%2Cxpc%2Cgcr%2Csiu%2Cbui%2Cvprv%2Csvpuc%2Cmime%2Cns%2Crqh%2Cgir%2Cclen%2Cdur%2Clmt&sig=AJfQdSswRQIhAJ387duR1Q39woUL7NJG0EkLIy5Y275QQqpZHvRkMtXQAiBZbk-C9ycicecPrmKMcnch8zJd6OS17TwgnpAYxoCY7Q%3D%3D&lsparams=cps%2Cmet%2Cmh%2Cmm%2Cmn%2Cms%2Cmv%2Cmvi%2Cpl%2Crms%2Cinitcwndbps&lsig=APaTxxMwRQIhAMXE6W9mvMPRBabSAJies6rXSM5DlL-A5pCH7WTblf0hAiBuYoFxTgDX8ct_cXwb0auJz1qDIfETWltyan_j6LQmwg%3D%3D
[   3.779][d][ffmpeg] tcp: Starting connection attempt to 213.158.221.145 port 443
[   3.787][d][ffmpeg] tcp: Successfully connected to 213.158.221.145 port 443
[   3.846][d][ffmpeg] resize stream to 131072 bytes, drop 0 bytes
[   3.846][v][ffmpeg] Mime-type: 'audio/webm'
[   3.846][d][ffmpeg] Stream opened successfully.
[   3.846][v][demux] Trying demuxers for level=normal.
[   3.846][d][demux] Trying demuxer: directory (force-level: normal)
[   3.848][d][demux] Trying demuxer: disc (force-level: normal)
[   3.848][d][demux] Trying demuxer: edl (force-level: normal)
[   3.848][d][demux] Trying demuxer: cue (force-level: normal)
[   3.848][d][demux] Trying demuxer: rawaudio (force-level: normal)
[   3.848][d][demux] Trying demuxer: rawvideo (force-level: normal)
[   3.848][d][demux] Trying demuxer: mkv (force-level: normal)
[   3.848][d][mkv] Found the head...
[   3.848][d][mkv] + a segment...
[   3.848][d][mkv] Parsing seek head...
[   3.848][d][mkv] |+ segment information...
[   3.848][d][mkv] float 558021.000000
[   3.848][d][mkv] | + muxing app: google/video-file
[   3.848][d][mkv] | + writing app: google/video-file
[   3.848][d][mkv] | + timecode scale: 1000000
[   3.848][d][mkv] | + duration: 558.021s
[   3.848][d][mkv] |+ segment tracks...
[   3.848][d][mkv] float 48000.000000
[   3.848][d][mkv] | + a track...
[   3.848][d][mkv] |  + Track number: 1
[   3.848][d][mkv] |  + Track type: Audio
[   3.848][d][mkv] |  + Audio track
[   3.848][d][mkv] |   + Sampling frequency: 48000.000000
[   3.848][d][mkv] |   + Bit depth: 16
[   3.848][d][mkv] |   + Channels: 2
[   3.848][d][mkv] |  + Codec ID: A_OPUS
[   3.848][d][mkv] |  + CodecPrivate, length 19
[   3.848][v][mkv] Parsing cues...
[   3.848][d][mkv] |+ found cluster
[   3.848][v][mkv] All headers are parsed!
[   3.848][v][demux] Detected file format: Matroska
[   3.848][v][demux] Opening segment 0...
[   3.848][v][stream_callback] Opening https://rr6---sn-2auhvcpax-2v1e.googlevideo.com/videoplayback?expire=1767383343&ei=z8xXafHFHv6Z6dsP-9P_uAs&ip=46.205.207.15&id=o-ANpmlSAWJKetI8zfHYV2qc9SCgLGBRh_JJHChubGwP84&itag=248&aitags=133%2C134%2C135%2C136%2C137%2C160%2C242%2C243%2C244%2C247%2C248%2C278%2C394%2C395%2C396%2C397%2C398%2C399&source=youtube&requiressl=yes&xpc=EgVo2aDSNQ%3D%3D&cps=380&met=1767361743%2C&mh=WY&mm=31%2C29&mn=sn-2auhvcpax-2v1e%2Csn-f5fz7n7s&ms=au%2Crdu&mv=m&mvi=6&pl=22&rms=au%2Cau&gcr=pl&initcwndbps=1620000&siu=1&bui=AYUSA3Btz6F-qZyhP6ZJxlvABaoREQWAj0ECRoGz6L0LFQ_5vDUFOuc3dHdYOSjuKGC8vj1Bow&vprv=1&svpuc=1&mime=video%2Fwebm&ns=eNYzGU6cvmsJz2TBfIeGsh8R&rqh=1&gir=yes&clen=111664592&dur=558.000&lmt=1767314233739486&mt=1767361280&fvip=4&keepalive=yes&lmw=1&fexp=51514994%2C51557447%2C51565116%2C51565682%2C51580970&c=TVHTML5&sefc=1&txp=5532534&n=yLaEsSVVaXyEDg&sparams=expire%2Cei%2Cip%2Cid%2Caitags%2Csource%2Crequiressl%2Cxpc%2Cgcr%2Csiu%2Cbui%2Cvprv%2Csvpuc%2Cmime%2Cns%2Crqh%2Cgir%2Cclen%2Cdur%2Clmt&sig=AJfQdSswRAIgK_OOlIqmi5qMm4gZ8knZexfEc1-xJLyKZ7npxzTu8VMCIDIR4BQVCySeUyuD1dMd0CmRyEBNDCYftuCqXVB03OwI&lsparams=cps%2Cmet%2Cmh%2Cmm%2Cmn%2Cms%2Cmv%2Cmvi%2Cpl%2Crms%2Cinitcwndbps&lsig=APaTxxMwRQIhAMXE6W9mvMPRBabSAJies6rXSM5DlL-A5pCH7WTblf0hAiBuYoFxTgDX8ct_cXwb0auJz1qDIfETWltyan_j6LQmwg%3D%3D
[   3.849][v][ffmpeg] Opening https://rr6---sn-2auhvcpax-2v1e.googlevideo.com/videoplayback?expire=1767383343&ei=z8xXafHFHv6Z6dsP-9P_uAs&ip=46.205.207.15&id=o-ANpmlSAWJKetI8zfHYV2qc9SCgLGBRh_JJHChubGwP84&itag=248&aitags=133%2C134%2C135%2C136%2C137%2C160%2C242%2C243%2C244%2C247%2C248%2C278%2C394%2C395%2C396%2C397%2C398%2C399&source=youtube&requiressl=yes&xpc=EgVo2aDSNQ%3D%3D&cps=380&met=1767361743%2C&mh=WY&mm=31%2C29&mn=sn-2auhvcpax-2v1e%2Csn-f5fz7n7s&ms=au%2Crdu&mv=m&mvi=6&pl=22&rms=au%2Cau&gcr=pl&initcwndbps=1620000&siu=1&bui=AYUSA3Btz6F-qZyhP6ZJxlvABaoREQWAj0ECRoGz6L0LFQ_5vDUFOuc3dHdYOSjuKGC8vj1Bow&vprv=1&svpuc=1&mime=video%2Fwebm&ns=eNYzGU6cvmsJz2TBfIeGsh8R&rqh=1&gir=yes&clen=111664592&dur=558.000&lmt=1767314233739486&mt=1767361280&fvip=4&keepalive=yes&lmw=1&fexp=51514994%2C51557447%2C51565116%2C51565682%2C51580970&c=TVHTML5&sefc=1&txp=5532534&n=yLaEsSVVaXyEDg&sparams=expire%2Cei%2Cip%2Cid%2Caitags%2Csource%2Crequiressl%2Cxpc%2Cgcr%2Csiu%2Cbui%2Cvprv%2Csvpuc%2Cmime%2Cns%2Crqh%2Cgir%2Cclen%2Cdur%2Clmt&sig=AJfQdSswRAIgK_OOlIqmi5qMm4gZ8knZexfEc1-xJLyKZ7npxzTu8VMCIDIR4BQVCySeUyuD1dMd0CmRyEBNDCYftuCqXVB03OwI&lsparams=cps%2Cmet%2Cmh%2Cmm%2Cmn%2Cms%2Cmv%2Cmvi%2Cpl%2Crms%2Cinitcwndbps&lsig=APaTxxMwRQIhAMXE6W9mvMPRBabSAJies6rXSM5DlL-A5pCH7WTblf0hAiBuYoFxTgDX8ct_cXwb0auJz1qDIfETWltyan_j6LQmwg%3D%3D
[   3.851][d][ffmpeg] tcp: Starting connection attempt to 213.158.221.145 port 443
[   3.859][d][ffmpeg] tcp: Successfully connected to 213.158.221.145 port 443
[   3.889][d][ffmpeg] resize stream to 131072 bytes, drop 0 bytes
[   3.889][v][ffmpeg] Mime-type: 'video/webm'
[   3.889][d][ffmpeg] Stream opened successfully.
[   3.889][v][demux] Trying demuxers for level=normal.
[   3.889][d][demux] Trying demuxer: directory (force-level: normal)
[   3.919][d][demux] Trying demuxer: disc (force-level: normal)
[   3.919][d][demux] Trying demuxer: edl (force-level: normal)
[   3.919][d][demux] Trying demuxer: cue (force-level: normal)
[   3.919][d][demux] Trying demuxer: rawaudio (force-level: normal)
[   3.919][d][demux] Trying demuxer: rawvideo (force-level: normal)
[   3.919][d][demux] Trying demuxer: mkv (force-level: normal)
[   3.919][d][mkv] Found the head...
[   3.919][d][mkv] + a segment...
[   3.919][d][mkv] Parsing seek head...
[   3.919][d][mkv] |+ segment information...
[   3.919][d][mkv] float 558000.000000
[   3.919][d][mkv] | + muxing app: google/video-file
[   3.919][d][mkv] | + writing app: google/video-file
[   3.919][d][mkv] | + timecode scale: 1000000
[   3.919][d][mkv] | + duration: 558.000s
[   3.919][d][mkv] |+ segment tracks...
[   3.919][d][mkv] | + a track...
[   3.919][d][mkv] |  + Track number: 1
[   3.919][d][mkv] |  + Track type: Video
[   3.919][d][mkv] |  + Video track
[   3.919][d][mkv] |   + Pixel width: 1920
[   3.919][d][mkv] |   + Pixel height: 1080
[   3.919][d][mkv] |    + Matrix: bt.709
[   3.919][d][mkv] |    + Primaries: bt.709
[   3.919][d][mkv] |    + Gamma: bt.1886
[   3.919][d][mkv] |    + Levels: limited
[   3.919][d][mkv] |  + Codec ID: V_VP9
[   3.919][d][mkv] |  + Default duration: 40.000ms ( = 25.000 fps)
[   3.919][v][mkv] Parsing cues...
[   3.919][d][mkv] |+ found cluster
[   3.919][v][mkv] All headers are parsed!
[   3.952][v][demux] Detected file format: Matroska
[   3.952][d][demux] Trying demuxer: timeline (force-level: force)
[   3.952][v][timeline] Timeline segments:
[   3.952][v][timeline]   0:     0.000000 -   558.021000 [    0.000000] (0)
[   3.952][v][timeline]   source 0:'https://rr6---sn-2auhvcpax-2v1e.googlevideo.com/videoplayback?expire=1767383343&ei=z8xXafHFHv6Z6dsP-9P_uAs&ip=46.205.207.15&id=o-ANpmlSAWJKetI8zfHYV2qc9SCgLGBRh_JJHChubGwP84&itag=251&source=youtube&requiressl=yes&xpc=EgVo2aDSNQ%3D%3D&cps=380&met=1767361743%2C&mh=WY&mm=31%2C29&mn=sn-2auhvcpax-2v1e%2Csn-f5fz7n7s&ms=au%2Crdu&mv=m&mvi=6&pl=22&rms=au%2Cau&gcr=pl&initcwndbps=1620000&siu=1&bui=AYUSA3Btz6F-qZyhP6ZJxlvABaoREQWAj0ECRoGz6L0LFQ_5vDUFOuc3dHdYOSjuKGC8vj1Bow&vprv=1&svpuc=1&mime=audio%2Fwebm&ns=eNYzGU6cvmsJz2TBfIeGsh8R&rqh=1&gir=yes&clen=9295726&dur=558.021&lmt=1767308794245825&mt=1767361280&fvip=4&keepalive=yes&lmw=1&fexp=51514994%2C51557447%2C51565116%2C51565682%2C51580970&c=TVHTML5&sefc=1&txp=5532534&n=yLaEsSVVaXyEDg&sparams=expire%2Cei%2Cip%2Cid%2Citag%2Csource%2Crequiressl%2Cxpc%2Cgcr%2Csiu%2Cbui%2Cvprv%2Csvpuc%2Cmime%2Cns%2Crqh%2Cgir%2Cclen%2Cdur%2Clmt&sig=AJfQdSswRQIhAJ387duR1Q39woUL7NJG0EkLIy5Y275QQqpZHvRkMtXQAiBZbk-C9ycicecPrmKMcnch8zJd6OS17TwgnpAYxoCY7Q%3D%3D&lsparams=cps%2Cmet%2Cmh%2Cmm%2Cmn%2Cms%2Cmv%2Cmvi%2Cpl%2Crms%2Cinitcwndbps&lsig=APaTxxMwRQIhAMXE6W9mvMPRBabSAJies6rXSM5DlL-A5pCH7WTblf0hAiBuYoFxTgDX8ct_cXwb0auJz1qDIfETWltyan_j6LQmwg%3D%3D'
[   3.952][v][timeline]  --- new parallel stream ---
[   3.952][v][timeline]   0:     0.000000 -   558.000000 [    0.000000] (1)
[   3.952][v][timeline]   source 0:'https://rr6---sn-2auhvcpax-2v1e.googlevideo.com/videoplayback?expire=1767383343&ei=z8xXafHFHv6Z6dsP-9P_uAs&ip=46.205.207.15&id=o-ANpmlSAWJKetI8zfHYV2qc9SCgLGBRh_JJHChubGwP84&itag=248&aitags=133%2C134%2C135%2C136%2C137%2C160%2C242%2C243%2C244%2C247%2C248%2C278%2C394%2C395%2C396%2C397%2C398%2C399&source=youtube&requiressl=yes&xpc=EgVo2aDSNQ%3D%3D&cps=380&met=1767361743%2C&mh=WY&mm=31%2C29&mn=sn-2auhvcpax-2v1e%2Csn-f5fz7n7s&ms=au%2Crdu&mv=m&mvi=6&pl=22&rms=au%2Cau&gcr=pl&initcwndbps=1620000&siu=1&bui=AYUSA3Btz6F-qZyhP6ZJxlvABaoREQWAj0ECRoGz6L0LFQ_5vDUFOuc3dHdYOSjuKGC8vj1Bow&vprv=1&svpuc=1&mime=video%2Fwebm&ns=eNYzGU6cvmsJz2TBfIeGsh8R&rqh=1&gir=yes&clen=111664592&dur=558.000&lmt=1767314233739486&mt=1767361280&fvip=4&keepalive=yes&lmw=1&fexp=51514994%2C51557447%2C51565116%2C51565682%2C51580970&c=TVHTML5&sefc=1&txp=5532534&n=yLaEsSVVaXyEDg&sparams=expire%2Cei%2Cip%2Cid%2Caitags%2Csource%2Crequiressl%2Cxpc%2Cgcr%2Csiu%2Cbui%2Cvprv%2Csvpuc%2Cmime%2Cns%2Crqh%2Cgir%2Cclen%2Cdur%2Clmt&sig=AJfQdSswRAIgK_OOlIqmi5qMm4gZ8knZexfEc1-xJLyKZ7npxzTu8VMCIDIR4BQVCySeUyuD1dMd0CmRyEBNDCYftuCqXVB03OwI&lsparams=cps%2Cmet%2Cmh%2Cmm%2Cmn%2Cms%2Cmv%2Cmvi%2Cpl%2Crms%2Cinitcwndbps&lsig=APaTxxMwRQIhAMXE6W9mvMPRBabSAJies6rXSM5DlL-A5pCH7WTblf0hAiBuYoFxTgDX8ct_cXwb0auJz1qDIfETWltyan_j6LQmwg%3D%3D'
[   3.952][v][timeline] Total duration: 558.021000
[   3.952][v][demux] Detected file format: multi/mkv (timeline segments)
[   3.952][v][cplayer] Opening done: edl://!new_stream;!no_clip;!no_chapters;%1173%https://rr6---sn-2auhvcpax-2v1e.googlevideo.com/videoplayback?expire=1767383343&ei=z8xXafHFHv6Z6dsP-9P_uAs&ip=46.205.207.15&id=o-ANpmlSAWJKetI8zfHYV2qc9SCgLGBRh_JJHChubGwP84&itag=251&source=youtube&requiressl=yes&xpc=EgVo2aDSNQ%3D%3D&cps=380&met=1767361743%2C&mh=WY&mm=31%2C29&mn=sn-2auhvcpax-2v1e%2Csn-f5fz7n7s&ms=au%2Crdu&mv=m&mvi=6&pl=22&rms=au%2Cau&gcr=pl&initcwndbps=1620000&siu=1&bui=AYUSA3Btz6F-qZyhP6ZJxlvABaoREQWAj0ECRoGz6L0LFQ_5vDUFOuc3dHdYOSjuKGC8vj1Bow&vprv=1&svpuc=1&mime=audio%2Fwebm&ns=eNYzGU6cvmsJz2TBfIeGsh8R&rqh=1&gir=yes&clen=9295726&dur=558.021&lmt=1767308794245825&mt=1767361280&fvip=4&keepalive=yes&lmw=1&fexp=51514994%2C51557447%2C51565116%2C51565682%2C51580970&c=TVHTML5&sefc=1&txp=5532534&n=yLaEsSVVaXyEDg&sparams=expire%2Cei%2Cip%2Cid%2Citag%2Csource%2Crequiressl%2Cxpc%2Cgcr%2Csiu%2Cbui%2Cvprv%2Csvpuc%2Cmime%2Cns%2Crqh%2Cgir%2Cclen%2Cdur%2Clmt&sig=AJfQdSswRQIhAJ387duR1Q39woUL7NJG0EkLIy5Y275QQqpZHvRkMtXQAiBZbk-C9ycicecPrmKMcnch8zJd6OS17TwgnpAYxoCY7Q%3D%3D&lsparams=cps%2Cmet%2Cmh%2Cmm%2Cmn%2Cms%2Cmv%2Cmvi%2Cpl%2Crms%2Cinitcwndbps&lsig=APaTxxMwRQIhAMXE6W9mvMPRBabSAJies6rXSM5DlL-A5pCH7WTblf0hAiBuYoFxTgDX8ct_cXwb0auJz1qDIfETWltyan_j6LQmwg%3D%3D;!new_stream;!no_clip;!no_chapters;%1282%https://rr6---sn-2auhvcpax-2v1e.googlevideo.com/videoplayback?expire=1767383343&ei=z8xXafHFHv6Z6dsP-9P_uAs&ip=46.205.207.15&id=o-ANpmlSAWJKetI8zfHYV2qc9SCgLGBRh_JJHChubGwP84&itag=248&aitags=133%2C134%2C135%2C136%2C137%2C160%2C242%2C243%2C244%2C247%2C248%2C278%2C394%2C395%2C396%2C397%2C398%2C399&source=youtube&requiressl=yes&xpc=EgVo2aDSNQ%3D%3D&cps=380&met=1767361743%2C&mh=WY&mm=31%2C29&mn=sn-2auhvcpax-2v1e%2Csn-f5fz7n7s&ms=au%2Crdu&mv=m&mvi=6&pl=22&rms=au%2Cau&gcr=pl&initcwndbps=1620000&siu=1&bui=AYUSA3Btz6F-qZyhP6ZJxlvABaoREQWAj0ECRoGz6L0LFQ_5vDUFOuc3dHdYOSjuKGC8vj1Bow&vprv=1&svpuc=1&mime=video%2Fwebm&ns=eNYzGU6cvmsJz2TBfIeGsh8R&rqh=1&gir=yes&clen=111664592&dur=558.000&lmt=1767314233739486&mt=1767361280&fvip=4&keepalive=yes&lmw=1&fexp=51514994%2C51557447%2C51565116%2C51565682%2C51580970&c=TVHTML5&sefc=1&txp=5532534&n=yLaEsSVVaXyEDg&sparams=expire%2Cei%2Cip%2Cid%2Caitags%2Csource%2Crequiressl%2Cxpc%2Cgcr%2Csiu%2Cbui%2Cvprv%2Csvpuc%2Cmime%2Cns%2Crqh%2Cgir%2Cclen%2Cdur%2Clmt&sig=AJfQdSswRAIgK_OOlIqmi5qMm4gZ8knZexfEc1-xJLyKZ7npxzTu8VMCIDIR4BQVCySeUyuD1dMd0CmRyEBNDCYftuCqXVB03OwI&lsparams=cps%2Cmet%2Cmh%2Cmm%2Cmn%2Cms%2Cmv%2Cmvi%2Cpl%2Crms%2Cinitcwndbps&lsig=APaTxxMwRQIhAMXE6W9mvMPRBabSAJies6rXSM5DlL-A5pCH7WTblf0hAiBuYoFxTgDX8ct_cXwb0auJz1qDIfETWltyan_j6LQmwg%3D%3D;!global_tags,date=%8%20260101,uploader=%12%CANAL+ SPORT,channel_url=%56%https://www.youtube.com/channel/UCTVB8m2FcbwBsi6DHsGSuVw,ytdl_description=%441%REKLAMA: Rejestrując się na Superbet z kodem C34, możesz odebrać do 255 PLN na start! 👉https://superbet.pl/lp/suuuuuuper-wo-canal-plus
[   3.952][v][cplayer] 
[   3.952][v][cplayer] Superbet jest laureatem nagród Najlepszy Bukmacher (w plebiscycie Legalni Bukmacherzy 2024) i Najlepsza Aplikacja bukmacherska (Legalni Bukmacherzy 2024).
[   3.952][v][cplayer] 
[   3.952][v][cplayer] SUPERBET TO LEGALNY BUKMACHER. GRA U NIELEGALNYCH PODLEGA KARZE. HAZARD MOŻE UZALEŻNIAĆ. 18+
[   3.952][v][cplayer] 
[   3.952][v][cplayer] #premierleague  #sunderland  #manchestercity
[   3.953][d][global] config path: 'sub' -/-> '/home/jawor/.config/mpv/sub'
[   3.953][d][global] config path: 'sub' -/-> '/home/jawor/.mpv/sub'
[   3.953][d][global] config path: 'sub' -/-> '/etc/mpv/sub'
[   3.953][v][cplayer] Running hook: auto_profiles/on_preloaded
[   3.953][v][cplayer] Failed sending hook command auto_profiles/on_preloaded. Removing hook.
[   3.953][v][cplayer] Running hook: ytdl_hook/on_preloaded
[   3.953][v][timeline] select track 1
[   3.953][v][timeline] select track 0
[   3.953][i][cplayer] ● Video  --vid=1  --vlang=eng  (vp9 1920x1080 25 fps) [default]
[   3.953][i][cplayer] ● Audio  --aid=1  --alang=eng  (opus 2ch 48000 Hz) [default]
[   3.953][i][display-tags] File tags:
[   3.953][i][display-tags]  Date: 20260101
[   3.953][i][display-tags]  Uploader: CANAL+ SPORT
[   3.953][i][display-tags]  Channel_URL: https://www.youtube.com/channel/UCTVB8m2FcbwBsi6DHsGSuVw
[   3.953][v][vo/gpu-next] Probing for best GPU context.
[   3.953][v][vo/gpu-next/auto] Initializing GPU context 'auto'
[   3.953][v][vo/gpu-next/vulkan] Initializing GPU context 'waylandvk'
[   3.953][v][vo/gpu-next/libplacebo] Initialized libplacebo v7.351.0 (API v351)
[   3.953][d][vo/gpu-next/libplacebo] Available instance version: 1.4.335
[   3.955][d][vo/gpu-next/libplacebo] Spent 1.447 ms enumerating instance layers
[   3.955][d][vo/gpu-next/libplacebo] Available layers:
[   3.955][d][vo/gpu-next/libplacebo]     VK_LAYER_VALVE_steam_fossilize_32 (v1.3.207)
[   3.955][d][vo/gpu-next/libplacebo]     VK_LAYER_VALVE_steam_overlay_64 (v1.3.207)
[   3.955][d][vo/gpu-next/libplacebo]     VK_LAYER_VALVE_steam_fossilize_64 (v1.3.207)
[   3.955][d][vo/gpu-next/libplacebo]     VK_LAYER_VALVE_steam_overlay_32 (v1.3.207)
[   3.955][d][vo/gpu-next/libplacebo]     VK_LAYER_MESA_anti_lag (v1.4.303)
[   3.955][d][vo/gpu-next/libplacebo]     VK_LAYER_NV_optimus (v1.4.325)
[   3.955][d][vo/gpu-next/libplacebo]     VK_LAYER_NV_present (v1.4.325)
[   3.955][d][vo/gpu-next/libplacebo]     VK_LAYER_MESA_device_select (v1.4.303)
[   3.955][d][vo/gpu-next/libplacebo]     VK_LAYER_KHRONOS_validation (v1.4.335)
[   3.955][d][vo/gpu-next/libplacebo]     VK_LAYER_MESA_screenshot (v1.4.303)
[   3.955][d][vo/gpu-next/libplacebo]     VK_LAYER_MESA_vram_report_limit (v1.4.303)
[   3.955][d][vo/gpu-next/libplacebo]     VK_LAYER_MESA_overlay (v1.4.303)
[   3.955][d][vo/gpu-next/libplacebo]     VK_LAYER_INTEL_nullhw (v1.1.73)
[   4.000][v][vo/gpu-next/libplacebo] Spent 45.343 ms enumerating instance extensions
[   4.000][d][vo/gpu-next/libplacebo] Available instance extensions:
[   4.000][d][vo/gpu-next/libplacebo]     VK_KHR_device_group_creation
[   4.000][d][vo/gpu-next/libplacebo]     VK_KHR_display
[   4.000][d][vo/gpu-next/libplacebo]     VK_KHR_external_fence_capabilities
[   4.000][d][vo/gpu-next/libplacebo]     VK_KHR_external_memory_capabilities
[   4.000][d][vo/gpu-next/libplacebo]     VK_KHR_external_semaphore_capabilities
[   4.000][d][vo/gpu-next/libplacebo]     VK_KHR_get_display_properties2
[   4.000][d][vo/gpu-next/libplacebo]     VK_KHR_get_physical_device_properties2
[   4.000][d][vo/gpu-next/libplacebo]     VK_KHR_get_surface_capabilities2
[   4.000][d][vo/gpu-next/libplacebo]     VK_KHR_surface
[   4.000][d][vo/gpu-next/libplacebo]     VK_KHR_surface_maintenance1
[   4.000][d][vo/gpu-next/libplacebo]     VK_KHR_surface_protected_capabilities
[   4.000][d][vo/gpu-next/libplacebo]     VK_KHR_wayland_surface
[   4.000][d][vo/gpu-next/libplacebo]     VK_KHR_xcb_surface
[   4.000][d][vo/gpu-next/libplacebo]     VK_KHR_xlib_surface
[   4.000][d][vo/gpu-next/libplacebo]     VK_EXT_acquire_drm_display
[   4.000][d][vo/gpu-next/libplacebo]     VK_EXT_acquire_xlib_display
[   4.000][d][vo/gpu-next/libplacebo]     VK_EXT_debug_report
[   4.000][d][vo/gpu-next/libplacebo]     VK_EXT_debug_utils
[   4.000][d][vo/gpu-next/libplacebo]     VK_EXT_direct_mode_display
[   4.000][d][vo/gpu-next/libplacebo]     VK_EXT_display_surface_counter
[   4.000][d][vo/gpu-next/libplacebo]     VK_EXT_surface_maintenance1
[   4.000][d][vo/gpu-next/libplacebo]     VK_EXT_swapchain_colorspace
[   4.000][d][vo/gpu-next/libplacebo]     VK_NV_display_stereo
[   4.000][d][vo/gpu-next/libplacebo]     VK_EXT_headless_surface
[   4.000][d][vo/gpu-next/libplacebo]     VK_KHR_portability_enumeration
[   4.000][d][vo/gpu-next/libplacebo]     VK_LUNARG_direct_driver_loading
[   4.000][d][vo/gpu-next/libplacebo]     VK_EXT_layer_settings (via VK_LAYER_KHRONOS_validation)
[   4.000][d][vo/gpu-next/libplacebo]     VK_EXT_validation_features (via VK_LAYER_KHRONOS_validation)
[   4.000][v][vo/gpu-next/libplacebo] Creating vulkan instance with extensions:
[   4.000][v][vo/gpu-next/libplacebo]     VK_KHR_surface
[   4.000][v][vo/gpu-next/libplacebo]     VK_EXT_swapchain_colorspace
[   4.000][v][vo/gpu-next/libplacebo]     VK_KHR_get_surface_capabilities2
[   4.000][v][vo/gpu-next/libplacebo]     VK_KHR_portability_enumeration
[   4.000][v][vo/gpu-next/libplacebo]     VK_KHR_surface
[   4.000][v][vo/gpu-next/libplacebo]     VK_KHR_wayland_surface
[   4.030][v][vo/gpu-next/libplacebo] Spent 30.255 ms creating vulkan instance
[   4.030][v][vo/gpu-next/vulkan] Initializing GPU context 'x11vk'
[   4.030][v][vo/gpu-next/libplacebo] Initialized libplacebo v7.351.0 (API v351)
[   4.031][d][vo/gpu-next/libplacebo] Available instance version: 1.4.335
[   4.032][d][vo/gpu-next/libplacebo] Spent 1.226 ms enumerating instance layers
[   4.032][d][vo/gpu-next/libplacebo] Available layers:
[   4.032][d][vo/gpu-next/libplacebo]     VK_LAYER_VALVE_steam_fossilize_32 (v1.3.207)
[   4.032][d][vo/gpu-next/libplacebo]     VK_LAYER_VALVE_steam_overlay_64 (v1.3.207)
[   4.032][d][vo/gpu-next/libplacebo]     VK_LAYER_VALVE_steam_fossilize_64 (v1.3.207)
[   4.032][d][vo/gpu-next/libplacebo]     VK_LAYER_VALVE_steam_overlay_32 (v1.3.207)
[   4.032][d][vo/gpu-next/libplacebo]     VK_LAYER_MESA_anti_lag (v1.4.303)
[   4.032][d][vo/gpu-next/libplacebo]     VK_LAYER_NV_optimus (v1.4.325)
[   4.032][d][vo/gpu-next/libplacebo]     VK_LAYER_NV_present (v1.4.325)
[   4.032][d][vo/gpu-next/libplacebo]     VK_LAYER_MESA_device_select (v1.4.303)
[   4.032][d][vo/gpu-next/libplacebo]     VK_LAYER_KHRONOS_validation (v1.4.335)
[   4.032][d][vo/gpu-next/libplacebo]     VK_LAYER_MESA_screenshot (v1.4.303)
[   4.032][d][vo/gpu-next/libplacebo]     VK_LAYER_MESA_vram_report_limit (v1.4.303)
[   4.032][d][vo/gpu-next/libplacebo]     VK_LAYER_MESA_overlay (v1.4.303)
[   4.032][d][vo/gpu-next/libplacebo]     VK_LAYER_INTEL_nullhw (v1.1.73)
[   4.049][v][vo/gpu-next/libplacebo] Spent 16.880 ms enumerating instance extensions
[   4.049][d][vo/gpu-next/libplacebo] Available instance extensions:
[   4.049][d][vo/gpu-next/libplacebo]     VK_KHR_device_group_creation
[   4.049][d][vo/gpu-next/libplacebo]     VK_KHR_display
[   4.049][d][vo/gpu-next/libplacebo]     VK_KHR_external_fence_capabilities
[   4.049][d][vo/gpu-next/libplacebo]     VK_KHR_external_memory_capabilities
[   4.049][d][vo/gpu-next/libplacebo]     VK_KHR_external_semaphore_capabilities
[   4.049][d][vo/gpu-next/libplacebo]     VK_KHR_get_display_properties2
[   4.049][d][vo/gpu-next/libplacebo]     VK_KHR_get_physical_device_properties2
[   4.049][d][vo/gpu-next/libplacebo]     VK_KHR_get_surface_capabilities2
[   4.049][d][vo/gpu-next/libplacebo]     VK_KHR_surface
[   4.049][d][vo/gpu-next/libplacebo]     VK_KHR_surface_maintenance1
[   4.049][d][vo/gpu-next/libplacebo]     VK_KHR_surface_protected_capabilities
[   4.049][d][vo/gpu-next/libplacebo]     VK_KHR_wayland_surface
[   4.049][d][vo/gpu-next/libplacebo]     VK_KHR_xcb_surface
[   4.049][d][vo/gpu-next/libplacebo]     VK_KHR_xlib_surface
[   4.049][d][vo/gpu-next/libplacebo]     VK_EXT_acquire_drm_display
[   4.049][d][vo/gpu-next/libplacebo]     VK_EXT_acquire_xlib_display
[   4.049][d][vo/gpu-next/libplacebo]     VK_EXT_debug_report
[   4.049][d][vo/gpu-next/libplacebo]     VK_EXT_debug_utils
[   4.049][d][vo/gpu-next/libplacebo]     VK_EXT_direct_mode_display
[   4.049][d][vo/gpu-next/libplacebo]     VK_EXT_display_surface_counter
[   4.049][d][vo/gpu-next/libplacebo]     VK_EXT_surface_maintenance1
[   4.049][d][vo/gpu-next/libplacebo]     VK_EXT_swapchain_colorspace
[   4.049][d][vo/gpu-next/libplacebo]     VK_NV_display_stereo
[   4.049][d][vo/gpu-next/libplacebo]     VK_EXT_headless_surface
[   4.049][d][vo/gpu-next/libplacebo]     VK_KHR_portability_enumeration
[   4.049][d][vo/gpu-next/libplacebo]     VK_LUNARG_direct_driver_loading
[   4.049][d][vo/gpu-next/libplacebo]     VK_EXT_layer_settings (via VK_LAYER_KHRONOS_validation)
[   4.049][d][vo/gpu-next/libplacebo]     VK_EXT_validation_features (via VK_LAYER_KHRONOS_validation)
[   4.049][v][vo/gpu-next/libplacebo] Creating vulkan instance with extensions:
[   4.049][v][vo/gpu-next/libplacebo]     VK_KHR_surface
[   4.049][v][vo/gpu-next/libplacebo]     VK_EXT_swapchain_colorspace
[   4.049][v][vo/gpu-next/libplacebo]     VK_KHR_get_surface_capabilities2
[   4.049][v][vo/gpu-next/libplacebo]     VK_KHR_portability_enumeration
[   4.049][v][vo/gpu-next/libplacebo]     VK_KHR_surface
[   4.049][v][vo/gpu-next/libplacebo]     VK_KHR_xlib_surface
[   4.055][d][vo/gpu-next/libplacebo] Spent 5.963 ms creating vulkan instance
[   4.055][v][vo/gpu-next/x11] X11 opening display: :0
[   4.057][d][vo/gpu-next/x11] X11 running at 5120x1440 (":0" => local display)
[   4.057][d][vo/gpu-next/x11] Detected wm supports NetWM.
[   4.057][d][vo/gpu-next/x11] Detected wm supports FULLSCREEN state.
[   4.057][d][vo/gpu-next/x11] Detected wm supports STICKY state.
[   4.057][v][vo/gpu-next/x11] Using X11 screen DPI scale: 1.5Display 0 (DP-0): [2560, 0, 5120, 1440] @ 165.001490 FPS
[   4.057][v][vo/gpu-next/x11] Display 1 (HDMI-0): [0, 0, 2400, 1350] @ 74.972503 FPS
[   4.057][v][vo/gpu-next/x11] Current display FPS: 165.001490
[   4.057][v][vo/gpu-next/x11] The XPresent extension was found.
[   4.057][v][vo/gpu-next/x11] XPresent disabled.
[   4.058][v][vo/gpu-next/libplacebo] Probing for vulkan devices:
[   4.059][d][vo/gpu-next/libplacebo] Spent 0.377 ms enumerating physical devices
[   4.059][v][vo/gpu-next/libplacebo]     GPU 0: NVIDIA GeForce RTX 2060 v1.4.325 (discrete)
[   4.059][v][vo/gpu-next/libplacebo]            uuid: C2:A8:47:60:11:F8:EE:D1:33:09:86:B5:7C:98:8A:DE
[   4.066][v][vo/gpu-next/libplacebo] Vulkan device properties:
[   4.066][v][vo/gpu-next/libplacebo]     Device Name: NVIDIA GeForce RTX 2060
[   4.066][v][vo/gpu-next/libplacebo]     Device ID: 10de:1e89
[   4.066][v][vo/gpu-next/libplacebo]     Device UUID: C2:A8:47:60:11:F8:EE:D1:33:09:86:B5:7C:98:8A:DE
[   4.066][v][vo/gpu-next/libplacebo]     Driver version: 938c0040
[   4.066][v][vo/gpu-next/libplacebo]     API version: 1.4.325
[   4.066][v][vo/gpu-next/libplacebo]     Driver ID: VK_DRIVER_ID_NVIDIA_PROPRIETARY
[   4.066][v][vo/gpu-next/libplacebo]     Driver name: NVIDIA
[   4.066][v][vo/gpu-next/libplacebo]     Driver info: 590.48.01
[   4.066][v][vo/gpu-next/libplacebo]     Conformance version: 1.4.3.0
[   4.066][v][vo/gpu-next/libplacebo]     Driver UUID: CA:CC:30:4F:71:67:5C:F5:A6:BD:29:3F:06:57:EF:84
[   4.066][d][vo/gpu-next/libplacebo] Queue families supported by device:
[   4.066][d][vo/gpu-next/libplacebo]     0: flags 0xf num 16
[   4.066][d][vo/gpu-next/libplacebo]     1: flags 0xc num 2
[   4.066][d][vo/gpu-next/libplacebo]     2: flags 0xe num 8
[   4.066][d][vo/gpu-next/libplacebo]     3: flags 0x2c num 1
[   4.066][d][vo/gpu-next/libplacebo]     4: flags 0x4c num 1
[   4.066][d][vo/gpu-next/libplacebo] Using graphics queue 0
[   4.066][v][vo/gpu-next/libplacebo] Using async transfer (queue 1)
[   4.066][v][vo/gpu-next/libplacebo] Using async compute (queue 2)
[   4.066][d][vo/gpu-next/libplacebo] Spent 0.019 ms enumerating device extensions
[   4.066][d][vo/gpu-next/libplacebo] Available device extensions:
[   4.066][d][vo/gpu-next/libplacebo]     VK_KHR_16bit_storage
[   4.066][d][vo/gpu-next/libplacebo]     VK_KHR_8bit_storage
[   4.066][d][vo/gpu-next/libplacebo]     VK_KHR_acceleration_structure
[   4.066][d][vo/gpu-next/libplacebo]     VK_KHR_bind_memory2
[   4.066][d][vo/gpu-next/libplacebo]     VK_KHR_buffer_device_address
[   4.066][d][vo/gpu-next/libplacebo]     VK_KHR_calibrated_timestamps
[   4.066][d][vo/gpu-next/libplacebo]     VK_KHR_compute_shader_derivatives
[   4.066][d][vo/gpu-next/libplacebo]     VK_KHR_cooperative_matrix
[   4.066][d][vo/gpu-next/libplacebo]     VK_KHR_copy_commands2
[   4.066][d][vo/gpu-next/libplacebo]     VK_KHR_create_renderpass2
[   4.066][d][vo/gpu-next/libplacebo]     VK_KHR_dedicated_allocation
[   4.066][d][vo/gpu-next/libplacebo]     VK_KHR_deferred_host_operations
[   4.066][d][vo/gpu-next/libplacebo]     VK_KHR_depth_clamp_zero_one
[   4.066][d][vo/gpu-next/libplacebo]     VK_KHR_depth_stencil_resolve
[   4.066][d][vo/gpu-next/libplacebo]     VK_KHR_descriptor_update_template
[   4.066][d][vo/gpu-next/libplacebo]     VK_KHR_device_group
[   4.066][d][vo/gpu-next/libplacebo]     VK_KHR_draw_indirect_count
[   4.066][d][vo/gpu-next/libplacebo]     VK_KHR_driver_properties
[   4.066][d][vo/gpu-next/libplacebo]     VK_KHR_dynamic_rendering
[   4.066][d][vo/gpu-next/libplacebo]     VK_KHR_dynamic_rendering_local_read
[   4.066][d][vo/gpu-next/libplacebo]     VK_KHR_external_fence
[   4.066][d][vo/gpu-next/libplacebo]     VK_KHR_external_fence_fd
[   4.066][d][vo/gpu-next/libplacebo]     VK_KHR_external_memory
[   4.066][d][vo/gpu-next/libplacebo]     VK_KHR_external_memory_fd
[   4.066][d][vo/gpu-next/libplacebo]     VK_KHR_external_semaphore
[   4.066][d][vo/gpu-next/libplacebo]     VK_KHR_external_semaphore_fd
[   4.066][d][vo/gpu-next/libplacebo]     VK_KHR_format_feature_flags2
[   4.066][d][vo/gpu-next/libplacebo]     VK_KHR_fragment_shader_barycentric
[   4.066][d][vo/gpu-next/libplacebo]     VK_KHR_fragment_shading_rate
[   4.066][d][vo/gpu-next/libplacebo]     VK_KHR_get_memory_requirements2
[   4.066][d][vo/gpu-next/libplacebo]     VK_KHR_global_priority
[   4.066][d][vo/gpu-next/libplacebo]     VK_KHR_image_format_list
[   4.066][d][vo/gpu-next/libplacebo]     VK_KHR_imageless_framebuffer
[   4.066][d][vo/gpu-next/libplacebo]     VK_KHR_incremental_present
[   4.066][d][vo/gpu-next/libplacebo]     VK_KHR_index_type_uint8
[   4.066][d][vo/gpu-next/libplacebo]     VK_KHR_line_rasterization
[   4.066][d][vo/gpu-next/libplacebo]     VK_KHR_load_store_op_none
[   4.066][d][vo/gpu-next/libplacebo]     VK_KHR_maintenance1
[   4.066][d][vo/gpu-next/libplacebo]     VK_KHR_maintenance2
[   4.066][d][vo/gpu-next/libplacebo]     VK_KHR_maintenance3
[   4.066][d][vo/gpu-next/libplacebo]     VK_KHR_maintenance4
[   4.066][d][vo/gpu-next/libplacebo]     VK_KHR_maintenance5
[   4.066][d][vo/gpu-next/libplacebo]     VK_KHR_maintenance6
[   4.066][d][vo/gpu-next/libplacebo]     VK_KHR_maintenance7
[   4.066][d][vo/gpu-next/libplacebo]     VK_KHR_maintenance8
[   4.066][d][vo/gpu-next/libplacebo]     VK_KHR_maintenance9
[   4.066][d][vo/gpu-next/libplacebo]     VK_KHR_map_memory2
[   4.066][d][vo/gpu-next/libplacebo]     VK_KHR_multiview
[   4.066][d][vo/gpu-next/libplacebo]     VK_KHR_pipeline_binary
[   4.066][d][vo/gpu-next/libplacebo]     VK_KHR_pipeline_executable_properties
[   4.066][d][vo/gpu-next/libplacebo]     VK_KHR_pipeline_library
[   4.066][d][vo/gpu-next/libplacebo]     VK_KHR_present_id
[   4.066][d][vo/gpu-next/libplacebo]     VK_KHR_present_id2
[   4.066][d][vo/gpu-next/libplacebo]     VK_KHR_present_mode_fifo_latest_ready
[   4.066][d][vo/gpu-next/libplacebo]     VK_KHR_present_wait
[   4.066][d][vo/gpu-next/libplacebo]     VK_KHR_present_wait2
[   4.066][d][vo/gpu-next/libplacebo]     VK_KHR_push_descriptor
[   4.066][d][vo/gpu-next/libplacebo]     VK_KHR_ray_query
[   4.066][d][vo/gpu-next/libplacebo]     VK_KHR_ray_tracing_maintenance1
[   4.066][d][vo/gpu-next/libplacebo]     VK_KHR_ray_tracing_pipeline
[   4.066][d][vo/gpu-next/libplacebo]     VK_KHR_ray_tracing_position_fetch
[   4.066][d][vo/gpu-next/libplacebo]     VK_KHR_relaxed_block_layout
[   4.066][d][vo/gpu-next/libplacebo]     VK_KHR_robustness2
[   4.066][d][vo/gpu-next/libplacebo]     VK_KHR_sampler_mirror_clamp_to_edge
[   4.066][d][vo/gpu-next/libplacebo]     VK_KHR_sampler_ycbcr_conversion
[   4.066][d][vo/gpu-next/libplacebo]     VK_KHR_separate_depth_stencil_layouts
[   4.066][d][vo/gpu-next/libplacebo]     VK_KHR_shader_atomic_int64
[   4.066][d][vo/gpu-next/libplacebo]     VK_KHR_shader_bfloat16
[   4.066][d][vo/gpu-next/libplacebo]     VK_KHR_shader_clock
[   4.066][d][vo/gpu-next/libplacebo]     VK_KHR_shader_draw_parameters
[   4.066][d][vo/gpu-next/libplacebo]     VK_KHR_shader_expect_assume
[   4.066][d][vo/gpu-next/libplacebo]     VK_KHR_shader_float16_int8
[   4.066][d][vo/gpu-next/libplacebo]     VK_KHR_shader_float_controls
[   4.066][d][vo/gpu-next/libplacebo]     VK_KHR_shader_float_controls2
[   4.066][d][vo/gpu-next/libplacebo]     VK_KHR_shader_integer_dot_product
[   4.066][d][vo/gpu-next/libplacebo]     VK_KHR_shader_maximal_reconvergence
[   4.066][d][vo/gpu-next/libplacebo]     VK_KHR_shader_non_semantic_info
[   4.066][d][vo/gpu-next/libplacebo]     VK_KHR_shader_quad_control
[   4.066][d][vo/gpu-next/libplacebo]     VK_KHR_shader_relaxed_extended_instruction
[   4.066][d][vo/gpu-next/libplacebo]     VK_KHR_shader_subgroup_extended_types
[   4.066][d][vo/gpu-next/libplacebo]     VK_KHR_shader_subgroup_rotate
[   4.066][d][vo/gpu-next/libplacebo]     VK_KHR_shader_subgroup_uniform_control_flow
[   4.066][d][vo/gpu-next/libplacebo]     VK_KHR_shader_terminate_invocation
[   4.066][d][vo/gpu-next/libplacebo]     VK_KHR_shader_untyped_pointers
[   4.066][d][vo/gpu-next/libplacebo]     VK_KHR_shared_presentable_image
[   4.066][d][vo/gpu-next/libplacebo]     VK_KHR_spirv_1_4
[   4.066][d][vo/gpu-next/libplacebo]     VK_KHR_storage_buffer_storage_class
[   4.066][d][vo/gpu-next/libplacebo]     VK_KHR_swapchain
[   4.066][d][vo/gpu-next/libplacebo]     VK_KHR_swapchain_maintenance1
[   4.066][d][vo/gpu-next/libplacebo]     VK_KHR_swapchain_mutable_format
[   4.066][d][vo/gpu-next/libplacebo]     VK_KHR_synchronization2
[   4.066][d][vo/gpu-next/libplacebo]     VK_KHR_timeline_semaphore
[   4.066][d][vo/gpu-next/libplacebo]     VK_KHR_unified_image_layouts
[   4.066][d][vo/gpu-next/libplacebo]     VK_KHR_uniform_buffer_standard_layout
[   4.066][d][vo/gpu-next/libplacebo]     VK_KHR_variable_pointers
[   4.066][d][vo/gpu-next/libplacebo]     VK_KHR_vertex_attribute_divisor
[   4.066][d][vo/gpu-next/libplacebo]     VK_KHR_video_decode_h264
[   4.066][d][vo/gpu-next/libplacebo]     VK_KHR_video_decode_h265
[   4.066][d][vo/gpu-next/libplacebo]     VK_KHR_video_decode_queue
[   4.066][d][vo/gpu-next/libplacebo]     VK_KHR_video_decode_vp9
[   4.066][d][vo/gpu-next/libplacebo]     VK_KHR_video_encode_h264
[   4.066][d][vo/gpu-next/libplacebo]     VK_KHR_video_encode_h265
[   4.066][d][vo/gpu-next/libplacebo]     VK_KHR_video_encode_intra_refresh
[   4.066][d][vo/gpu-next/libplacebo]     VK_KHR_video_encode_quantization_map
[   4.066][d][vo/gpu-next/libplacebo]     VK_KHR_video_encode_queue
[   4.066][d][vo/gpu-next/libplacebo]     VK_KHR_video_maintenance1
[   4.066][d][vo/gpu-next/libplacebo]     VK_KHR_video_maintenance2
[   4.066][d][vo/gpu-next/libplacebo]     VK_KHR_video_queue
[   4.066][d][vo/gpu-next/libplacebo]     VK_KHR_vulkan_memory_model
[   4.066][d][vo/gpu-next/libplacebo]     VK_KHR_workgroup_memory_explicit_layout
[   4.066][d][vo/gpu-next/libplacebo]     VK_KHR_zero_initialize_workgroup_memory
[   4.066][d][vo/gpu-next/libplacebo]     VK_EXT_4444_formats
[   4.066][d][vo/gpu-next/libplacebo]     VK_EXT_attachment_feedback_loop_dynamic_state
[   4.066][d][vo/gpu-next/libplacebo]     VK_EXT_attachment_feedback_loop_layout
[   4.066][d][vo/gpu-next/libplacebo]     VK_EXT_blend_operation_advanced
[   4.066][d][vo/gpu-next/libplacebo]     VK_EXT_border_color_swizzle
[   4.066][d][vo/gpu-next/libplacebo]     VK_EXT_buffer_device_address
[   4.066][d][vo/gpu-next/libplacebo]     VK_EXT_calibrated_timestamps
[   4.066][d][vo/gpu-next/libplacebo]     VK_EXT_color_write_enable
[   4.066][d][vo/gpu-next/libplacebo]     VK_EXT_conditional_rendering
[   4.066][d][vo/gpu-next/libplacebo]     VK_EXT_conservative_rasterization
[   4.066][d][vo/gpu-next/libplacebo]     VK_EXT_custom_border_color
[   4.066][d][vo/gpu-next/libplacebo]     VK_EXT_depth_bias_control
[   4.066][d][vo/gpu-next/libplacebo]     VK_EXT_depth_clamp_control
[   4.066][d][vo/gpu-next/libplacebo]     VK_EXT_depth_clamp_zero_one
[   4.066][d][vo/gpu-next/libplacebo]     VK_EXT_depth_clip_control
[   4.066][d][vo/gpu-next/libplacebo]     VK_EXT_depth_clip_enable
[   4.066][d][vo/gpu-next/libplacebo]     VK_EXT_depth_range_unrestricted
[   4.066][d][vo/gpu-next/libplacebo]     VK_EXT_descriptor_buffer
[   4.066][d][vo/gpu-next/libplacebo]     VK_EXT_descriptor_indexing
[   4.066][d][vo/gpu-next/libplacebo]     VK_EXT_device_address_binding_report
[   4.066][d][vo/gpu-next/libplacebo]     VK_EXT_device_fault
[   4.066][d][vo/gpu-next/libplacebo]     VK_EXT_device_generated_commands
[   4.066][d][vo/gpu-next/libplacebo]     VK_EXT_discard_rectangles
[   4.066][d][vo/gpu-next/libplacebo]     VK_EXT_display_control
[   4.066][d][vo/gpu-next/libplacebo]     VK_EXT_dynamic_rendering_unused_attachments
[   4.066][d][vo/gpu-next/libplacebo]     VK_EXT_extended_dynamic_state
[   4.066][d][vo/gpu-next/libplacebo]     VK_EXT_extended_dynamic_state2
[   4.066][d][vo/gpu-next/libplacebo]     VK_EXT_extended_dynamic_state3
[   4.066][d][vo/gpu-next/libplacebo]     VK_EXT_external_memory_dma_buf
[   4.066][d][vo/gpu-next/libplacebo]     VK_EXT_external_memory_host
[   4.066][d][vo/gpu-next/libplacebo]     VK_EXT_fragment_shader_interlock
[   4.066][d][vo/gpu-next/libplacebo]     VK_EXT_global_priority
[   4.066][d][vo/gpu-next/libplacebo]     VK_EXT_global_priority_query
[   4.066][d][vo/gpu-next/libplacebo]     VK_EXT_graphics_pipeline_library
[   4.066][d][vo/gpu-next/libplacebo]     VK_EXT_host_image_copy
[   4.066][d][vo/gpu-next/libplacebo]     VK_EXT_host_query_reset
[   4.066][d][vo/gpu-next/libplacebo]     VK_EXT_image_2d_view_of_3d
[   4.066][d][vo/gpu-next/libplacebo]     VK_EXT_image_drm_format_modifier
[   4.066][d][vo/gpu-next/libplacebo]     VK_EXT_image_robustness
[   4.066][d][vo/gpu-next/libplacebo]     VK_EXT_image_sliced_view_of_3d
[   4.066][d][vo/gpu-next/libplacebo]     VK_EXT_image_view_min_lod
[   4.066][d][vo/gpu-next/libplacebo]     VK_EXT_index_type_uint8
[   4.066][d][vo/gpu-next/libplacebo]     VK_EXT_inline_uniform_block
[   4.066][d][vo/gpu-next/libplacebo]     VK_EXT_legacy_vertex_attributes
[   4.066][d][vo/gpu-next/libplacebo]     VK_EXT_line_rasterization
[   4.066][d][vo/gpu-next/libplacebo]     VK_EXT_load_store_op_none
[   4.066][d][vo/gpu-next/libplacebo]     VK_EXT_map_memory_placed
[   4.066][d][vo/gpu-next/libplacebo]     VK_EXT_memory_budget
[   4.066][d][vo/gpu-next/libplacebo]     VK_EXT_memory_priority
[   4.066][d][vo/gpu-next/libplacebo]     VK_EXT_mesh_shader
[   4.066][d][vo/gpu-next/libplacebo]     VK_EXT_multi_draw
[   4.066][d][vo/gpu-next/libplacebo]     VK_EXT_mutable_descriptor_type
[   4.066][d][vo/gpu-next/libplacebo]     VK_EXT_nested_command_buffer
[   4.066][d][vo/gpu-next/libplacebo]     VK_EXT_non_seamless_cube_map
[   4.066][d][vo/gpu-next/libplacebo]     VK_EXT_opacity_micromap
[   4.066][d][vo/gpu-next/libplacebo]     VK_EXT_pageable_device_local_memory
[   4.066][d][vo/gpu-next/libplacebo]     VK_EXT_pci_bus_info
[   4.066][d][vo/gpu-next/libplacebo]     VK_EXT_physical_device_drm
[   4.066][d][vo/gpu-next/libplacebo]     VK_EXT_pipeline_creation_cache_control
[   4.066][d][vo/gpu-next/libplacebo]     VK_EXT_pipeline_creation_feedback
[   4.066][d][vo/gpu-next/libplacebo]     VK_EXT_pipeline_library_group_handles
[   4.066][d][vo/gpu-next/libplacebo]     VK_EXT_pipeline_robustness
[   4.066][d][vo/gpu-next/libplacebo]     VK_EXT_post_depth_coverage
[   4.066][d][vo/gpu-next/libplacebo]     VK_EXT_present_mode_fifo_latest_ready
[   4.066][d][vo/gpu-next/libplacebo]     VK_EXT_primitive_topology_list_restart
[   4.066][d][vo/gpu-next/libplacebo]     VK_EXT_primitives_generated_query
[   4.066][d][vo/gpu-next/libplacebo]     VK_EXT_private_data
[   4.066][d][vo/gpu-next/libplacebo]     VK_EXT_provoking_vertex
[   4.066][d][vo/gpu-next/libplacebo]     VK_EXT_queue_family_foreign
[   4.066][d][vo/gpu-next/libplacebo]     VK_EXT_robustness2
[   4.066][d][vo/gpu-next/libplacebo]     VK_EXT_sample_locations
[   4.066][d][vo/gpu-next/libplacebo]     VK_EXT_sampler_filter_minmax
[   4.066][d][vo/gpu-next/libplacebo]     VK_EXT_scalar_block_layout
[   4.066][d][vo/gpu-next/libplacebo]     VK_EXT_separate_stencil_usage
[   4.066][d][vo/gpu-next/libplacebo]     VK_EXT_shader_atomic_float
[   4.066][d][vo/gpu-next/libplacebo]     VK_EXT_shader_demote_to_helper_invocation
[   4.066][d][vo/gpu-next/libplacebo]     VK_EXT_shader_image_atomic_int64
[   4.066][d][vo/gpu-next/libplacebo]     VK_EXT_shader_module_identifier
[   4.066][d][vo/gpu-next/libplacebo]     VK_EXT_shader_object
[   4.066][d][vo/gpu-next/libplacebo]     VK_EXT_shader_replicated_composites
[   4.066][d][vo/gpu-next/libplacebo]     VK_EXT_shader_subgroup_ballot
[   4.066][d][vo/gpu-next/libplacebo]     VK_EXT_shader_subgroup_vote
[   4.066][d][vo/gpu-next/libplacebo]     VK_EXT_shader_viewport_index_layer
[   4.066][d][vo/gpu-next/libplacebo]     VK_EXT_subgroup_size_control
[   4.066][d][vo/gpu-next/libplacebo]     VK_EXT_swapchain_maintenance1
[   4.066][d][vo/gpu-next/libplacebo]     VK_EXT_texel_buffer_alignment
[   4.066][d][vo/gpu-next/libplacebo]     VK_EXT_tooling_info
[   4.066][d][vo/gpu-next/libplacebo]     VK_EXT_transform_feedback
[   4.067][d][vo/gpu-next/libplacebo]     VK_EXT_vertex_attribute_divisor
[   4.067][d][vo/gpu-next/libplacebo]     VK_EXT_vertex_attribute_robustness
[   4.067][d][vo/gpu-next/libplacebo]     VK_EXT_vertex_input_dynamic_state
[   4.067][d][vo/gpu-next/libplacebo]     VK_EXT_ycbcr_2plane_444_formats
[   4.067][d][vo/gpu-next/libplacebo]     VK_EXT_ycbcr_image_arrays
[   4.067][d][vo/gpu-next/libplacebo]     VK_EXT_zero_initialize_device_memory
[   4.067][d][vo/gpu-next/libplacebo]     VK_NV_clip_space_w_scaling
[   4.067][d][vo/gpu-next/libplacebo]     VK_NV_cluster_acceleration_structure
[   4.067][d][vo/gpu-next/libplacebo]     VK_NV_compute_shader_derivatives
[   4.067][d][vo/gpu-next/libplacebo]     VK_NV_cooperative_matrix
[   4.067][d][vo/gpu-next/libplacebo]     VK_NV_cooperative_matrix2
[   4.067][d][vo/gpu-next/libplacebo]     VK_NV_cooperative_vector
[   4.067][d][vo/gpu-next/libplacebo]     VK_NV_copy_memory_indirect
[   4.067][d][vo/gpu-next/libplacebo]     VK_NV_corner_sampled_image
[   4.067][d][vo/gpu-next/libplacebo]     VK_NV_coverage_reduction_mode
[   4.067][d][vo/gpu-next/libplacebo]     VK_NV_cuda_kernel_launch
[   4.067][d][vo/gpu-next/libplacebo]     VK_NV_dedicated_allocation
[   4.067][d][vo/gpu-next/libplacebo]     VK_NV_dedicated_allocation_image_aliasing
[   4.067][d][vo/gpu-next/libplacebo]     VK_NV_descriptor_pool_overallocation
[   4.067][d][vo/gpu-next/libplacebo]     VK_NV_device_diagnostic_checkpoints
[   4.067][d][vo/gpu-next/libplacebo]     VK_NV_device_diagnostics_config
[   4.067][d][vo/gpu-next/libplacebo]     VK_NV_device_generated_commands
[   4.067][d][vo/gpu-next/libplacebo]     VK_NV_device_generated_commands_compute
[   4.067][d][vo/gpu-next/libplacebo]     VK_NV_disk_cache_utils
[   4.067][d][vo/gpu-next/libplacebo]     VK_NV_extended_sparse_address_space
[   4.067][d][vo/gpu-next/libplacebo]     VK_NV_fill_rectangle
[   4.067][d][vo/gpu-next/libplacebo]     VK_NV_fragment_coverage_to_color
[   4.067][d][vo/gpu-next/libplacebo]     VK_NV_fragment_shader_barycentric
[   4.067][d][vo/gpu-next/libplacebo]     VK_NV_fragment_shading_rate_enums
[   4.067][d][vo/gpu-next/libplacebo]     VK_NV_framebuffer_mixed_samples
[   4.067][d][vo/gpu-next/libplacebo]     VK_NV_geometry_shader_passthrough
[   4.067][d][vo/gpu-next/libplacebo]     VK_NV_inherited_viewport_scissor
[   4.067][d][vo/gpu-next/libplacebo]     VK_NV_internal_nvpresent
[   4.067][d][vo/gpu-next/libplacebo]     VK_NV_linear_color_attachment
[   4.067][d][vo/gpu-next/libplacebo]     VK_NV_low_latency
[   4.067][d][vo/gpu-next/libplacebo]     VK_NV_low_latency2
[   4.067][d][vo/gpu-next/libplacebo]     VK_NV_memory_decompression
[   4.067][d][vo/gpu-next/libplacebo]     VK_NV_mesh_shader
[   4.067][d][vo/gpu-next/libplacebo]     VK_NV_partitioned_acceleration_structure
[   4.067][d][vo/gpu-next/libplacebo]     VK_NV_present_metering
[   4.067][d][vo/gpu-next/libplacebo]     VK_NV_raw_access_chains
[   4.067][d][vo/gpu-next/libplacebo]     VK_NV_ray_tracing
[   4.067][d][vo/gpu-next/libplacebo]     VK_NV_ray_tracing_invocation_reorder
[   4.067][d][vo/gpu-next/libplacebo]     VK_NV_representative_fragment_test
[   4.067][d][vo/gpu-next/libplacebo]     VK_NV_sample_mask_override_coverage
[   4.067][d][vo/gpu-next/libplacebo]     VK_NV_scissor_exclusive
[   4.067][d][vo/gpu-next/libplacebo]     VK_NV_shader_atomic_float16_vector
[   4.067][d][vo/gpu-next/libplacebo]     VK_NV_shader_image_footprint
[   4.067][d][vo/gpu-next/libplacebo]     VK_NV_shader_sm_builtins
[   4.067][d][vo/gpu-next/libplacebo]     VK_NV_shader_subgroup_partitioned
[   4.067][d][vo/gpu-next/libplacebo]     VK_NV_shading_rate_image
[   4.067][d][vo/gpu-next/libplacebo]     VK_NV_viewport_array2
[   4.067][d][vo/gpu-next/libplacebo]     VK_NV_viewport_swizzle
[   4.067][d][vo/gpu-next/libplacebo]     VK_NVX_binary_import
[   4.067][d][vo/gpu-next/libplacebo]     VK_NVX_image_view_handle
[   4.067][d][vo/gpu-next/libplacebo]     VK_NVX_multiview_per_view_attributes
[   4.067][d][vo/gpu-next/libplacebo]     VK_AMD_buffer_marker
[   4.067][d][vo/gpu-next/libplacebo]     VK_GOOGLE_hlsl_functionality1
[   4.067][d][vo/gpu-next/libplacebo]     VK_GOOGLE_user_type
[   4.067][v][vo/gpu-next/libplacebo] Creating vulkan device with extensions:
[   4.067][v][vo/gpu-next/libplacebo]     VK_KHR_swapchain
[   4.067][v][vo/gpu-next/libplacebo]     VK_KHR_swapchain
[   4.067][v][vo/gpu-next/libplacebo]     VK_KHR_external_memory_fd
[   4.067][v][vo/gpu-next/libplacebo]     VK_EXT_external_memory_dma_buf
[   4.067][v][vo/gpu-next/libplacebo]     VK_EXT_external_memory_host
[   4.067][v][vo/gpu-next/libplacebo]     VK_KHR_external_semaphore_fd
[   4.067][v][vo/gpu-next/libplacebo]     VK_EXT_pci_bus_info
[   4.067][v][vo/gpu-next/libplacebo]     VK_EXT_image_drm_format_modifier
[   4.067][v][vo/gpu-next/libplacebo]     VK_EXT_descriptor_buffer
[   4.067][v][vo/gpu-next/libplacebo]     VK_EXT_shader_atomic_float
[   4.067][v][vo/gpu-next/libplacebo]     VK_KHR_dynamic_rendering
[   4.067][v][vo/gpu-next/libplacebo]     VK_KHR_video_decode_queue
[   4.067][v][vo/gpu-next/libplacebo]     VK_KHR_video_decode_h264
[   4.067][v][vo/gpu-next/libplacebo]     VK_KHR_video_decode_h265
[   4.067][v][vo/gpu-next/libplacebo]     VK_KHR_video_queue
[   4.067][v][vo/gpu-next/libplacebo]     VK_KHR_zero_initialize_workgroup_memory
[   4.067][v][vo/gpu-next/libplacebo]     VK_EXT_shader_object
[   4.067][v][vo/gpu-next/libplacebo]     VK_KHR_cooperative_matrix
[   4.067][v][vo/gpu-next/libplacebo]     VK_KHR_video_maintenance1
[   4.067][v][vo/gpu-next/libplacebo]     VK_KHR_shader_expect_assume
[   4.067][v][vo/gpu-next/libplacebo]     VK_KHR_shader_subgroup_rotate
[   4.067][v][vo/gpu-next/libplacebo]     VK_KHR_shader_relaxed_extended_instruction
[   4.067][v][vo/gpu-next/libplacebo]     VK_KHR_video_maintenance2
[   4.067][v][vo/gpu-next/libplacebo]     VK_KHR_video_decode_vp9
[   5.030][v][vo/gpu-next/libplacebo] Spent 963.272 ms creating vulkan device (slow!)
[   5.030][d][vo/gpu-next/libplacebo] Restricting QF 0 from 16 queues to 1
[   5.030][d][vo/gpu-next/libplacebo] Restricting QF 1 from 2 queues to 1
[   5.030][d][vo/gpu-next/libplacebo] Restricting QF 2 from 8 queues to 1
[   5.030][v][vo/gpu-next/libplacebo] Memory heaps supported by device:
[   5.030][v][vo/gpu-next/libplacebo]     0: flags 0x1 size 6144M
[   5.030][v][vo/gpu-next/libplacebo]     1: flags 0x0 size   11G
[   5.030][v][vo/gpu-next/libplacebo]     2: flags 0x1 size  246M
[   5.030][d][vo/gpu-next/libplacebo] Memory types supported by device:
[   5.030][d][vo/gpu-next/libplacebo]     0: flags 0x0 heap 1
[   5.030][d][vo/gpu-next/libplacebo]     1: flags 0x1 heap 0
[   5.030][d][vo/gpu-next/libplacebo]     2: flags 0x1 heap 0
[   5.030][d][vo/gpu-next/libplacebo]     3: flags 0x6 heap 1
[   5.030][d][vo/gpu-next/libplacebo]     4: flags 0xe heap 1
[   5.030][d][vo/gpu-next/libplacebo]     5: flags 0x7 heap 2
[   5.030][v][vo/gpu-next/libplacebo] Memory summary:     0 used     0 res     0 alloc, efficiency 100.00%, utilization 100.00%, max page:  384M
[   5.030][v][vo/gpu-next/libplacebo] shaderc SPIR-V version 1.6 rev 1
[   5.030][v][vo/gpu-next/libplacebo] Initialized SPIR-V compiler 'shaderc'
[   5.030][d][vo/gpu-next/libplacebo] DRM format modifier LINEAR of format r8 supports fewer caps (0x1dc03) than optimal tiling (0x1dd83), may result in limited capability!
[   5.030][d][vo/gpu-next/libplacebo] DRM format modifier LINEAR of format rg8 supports fewer caps (0x1dc03) than optimal tiling (0x1dd83), may result in limited capability!
[   5.030][d][vo/gpu-next/libplacebo] DRM format modifier LINEAR of format rgba8 supports fewer caps (0x1dc03) than optimal tiling (0x1dd83), may result in limited capability!
[   5.030][d][vo/gpu-next/libplacebo] DRM format modifier LINEAR of format rgba16hf supports fewer caps (0x1dc07) than optimal tiling (0x1dd87), may result in limited capability!
[   5.030][d][vo/gpu-next/libplacebo] DRM format modifier LINEAR of format rgba16f supports fewer caps (0x1dc07) than optimal tiling (0x1dd87), may result in limited capability!
[   5.030][d][vo/gpu-next/libplacebo] DRM format modifier LINEAR of format bgra8 supports fewer caps (0x1dc03) than optimal tiling (0x1dd83), may result in limited capability!
[   5.030][d][vo/gpu-next/libplacebo] DRM format modifier LINEAR of format bgr565 supports fewer caps (0x1dc01) than optimal tiling (0x1dd81), may result in limited capability!
[   5.030][d][vo/gpu-next/libplacebo] DRM format modifier LINEAR of format bgr5a1 supports fewer caps (0x1dc01) than optimal tiling (0x1dd81), may result in limited capability!
[   5.030][d][vo/gpu-next/libplacebo] DRM format modifier LINEAR of format rgb10a2 supports fewer caps (0x1dc03) than optimal tiling (0x1dd83), may result in limited capability!
[   5.030][d][vo/gpu-next/libplacebo] DRM format modifier LINEAR of format bgr10a2 supports fewer caps (0x1dc01) than optimal tiling (0x1dd81), may result in limited capability!
[   5.030][d][vo/gpu-next/libplacebo] Minimum texel alignment: 48
[   5.030][v][vo/gpu-next/libplacebo] GPU information:
[   5.030][v][vo/gpu-next/libplacebo]     GLSL version: 450 (vulkan)
[   5.030][v][vo/gpu-next/libplacebo]       max_shmem_size:            49152
[   5.030][v][vo/gpu-next/libplacebo]       max_group_threads:         1024
[   5.030][v][vo/gpu-next/libplacebo]       max_group_size[0]:         1024
[   5.030][v][vo/gpu-next/libplacebo]       max_group_size[1]:         1024
[   5.030][v][vo/gpu-next/libplacebo]       max_group_size[2]:         64
[   5.030][v][vo/gpu-next/libplacebo]       subgroup_size:             32
[   5.030][v][vo/gpu-next/libplacebo]       min_gather_offset:         -32
[   5.030][v][vo/gpu-next/libplacebo]       max_gather_offset:         31
[   5.030][v][vo/gpu-next/libplacebo]     Limits:
[   5.030][v][vo/gpu-next/libplacebo]       thread_safe:               1
[   5.030][v][vo/gpu-next/libplacebo]       callbacks:                 1
[   5.030][v][vo/gpu-next/libplacebo]       max_buf_size:              12507651072
[   5.030][v][vo/gpu-next/libplacebo]       max_ubo_size:              65536
[   5.030][v][vo/gpu-next/libplacebo]       max_ssbo_size:             4294967295
[   5.030][v][vo/gpu-next/libplacebo]       max_vbo_size:              6442450944
[   5.030][v][vo/gpu-next/libplacebo]       max_mapped_size:           12507651072
[   5.030][v][vo/gpu-next/libplacebo]       max_buffer_texels:         134217728
[   5.030][v][vo/gpu-next/libplacebo]       align_host_ptr:            4096
[   5.030][v][vo/gpu-next/libplacebo]       host_cached:               1
[   5.030][v][vo/gpu-next/libplacebo]       max_tex_1d_dim:            32768
[   5.030][v][vo/gpu-next/libplacebo]       max_tex_2d_dim:            32768
[   5.030][v][vo/gpu-next/libplacebo]       max_tex_3d_dim:            16384
[   5.030][v][vo/gpu-next/libplacebo]       blittable_1d_3d:           1
[   5.030][v][vo/gpu-next/libplacebo]       buf_transfer:              1
[   5.030][v][vo/gpu-next/libplacebo]       align_tex_xfer_pitch:      1
[   5.030][v][vo/gpu-next/libplacebo]       align_tex_xfer_offset:     4
[   5.030][v][vo/gpu-next/libplacebo]       max_variable_comps:        0
[   5.030][v][vo/gpu-next/libplacebo]       max_constants:             18446744073709551615
[   5.030][v][vo/gpu-next/libplacebo]       max_pushc_size:            256
[   5.030][v][vo/gpu-next/libplacebo]       align_vertex_stride:       1
[   5.030][v][vo/gpu-next/libplacebo]       max_dispatch[0]:           2147483647
[   5.030][v][vo/gpu-next/libplacebo]       max_dispatch[1]:           65535
[   5.030][v][vo/gpu-next/libplacebo]       max_dispatch[2]:           65535
[   5.030][v][vo/gpu-next/libplacebo]       fragment_queues:           1
[   5.030][v][vo/gpu-next/libplacebo]       compute_queues:            1
[   5.030][v][vo/gpu-next/libplacebo]     External API interop:
[   5.030][v][vo/gpu-next/libplacebo]       UUID: C2:A8:47:60:11:F8:EE:D1:33:09:86:B5:7C:98:8A:DE
[   5.030][v][vo/gpu-next/libplacebo]       PCI: 0000:0a:00:0
[   5.030][v][vo/gpu-next/libplacebo]       buf export caps: 0x19
[   5.030][v][vo/gpu-next/libplacebo]       buf import caps: 0x19
[   5.030][v][vo/gpu-next/libplacebo]       tex export caps: 0x19
[   5.030][v][vo/gpu-next/libplacebo]       tex import caps: 0x19
[   5.030][v][vo/gpu-next/libplacebo]       sync export caps: 0x1
[   5.030][v][vo/gpu-next/libplacebo]       sync import caps: 0x0
[   5.030][d][vo/gpu-next/libplacebo] GPU texture formats:
[   5.030][d][vo/gpu-next/libplacebo]     NAME                 TYPE   SIZE COMP CAPS         EMU DEPTH         HOST_BITS     GLSL_TYPE  GLSL_FMT   FOURCC
[   5.030][d][vo/gpu-next/libplacebo]     r8                   UNORM  1    R    SsLRbBVutHWG n   {8  0  0  0 } {8  0  0  0 } float      r8         R8    
[   5.030][d][vo/gpu-next/libplacebo]     r8s                  SNORM  1    R    SsLRbBVutHWG n   {8  0  0  0 } {8  0  0  0 } float      r8_snorm         
[   5.030][d][vo/gpu-next/libplacebo]     rg8                  UNORM  2    RG   SsLRbBVutHWG n   {8  8  0  0 } {8  8  0  0 } vec2       rg8        GR88  
[   5.030][d][vo/gpu-next/libplacebo]     rg8s                 SNORM  2    RG   SsLRbBVutHWG n   {8  8  0  0 } {8  8  0  0 } vec2       rg8_snorm        
[   5.030][d][vo/gpu-next/libplacebo]     rgba8                UNORM  4    RGBA SsLRbBVutHWG n   {8  8  8  8 } {8  8  8  8 } vec4       rgba8      AB24  
[   5.030][d][vo/gpu-next/libplacebo]     rgba8s               SNORM  4    RGBA SsLRbBVutHWG n   {8  8  8  8 } {8  8  8  8 } vec4       rgba8_snorm       
[   5.030][d][vo/gpu-next/libplacebo]     bgra8                UNORM  4    BGRA SsLRbBVutHWG n   {8  8  8  8 } {8  8  8  8 } vec4       rgba8      AR24  
[   5.030][d][vo/gpu-next/libplacebo]     rgb10a2              UNORM  4    RGBA SsLRbBVutHWG n   {10 10 10 2 } {10 10 10 2 } vec4       rgb10_a2   AB30  
[   5.030][d][vo/gpu-next/libplacebo]     r16                  UNORM  2    R    SsLRbBVutHWG n   {16 0  0  0 } {16 0  0  0 } float      r16        R16   
[   5.030][d][vo/gpu-next/libplacebo]     r16hf                FLOAT  2    R    SsLRbBVutHWG n   {16 0  0  0 } {16 0  0  0 } float      r16f             
[   5.031][d][vo/gpu-next/libplacebo]     r16s                 SNORM  2    R    SsLRbBVutHWG n   {16 0  0  0 } {16 0  0  0 } float      r16_snorm        
[   5.031][d][vo/gpu-next/libplacebo]     rg16                 UNORM  4    RG   SsLRbBVutHWG n   {16 16 0  0 } {16 16 0  0 } vec2       rg16       GR32  
[   5.031][d][vo/gpu-next/libplacebo]     rg16hf               FLOAT  4    RG   SsLRbBVutHWG n   {16 16 0  0 } {16 16 0  0 } vec2       rg16f            
[   5.031][d][vo/gpu-next/libplacebo]     rg16s                SNORM  4    RG   SsLRbBVutHWG n   {16 16 0  0 } {16 16 0  0 } vec2       rg16_snorm       
[   5.031][d][vo/gpu-next/libplacebo]     rgba16               UNORM  8    RGBA SsLRbBVutHWG n   {16 16 16 16} {16 16 16 16} vec4       rgba16     AB48  
[   5.031][d][vo/gpu-next/libplacebo]     rgba16hf             FLOAT  8    RGBA SsLRbBVutHWG n   {16 16 16 16} {16 16 16 16} vec4       rgba16f    AB4H  
[   5.031][d][vo/gpu-next/libplacebo]     rgba16s              SNORM  8    RGBA SsLRbBVutHWG n   {16 16 16 16} {16 16 16 16} vec4       rgba16_snorm       
[   5.031][d][vo/gpu-next/libplacebo]     r32f                 FLOAT  4    R    SsLRbBVutHWG n   {32 0  0  0 } {32 0  0  0 } float      r32f             
[   5.031][d][vo/gpu-next/libplacebo]     rg32f                FLOAT  8    RG   SsLRbBVutHWG n   {32 32 0  0 } {32 32 0  0 } vec2       rg32f            
[   5.031][d][vo/gpu-next/libplacebo]     rgba32f              FLOAT  16   RGBA SsLRbBVutHWG n   {32 32 32 32} {32 32 32 32} vec4       rgba32f          
[   5.031][d][vo/gpu-next/libplacebo]     bgr5a1               UNORM  2    BGRA S-LRbB-u-H-G n   {5  5  5  1 } {5  5  5  1 } vec4                  AR15  
[   5.031][d][vo/gpu-next/libplacebo]     bgr565               UNORM  2    BGR  S-LRbB-u-H-G n   {5  6  5  0 } {5  6  5  0 } vec3                  RG16  
[   5.031][d][vo/gpu-next/libplacebo]     bgr10a2              UNORM  4    BGRA S-LRbBVu-H-G n   {10 10 10 2 } {10 10 10 2 } vec4                  AR30  
[   5.031][d][vo/gpu-next/libplacebo]     r8i                  SINT   1    R    Ss-R-BVutHWG n   {8  0  0  0 } {8  0  0  0 } int        r8i              
[   5.031][d][vo/gpu-next/libplacebo]     r8u                  UINT   1    R    Ss-R-BVutHWG n   {8  0  0  0 } {8  0  0  0 } uint       r8ui             
[   5.031][d][vo/gpu-next/libplacebo]     rg8i                 SINT   2    RG   Ss-R-BVutHWG n   {8  8  0  0 } {8  8  0  0 } ivec2      rg8i             
[   5.031][d][vo/gpu-next/libplacebo]     rg8u                 UINT   2    RG   Ss-R-BVutHWG n   {8  8  0  0 } {8  8  0  0 } uvec2      rg8ui            
[   5.031][d][vo/gpu-next/libplacebo]     rgba8i               SINT   4    RGBA Ss-R-BVutHWG n   {8  8  8  8 } {8  8  8  8 } ivec4      rgba8i           
[   5.031][d][vo/gpu-next/libplacebo]     rgba8u               UINT   4    RGBA Ss-R-BVutHWG n   {8  8  8  8 } {8  8  8  8 } uvec4      rgba8ui          
[   5.031][d][vo/gpu-next/libplacebo]     rgb10a2u             UINT   4    RGBA Ss-R-BVutHWG n   {10 10 10 2 } {10 10 10 2 } uvec4      rgb10_a2ui       
[   5.031][d][vo/gpu-next/libplacebo]     r16i                 SINT   2    R    Ss-R-BVutHWG n   {16 0  0  0 } {16 0  0  0 } int        r16i             
[   5.031][d][vo/gpu-next/libplacebo]     r16u                 UINT   2    R    Ss-R-BVutHWG n   {16 0  0  0 } {16 0  0  0 } uint       r16ui            
[   5.031][d][vo/gpu-next/libplacebo]     rg16i                SINT   4    RG   Ss-R-BVutHWG n   {16 16 0  0 } {16 16 0  0 } ivec2      rg16i            
[   5.031][d][vo/gpu-next/libplacebo]     rg16u                UINT   4    RG   Ss-R-BVutHWG n   {16 16 0  0 } {16 16 0  0 } uvec2      rg16ui           
[   5.031][d][vo/gpu-next/libplacebo]     rgba16i              SINT   8    RGBA Ss-R-BVutHWG n   {16 16 16 16} {16 16 16 16} ivec4      rgba16i          
[   5.031][d][vo/gpu-next/libplacebo]     rgba16u              UINT   8    RGBA Ss-R-BVutHWG n   {16 16 16 16} {16 16 16 16} uvec4      rgba16ui         
[   5.031][d][vo/gpu-next/libplacebo]     r32i                 SINT   4    R    Ss-R-BVutHWG n   {32 0  0  0 } {32 0  0  0 } int        r32i             
[   5.031][d][vo/gpu-next/libplacebo]     r32u                 UINT   4    R    Ss-R-BVutHWG n   {32 0  0  0 } {32 0  0  0 } uint       r32ui            
[   5.031][d][vo/gpu-next/libplacebo]     rg32i                SINT   8    RG   Ss-R-BVutHWG n   {32 32 0  0 } {32 32 0  0 } ivec2      rg32i            
[   5.031][d][vo/gpu-next/libplacebo]     rg32u                UINT   8    RG   Ss-R-BVutHWG n   {32 32 0  0 } {32 32 0  0 } uvec2      rg32ui           
[   5.031][d][vo/gpu-next/libplacebo]     rgba32i              SINT   16   RGBA Ss-R-BVutHWG n   {32 32 32 32} {32 32 32 32} ivec4      rgba32i          
[   5.031][d][vo/gpu-next/libplacebo]     rgba32u              UINT   16   RGBA Ss-R-BVutHWG n   {32 32 32 32} {32 32 32 32} uvec4      rgba32ui         
[   5.031][d][vo/gpu-next/libplacebo]     a1rgb5               UNORM  2    ARGB S-L----u-H-G n   {1  5  5  5 } {1  5  5  5 } vec4                  BA15  
[   5.031][d][vo/gpu-next/libplacebo]     a1bgr5               UNORM  2    ABGR S-L----u-H-G n   {1  5  5  5 } {1  5  5  5 } vec4                  RA15  
[   5.031][d][vo/gpu-next/libplacebo]     gr4                  UNORM  1    GR   S-L----u-H-G n   {4  4  0  0 } {4  4  0  0 } vec2                        
[   5.031][d][vo/gpu-next/libplacebo]     argb4                UNORM  2    ARGB S-L----u-H-G n   {4  4  4  4 } {4  4  4  4 } vec4                  BA12  
[   5.031][d][vo/gpu-next/libplacebo]     abgr4                UNORM  2    ABGR S-L----u-H-G n   {4  4  4  4 } {4  4  4  4 } vec4                  RA12  
[   5.031][d][vo/gpu-next/libplacebo]     rgb565               UNORM  2    RGB  S-L----u-H-G n   {5  6  5  0 } {5  6  5  0 } vec3                  BG16  
[   5.031][d][vo/gpu-next/libplacebo]     rx10                 UNORM  2    R    S-L------H-G n   {10 0  0  0 } {16 0  0  0 }                             
[   5.031][d][vo/gpu-next/libplacebo]     rxgx10               UNORM  4    RG   S-L------H-G n   {10 10 0  0 } {16 16 0  0 }                             
[   5.031][d][vo/gpu-next/libplacebo]     rx12                 UNORM  2    R    S-L------H-G n   {12 0  0  0 } {16 0  0  0 }                             
[   5.031][d][vo/gpu-next/libplacebo]     rxgx12               UNORM  4    RG   S-L------H-G n   {12 12 0  0 } {16 16 0  0 }                             
[   5.031][d][vo/gpu-next/libplacebo]     bgra8i               SINT   4    BGRA S-----Vu-H-G n   {8  8  8  8 } {8  8  8  8 } ivec4                       
[   5.031][d][vo/gpu-next/libplacebo]     bgra8u               UINT   4    BGRA S-----Vu-H-G n   {8  8  8  8 } {8  8  8  8 } uvec4                       
[   5.031][d][vo/gpu-next/libplacebo]     bgr10a2u             UINT   4    BGRA S-----Vu-H-G n   {10 10 10 2 } {10 10 10 2 } uvec4                       
[   5.031][d][vo/gpu-next/libplacebo]     rgb8i                SINT   3    RGB  ------V--H-- n   {8  8  8  0 } {8  8  8  0 } ivec3                       
[   5.031][d][vo/gpu-next/libplacebo]     rgb8s                SNORM  3    RGB  ------V--H-- n   {8  8  8  0 } {8  8  8  0 } vec3                        
[   5.031][d][vo/gpu-next/libplacebo]     rgb8u                UINT   3    RGB  ------V--H-- n   {8  8  8  0 } {8  8  8  0 } uvec3                       
[   5.031][d][vo/gpu-next/libplacebo]     bgr8                 UNORM  3    BGR  ------V--H-- n   {8  8  8  0 } {8  8  8  0 } vec3                  RG24  
[   5.031][d][vo/gpu-next/libplacebo]     bgr8i                SINT   3    BGR  ------V--H-- n   {8  8  8  0 } {8  8  8  0 } ivec3                       
[   5.031][d][vo/gpu-next/libplacebo]     bgr8u                UINT   3    BGR  ------V--H-- n   {8  8  8  0 } {8  8  8  0 } uvec3                       
[   5.031][d][vo/gpu-next/libplacebo]     rgb10a2i             SINT   4    RGBA ------V--H-- n   {10 10 10 2 } {10 10 10 2 } ivec4                       
[   5.031][d][vo/gpu-next/libplacebo]     rgb10a2s             SNORM  4    RGBA ------V--H-- n   {10 10 10 2 } {10 10 10 2 } vec4                        
[   5.031][d][vo/gpu-next/libplacebo]     bgr10a2i             SINT   4    BGRA ------V--H-- n   {10 10 10 2 } {10 10 10 2 } ivec4                       
[   5.031][d][vo/gpu-next/libplacebo]     bgr10a2s             SNORM  4    BGRA ------V--H-- n   {10 10 10 2 } {10 10 10 2 } vec4                        
[   5.031][d][vo/gpu-next/libplacebo]     rgb16hf              FLOAT  6    RGB  ------V--H-- n   {16 16 16 0 } {16 16 16 0 } vec3                        
[   5.031][d][vo/gpu-next/libplacebo]     rgb16i               SINT   6    RGB  ------V--H-- n   {16 16 16 0 } {16 16 16 0 } ivec3                       
[   5.031][d][vo/gpu-next/libplacebo]     rgb16s               SNORM  6    RGB  ------V--H-- n   {16 16 16 0 } {16 16 16 0 } vec3                        
[   5.031][d][vo/gpu-next/libplacebo]     rgb16u               UINT   6    RGB  ------V--H-- n   {16 16 16 0 } {16 16 16 0 } uvec3                       
[   5.031][d][vo/gpu-next/libplacebo]     rgb32f               FLOAT  12   RGB  ------Vu-H-- n   {32 32 32 0 } {32 32 32 0 } vec3                        
[   5.031][d][vo/gpu-next/libplacebo]     rgb32i               SINT   12   RGB  ------Vu-H-- n   {32 32 32 0 } {32 32 32 0 } ivec3                       
[   5.031][d][vo/gpu-next/libplacebo]     rgb32u               UINT   12   RGB  ------Vu-H-- n   {32 32 32 0 } {32 32 32 0 } uvec3                       
[   5.031][d][vo/gpu-next/libplacebo]     rgb8                 UNORM  3    RGB  SsLRbBV--HWG y   {8  8  8  0 } {8  8  8  0 } vec3       rgba8      BG24  
[   5.031][d][vo/gpu-next/libplacebo]     rgb16                UNORM  6    RGB  SsLRbBV--HWG y   {16 16 16 0 } {16 16 16 0 } vec3       rgba16           
[   5.031][d][vo/gpu-next/libplacebo]     r16f                 FLOAT  4    R    SsLRbB---HWG y   {16 0  0  0 } {32 0  0  0 }            r16f             
[   5.031][d][vo/gpu-next/libplacebo]     rg16f                FLOAT  8    RG   SsLRbB---HWG y   {16 16 0  0 } {32 32 0  0 }            rg16f            
[   5.031][d][vo/gpu-next/libplacebo]     rgba16f              FLOAT  16   RGBA SsLRbB---HWG y   {16 16 16 16} {32 32 32 32}            rgba16f          
[   5.031][d][vo/gpu-next/libplacebo]     rgb16f               FLOAT  12   RGB  ---------H-- y   {16 16 16 0 } {32 32 32 0 }                             
[   5.031][d][vo/gpu-next/libplacebo]     g8_b8_r8_420         UNORM  0         ------------ n   {8  8  8  0 } {0  0  0  0 }                       YU12  
[   5.031][d][vo/gpu-next/libplacebo]     g8_b8_r8_422         UNORM  0         ------------ n   {8  8  8  0 } {0  0  0  0 }                       YU16  
[   5.031][d][vo/gpu-next/libplacebo]     g8_b8_r8_444         UNORM  0         ------------ n   {8  8  8  0 } {0  0  0  0 }                       YU24  
[   5.031][d][vo/gpu-next/libplacebo]     g8_br8_420           UNORM  0         ------------ n   {8  8  8  0 } {0  0  0  0 }                       NV12  
[   5.031][d][vo/gpu-next/libplacebo]     g8_br8_422           UNORM  0         ------------ n   {8  8  8  0 } {0  0  0  0 }                       NV16  
[   5.031][d][vo/gpu-next/libplacebo]     g8_br8_444           UNORM  0         ------------ n   {8  8  8  0 } {0  0  0  0 }                       NV24  
[   5.031][d][vo/gpu-next/libplacebo]     gx10_bx10_rx10_420   UNORM  0         ------------ n   {10 10 10 0 } {0  0  0  0 }                             
[   5.031][d][vo/gpu-next/libplacebo]     gx10_bx10_rx10_422   UNORM  0         ------------ n   {10 10 10 0 } {0  0  0  0 }                             
[   5.031][d][vo/gpu-next/libplacebo]     gx10_bx10_rx10_444   UNORM  0         ------------ n   {10 10 10 0 } {0  0  0  0 }                       Q410  
[   5.031][d][vo/gpu-next/libplacebo]     gx10_bxrx10_420      UNORM  0         ------------ n   {10 10 10 0 } {0  0  0  0 }                       P010  
[   5.031][d][vo/gpu-next/libplacebo]     gx10_bxrx10_422      UNORM  0         ------------ n   {10 10 10 0 } {0  0  0  0 }                       P210  
[   5.031][d][vo/gpu-next/libplacebo]     gx10_bxrx10_444      UNORM  0         ------------ n   {10 10 10 0 } {0  0  0  0 }                             
[   5.031][d][vo/gpu-next/libplacebo]     gx12_bx12_rx12_420   UNORM  0         ------------ n   {12 12 12 0 } {0  0  0  0 }                             
[   5.031][d][vo/gpu-next/libplacebo]     gx12_bx12_rx12_422   UNORM  0         ------------ n   {12 12 12 0 } {0  0  0  0 }                             
[   5.031][d][vo/gpu-next/libplacebo]     gx12_bx12_rx12_444   UNORM  0         ------------ n   {12 12 12 0 } {0  0  0  0 }                             
[   5.031][d][vo/gpu-next/libplacebo]     gx12_bxrx12_420      UNORM  0         ------------ n   {12 12 12 0 } {0  0  0  0 }                       P012  
[   5.031][d][vo/gpu-next/libplacebo]     gx12_bxrx12_422      UNORM  0         ------------ n   {12 12 12 0 } {0  0  0  0 }                             
[   5.031][d][vo/gpu-next/libplacebo]     gx12_bxrx12_444      UNORM  0         ------------ n   {12 12 12 0 } {0  0  0  0 }                             
[   5.031][d][vo/gpu-next/libplacebo]     g16_b16_r16_420      UNORM  0         ------------ n   {16 16 16 0 } {0  0  0  0 }                             
[   5.031][d][vo/gpu-next/libplacebo]     g16_b16_r16_422      UNORM  0         ------------ n   {16 16 16 0 } {0  0  0  0 }                             
[   5.031][d][vo/gpu-next/libplacebo]     g16_b16_r16_444      UNORM  0         ------------ n   {16 16 16 0 } {0  0  0  0 }                             
[   5.031][d][vo/gpu-next/libplacebo]     g16_br16_420         UNORM  0         ------------ n   {16 16 16 0 } {0  0  0  0 }                       P016  
[   5.031][d][vo/gpu-next/libplacebo]     g16_br16_422         UNORM  0         ------------ n   {16 16 16 0 } {0  0  0  0 }                             
[   5.031][d][vo/gpu-next/libplacebo]     g16_br16_444         UNORM  0         ------------ n   {16 16 16 0 } {0  0  0  0 }                             
[   5.031][v][vo/gpu-next/libplacebo] Available surface configurations:
[   5.031][v][vo/gpu-next/libplacebo]     0: VK_FORMAT_B8G8R8A8_UNORM                 VK_COLOR_SPACE_SRGB_NONLINEAR_KHR
[   5.031][v][vo/gpu-next/libplacebo]     1: VK_FORMAT_B8G8R8A8_SRGB                  VK_COLOR_SPACE_SRGB_NONLINEAR_KHR
[   5.031][v][vo/gpu-next/libplacebo] Picked surface configuration 0: VK_FORMAT_B8G8R8A8_UNORM + VK_COLOR_SPACE_SRGB_NONLINEAR_KHR
[   5.031][d][global] cache path: '' -> '/home/jawor/.cache/mpv'
[   5.031][d][global] cache path: '' -> '/home/jawor/.cache/mpv'
[   5.031][d][vo/gpu-next] Render options updated, resetting render state.
[   5.031][v][vo/gpu-next] Assuming 165.001490 FPS for display sync.
[   5.031][v][vd] Container reported FPS: 25.000000
[   5.032][v][vd] Codec list:
[   5.032][v][vd]     vp9 - Google VP9
[   5.032][v][vd]     vp9_v4l2m2m (vp9) - V4L2 mem2mem VP9 decoder wrapper
[   5.032][v][vd]     libvpx-vp9 (vp9) - libvpx VP9
[   5.032][v][vd]     vp9_amf (vp9) - VP9 AMD AMF video decoder
[   5.032][v][vd]     vp9_cuvid (vp9) - Nvidia CUVID VP9 decoder
[   5.032][v][vd]     vp9_qsv (vp9) - VP9 video (Intel Quick Sync Video acceleration)
[   5.032][v][vd] Opening decoder vp9
[   5.032][v][vd] Looking at hwdec vp9-nvdec...
[   5.032][v][vo/gpu-next] Loading hwdec drivers for format: 'cuda'
[   5.032][v][vo/gpu-next] Loading hwdec driver 'cuda'
[   5.178][v][vd] Trying hardware decoding via vp9-nvdec.
[   5.178][v][vd] Requesting 4 threads for decoding.
[   5.179][v][vd] Selected decoder: vp9 - Google VP9
[   5.179][v][vf] User filter list:
[   5.179][v][vf]   (empty)
[   5.179][v][ad] Codec list:
[   5.179][v][ad]     opus - Opus
[   5.179][v][ad]     libopus (opus) - libopus Opus
[   5.179][v][ad] Opening decoder opus
[   5.179][v][ad] Requesting 1 threads for decoding.
[   5.179][v][ad] Selected decoder: opus - Opus
[   5.179][v][af] User filter list:
[   5.179][v][af]   (empty)
[   5.180][v][cplayer] Starting playback...
[   5.180][d][global] state path: 'watch_later' -> '/home/jawor/.local/state/mpv/watch_later'
[   5.180][v][timeline] queuing seek to 77.360000
[   5.180][v][timeline] execute seek (to 77.360000 flags 32)
[   5.180][v][timeline] switch to segment 0
[   5.180][v][mkv] select track 0
[   5.180][v][mkv] queuing seek to 77.360000
[   5.180][v][mkv] execute seek (to 77.360000 flags 32)
[   5.180][v][ffmpeg] stream level seek from 32768 to 14599470
[   5.180][v][cplayer] hr-seek, skipping to 77.360000
[   5.180][i][mpvq_live_sync] Now playing: https://www.youtube.com/watch?v=ezv5DuvCk0E
[   5.180][d][osc] osc_init
[   5.180][d][global] config path: 'fonts' -/-> '/home/jawor/.config/mpv/fonts'
[   5.180][d][global] config path: 'fonts' -/-> '/home/jawor/.mpv/fonts'
[   5.180][d][global] config path: 'fonts' -/-> '/etc/mpv/fonts'
[   5.180][d][osd/libass] ASS library version: 0x1704000 (runtime 0x1704000)
[   5.180][v][osd/libass] libass API version: 0x1704000
[   5.180][v][osd/libass] libass source: commit: 0.17.4-0-gbbb3c7f1570a4a021e52683f3fbdf74fe492ae84
[   5.180][v][osd/libass] Shaper: FriBidi 1.0.16 (SIMPLE) HarfBuzz-ng 12.3.0 (COMPLEX)
[   5.180][d][global] config path: 'subfont.ttf' -/-> '/home/jawor/.config/mpv/subfont.ttf'
[   5.180][d][global] config path: 'subfont.ttf' -/-> '/home/jawor/.mpv/subfont.ttf'
[   5.180][d][global] config path: 'subfont.ttf' -/-> '/etc/mpv/subfont.ttf'
[   5.180][d][global] config path: 'fonts.conf' -/-> '/home/jawor/.config/mpv/fonts.conf'
[   5.180][d][global] config path: 'fonts.conf' -/-> '/home/jawor/.mpv/fonts.conf'
[   5.180][d][global] config path: 'fonts.conf' -/-> '/etc/mpv/fonts.conf'
[   5.180][v][osd/libass] Setting up fonts...
[   5.185][d][ffmpeg] tcp: Starting connection attempt to 213.158.221.145 port 443
[   5.189][v][osd/libass] Using font provider fontconfig
[   5.189][v][osd/libass] Done.
[   5.190][v][cplayer] Set property: user-data/osc/margins={"b":0,"r":0,"t":0,"l":0} -> 1
[   5.197][d][ffmpeg] tcp: Successfully connected to 213.158.221.145 port 443
[   5.207][d][osc] osc_init
[   5.207][v][cplayer] Set property: user-data/osc/margins={"b":0,"r":0,"t":0,"l":0} -> 1
[   5.230][v][mkv] seek done
[   5.380][v][timeline] adjust seek target from 77.360000 to 77.320000
[   5.380][v][timeline] switch to segment 0
[   5.380][v][mkv] select track 0
[   5.380][v][mkv] refresh track 0 (audio)
[   5.380][v][mkv] queuing seek to 77.320000
[   5.380][v][mkv] execute seek (to 77.320000 flags 32)
[   5.380][v][ffmpeg] stream level seek from 16384 to 1181738
[   5.382][d][ffmpeg] tcp: Starting connection attempt to 213.158.221.145 port 443
[   5.392][d][ffmpeg] tcp: Successfully connected to 213.158.221.145 port 443
[   5.421][v][mkv] seek done
[   5.421][v][timeline] seek done
[   5.422][d][timeline] stream 0: resize index to 128
[   5.422][v][af] [in] 48000Hz stereo 2ch floatp
[   5.422][v][af] [userspeed] 48000Hz stereo 2ch floatp
[   5.422][v][autoaspeed] adding scaletempo2
[   5.422][v][af] [convert] 48000Hz stereo 2ch floatp
[   5.422][v][ao] Trying audio driver 'pipewire'
[   5.422][v][ao/pipewire] requested format: 48000 Hz, stereo channels, floatp
[   5.422][v][ao/pipewire] Headers version: 1.4.9
[   5.422][v][ao/pipewire] Library version: 1.4.9
[   5.425][v][ao/pipewire] Core user: jawor
[   5.425][v][ao/pipewire] Core host: desktop
[   5.425][v][ao/pipewire] Core version: 1.4.9
[   5.425][v][ao/pipewire] Core name: pipewire-0
[   5.425][d][ao/pipewire] Stream state changed: old_state=unconnected state=connecting error=(null)
[   5.425][v][ao/pipewire] using soft-buffer of 9600 samples.
[   5.425][i][cplayer] AO: [pipewire] 48000Hz stereo 2ch floatp
[   5.425][v][cplayer] AO: Description: PipeWire audio output
[   5.426][v][af] [convert] (disabled)
[   5.426][v][af] [out] 48000Hz stereo 2ch floatp
[   5.426][d][ao/pipewire] Stream state changed: old_state=connecting state=paused error=(null)
[   5.451][v][vd] Pixel formats supported by decoder: cuda vaapi vdpau vulkan yuv420p
[   5.451][v][vd] Codec profile: Profile 0 (0x0)
[   5.453][v][vd] Requesting pixfmt 'cuda' from decoder.
[   5.467][d][ffmpeg/video] vp9: NVDEC capabilities:
[   5.467][d][ffmpeg/video] vp9: format supported: yes, max_mb_count: 262144
[   5.467][d][ffmpeg/video] vp9: min_width: 128, max_width: 8192
[   5.467][d][ffmpeg/video] vp9: min_height: 128, max_height: 8192
[   5.505][i][vd] Using hardware decoding (nvdec).
[   5.505][v][vd] Decoder format: 1920x1080 [0:1] cuda[nv12] bt.709/auto/auto/limited/auto CL=unknown crop=1920x1080+0+0 A=none
[   5.505][v][vd] Using container aspect ratio.
[   5.505][v][vf] [in] 1920x1080 cuda[nv12] bt.709/bt.709/bt.1886/limited/display CL=mpeg2/4/h264 crop=1920x1080+0+0 A=none
[   5.505][v][vf] [userdeint] 1920x1080 cuda[nv12] bt.709/bt.709/bt.1886/limited/display CL=mpeg2/4/h264 crop=1920x1080+0+0 A=none
[   5.505][v][vf] [userdeint] (disabled)
[   5.505][v][vf] [autovflip] 1920x1080 cuda[nv12] bt.709/bt.709/bt.1886/limited/display CL=mpeg2/4/h264 crop=1920x1080+0+0 A=none
[   5.505][v][vf] [autovflip] (disabled)
[   5.505][v][vf] [autorotate] 1920x1080 cuda[nv12] bt.709/bt.709/bt.1886/limited/display CL=mpeg2/4/h264 crop=1920x1080+0+0 A=none
[   5.505][v][vf] [autorotate] (disabled)
[   5.505][v][vf] [convert] 1920x1080 cuda[nv12] bt.709/bt.709/bt.1886/limited/display CL=mpeg2/4/h264 crop=1920x1080+0+0 A=none
[   5.505][v][vo/gpu-next] Loading hwdec drivers for format: 'cuda'
[   5.505][d][hwupload] looking at format cuda/nv12
[   5.505][d][hwupload]   supports: nv12 nv16 yuv420p yuva420p yuv444p p010 p016 p210 p216 yuv444p10msb yuv444p12msb yuv444p16 bgr0 rgb0 bgra rgba vulkan
[   5.505][d][hwupload] looking at format cuda/nv16
[   5.505][d][hwupload]   supports: nv12 nv16 yuv420p yuva420p yuv444p p010 p016 p210 p216 yuv444p10msb yuv444p12msb yuv444p16 bgr0 rgb0 bgra rgba vulkan
[   5.505][d][hwupload] looking at format cuda/yuv420p
[   5.505][d][hwupload]   supports: nv12 nv16 yuv420p yuva420p yuv444p p010 p016 p210 p216 yuv444p10msb yuv444p12msb yuv444p16 bgr0 rgb0 bgra rgba vulkan
[   5.505][d][hwupload] looking at format cuda/yuva420p
[   5.505][d][hwupload]   supports: nv12 nv16 yuv420p yuva420p yuv444p p010 p016 p210 p216 yuv444p10msb yuv444p12msb yuv444p16 bgr0 rgb0 bgra rgba vulkan
[   5.505][d][hwupload] looking at format cuda/yuv444p
[   5.505][d][hwupload]   supports: nv12 nv16 yuv420p yuva420p yuv444p p010 p016 p210 p216 yuv444p10msb yuv444p12msb yuv444p16 bgr0 rgb0 bgra rgba vulkan
[   5.505][d][hwupload] looking at format cuda/p010
[   5.505][d][hwupload]   supports: nv12 nv16 yuv420p yuva420p yuv444p p010 p016 p210 p216 yuv444p10msb yuv444p12msb yuv444p16 bgr0 rgb0 bgra rgba vulkan
[   5.505][d][hwupload] looking at format cuda/p016
[   5.505][d][hwupload]   supports: nv12 nv16 yuv420p yuva420p yuv444p p010 p016 p210 p216 yuv444p10msb yuv444p12msb yuv444p16 bgr0 rgb0 bgra rgba vulkan
[   5.505][d][hwupload] looking at format cuda/p210
[   5.505][d][hwupload]   supports: nv12 nv16 yuv420p yuva420p yuv444p p010 p016 p210 p216 yuv444p10msb yuv444p12msb yuv444p16 bgr0 rgb0 bgra rgba vulkan
[   5.505][d][hwupload] looking at format cuda/p216
[   5.505][d][hwupload]   supports: nv12 nv16 yuv420p yuva420p yuv444p p010 p016 p210 p216 yuv444p10msb yuv444p12msb yuv444p16 bgr0 rgb0 bgra rgba vulkan
[   5.505][d][hwupload] looking at format cuda/yuv444p10msb
[   5.505][d][hwupload]   supports: nv12 nv16 yuv420p yuva420p yuv444p p010 p016 p210 p216 yuv444p10msb yuv444p12msb yuv444p16 bgr0 rgb0 bgra rgba vulkan
[   5.505][d][hwupload] looking at format cuda/yuv444p12msb
[   5.505][d][hwupload]   supports: nv12 nv16 yuv420p yuva420p yuv444p p010 p016 p210 p216 yuv444p10msb yuv444p12msb yuv444p16 bgr0 rgb0 bgra rgba vulkan
[   5.505][d][hwupload] looking at format cuda/yuv444p16
[   5.505][d][hwupload]   supports: nv12 nv16 yuv420p yuva420p yuv444p p010 p016 p210 p216 yuv444p10msb yuv444p12msb yuv444p16 bgr0 rgb0 bgra rgba vulkan
[   5.505][d][hwupload] looking at format cuda/bgr0
[   5.505][d][hwupload]   supports: nv12 nv16 yuv420p yuva420p yuv444p p010 p016 p210 p216 yuv444p10msb yuv444p12msb yuv444p16 bgr0 rgb0 bgra rgba vulkan
[   5.505][d][hwupload] looking at format cuda/rgb0
[   5.505][d][hwupload]   supports: nv12 nv16 yuv420p yuva420p yuv444p p010 p016 p210 p216 yuv444p10msb yuv444p12msb yuv444p16 bgr0 rgb0 bgra rgba vulkan
[   5.505][d][hwupload] looking at format cuda/bgra
[   5.505][d][hwupload]   supports: nv12 nv16 yuv420p yuva420p yuv444p p010 p016 p210 p216 yuv444p10msb yuv444p12msb yuv444p16 bgr0 rgb0 bgra rgba vulkan
[   5.505][d][hwupload] looking at format cuda/rgba
[   5.505][d][hwupload]   supports: nv12 nv16 yuv420p yuva420p yuv444p p010 p016 p210 p216 yuv444p10msb yuv444p12msb yuv444p16 bgr0 rgb0 bgra rgba vulkan
[   5.505][d][hwupload] looking at format cuda/vulkan
[   5.505][d][hwupload]   supports vulkan (a hardware format)
[   5.505][v][vf] [out] 1920x1080 cuda[nv12] bt.709/bt.709/bt.1886/limited/display CL=mpeg2/4/h264 crop=1920x1080+0+0 A=none
[   5.507][d][osc] osc_init
[   5.507][v][cplayer] Set property: user-data/osc/margins={"b":0,"r":0,"t":0,"l":0} -> 1
[   5.541][i][cplayer] VO: [gpu-next] 1920x1080 cuda[nv12]
[   5.541][v][cplayer] VO: Description: Video output based on libplacebo
[   5.541][v][vo/gpu-next] reconfig to 1920x1080 cuda[nv12] bt.709/bt.709/bt.1886/limited/display CL=mpeg2/4/h264 crop=1920x1080+0+0 A=none
[   5.541][d][vo/gpu-next] max content size: 2400x1350
[   5.541][d][vo/gpu-next] monitor size: 2400x1350
[   5.542][v][vo/gpu-next/x11] Current display FPS: 74.972503
[   5.551][v][vo/gpu-next/x11] Current display FPS: 165.001490
[   5.551][v][vo/gpu-next/x11] not waiting for MapNotify
[   5.551][d][vo/gpu-next/libplacebo] Requested alpha compositing mode: VK_COMPOSITE_ALPHA_OPAQUE_BIT_KHR
[   5.551][d][vo/gpu-next/libplacebo] Requested surface transform: VK_SURFACE_TRANSFORM_IDENTITY_BIT_KHR
[   5.551][d][vo/gpu-next/libplacebo] Requested image count: 3 (min 3 max 8)
[   5.551][d][vo/gpu-next/libplacebo] Requested image size: 2552x1394 (min 2552x1394 < cur 2552x1394 < max 2552x1394)
[   5.551][d][vo/gpu-next/libplacebo] (Re)creating swapchain of size 2552x1394
[   5.611][v][vo/gpu-next] Window size: 2552x1394 (Borders: l=0 t=0 r=0 b=0)
[   5.611][v][vo/gpu-next] Video source: 1920x1080 (1:1)
[   5.611][v][vo/gpu-next] Video display: (0, 0) 1920x1080 -> (37, 0) 2478x1394
[   5.611][v][vo/gpu-next] Video scale: 1.290625/1.290741
[   5.611][v][vo/gpu-next] OSD borders: l=37 t=0 r=37 b=0
[   5.611][v][vo/gpu-next] Video borders: l=37 t=0 r=37 b=0
[   5.612][d][vo/gpu-next/libplacebo] First frame received with non-zero PTS 77.360000
[   5.612][d][vo/gpu-next/libplacebo] Allocating 8847360 memory of type 0x1 (id 1) in heap 0: unknown
[   5.612][d][vo/gpu-next/libplacebo] Spent 0.288 ms allocating slab
[   5.615][d][vo/gpu-next/libplacebo] LUT invalidated, regenerating..
[   5.615][d][vo/gpu-next/libplacebo] Spent 0.002 ms generating shader LUT
[   5.615][d][vo/gpu-next/libplacebo] Allocating 262144 memory of type 0x1 (id 1) in heap 0: src/shaders/sampling.c:1028
[   5.615][d][vo/gpu-next/libplacebo] Spent 0.201 ms allocating slab
[   5.615][d][vo/gpu-next/libplacebo] Allocating 258048 memory of type 0x7 (id 5) in heap 2: ../src/gpu/utils.c:575
[   5.616][d][vo/gpu-next/libplacebo] Spent 0.167 ms allocating slab
[   5.616][d][vo/gpu-next/libplacebo] (Re)creating 960x1080x0 texture with format rg16hf: src/renderer.c:762
[   5.616][d][vo/gpu-next/libplacebo] Allocating 4423680 memory of type 0x1 (id 1) in heap 0: src/renderer.c:762
[   5.616][d][vo/gpu-next/libplacebo] Spent 0.073 ms allocating slab
[   5.616][d][vo/gpu-next/libplacebo] vertex shader source:
[   5.616][d][vo/gpu-next/libplacebo] [  1] #version 450
[   5.616][d][vo/gpu-next/libplacebo] [  2] #extension GL_KHR_shader_subgroup_basic : enable 
[   5.616][d][vo/gpu-next/libplacebo] [  3] #extension GL_KHR_shader_subgroup_vote : enable 
[   5.616][d][vo/gpu-next/libplacebo] [  4] #extension GL_KHR_shader_subgroup_arithmetic : enable 
[   5.616][d][vo/gpu-next/libplacebo] [  5] #extension GL_KHR_shader_subgroup_ballot : enable 
[   5.616][d][vo/gpu-next/libplacebo] [  6] #extension GL_KHR_shader_subgroup_shuffle : enable 
[   5.616][d][vo/gpu-next/libplacebo] [  7] #extension GL_KHR_shader_subgroup_clustered : enable 
[   5.616][d][vo/gpu-next/libplacebo] [  8] #extension GL_KHR_shader_subgroup_quad : enable 
[   5.616][d][vo/gpu-next/libplacebo] [  9] #extension GL_ARB_texture_gather : enable
[   5.616][d][vo/gpu-next/libplacebo] [ 10] layout(std430, push_constant) uniform PushC {
[   5.616][d][vo/gpu-next/libplacebo] [ 11]     layout(offset=0) vec2 _4;
[   5.616][d][vo/gpu-next/libplacebo] [ 12] };
[   5.616][d][vo/gpu-next/libplacebo] [ 13] layout(constant_id=0) const float _8 = 1; 
[   5.616][d][vo/gpu-next/libplacebo] [ 14] layout(constant_id=1) const float _9 = 1; 
[   5.616][d][vo/gpu-next/libplacebo] [ 15] layout(constant_id=2) const float _b = 1; 
[   5.616][d][vo/gpu-next/libplacebo] [ 16] layout(constant_id=3) const float _c = 1; 
[   5.616][d][vo/gpu-next/libplacebo] [ 17] layout(constant_id=4) const uint _d = 1; 
[   5.616][d][vo/gpu-next/libplacebo] [ 18] layout(constant_id=5) const float _e = 1; 
[   5.616][d][vo/gpu-next/libplacebo] [ 19] layout(constant_id=6) const float _f = 1; 
[   5.616][d][vo/gpu-next/libplacebo] [ 20] layout(binding=0) uniform  sampler2D _2;
[   5.616][d][vo/gpu-next/libplacebo] [ 21] layout(binding=1) uniform  sampler2D _6;
[   5.616][d][vo/gpu-next/libplacebo] [ 22] layout(location=0) in vec2 _12;
[   5.616][d][vo/gpu-next/libplacebo] [ 23] layout(location=0) out vec2 _3;
[   5.616][d][vo/gpu-next/libplacebo] [ 24] layout(location=1) in vec2 _13;
[   5.616][d][vo/gpu-next/libplacebo] [ 25] void main() {
[   5.616][d][vo/gpu-next/libplacebo] [ 26] _3 = _12;
[   5.616][d][vo/gpu-next/libplacebo] [ 27] vec2 va_pos = _13; 
[   5.616][d][vo/gpu-next/libplacebo] [ 28] gl_Position = vec4(va_pos, 0.0, 1.0); 
[   5.616][d][vo/gpu-next/libplacebo] [ 29] }
[   5.616][d][vo/gpu-next/libplacebo] fragment shader source:
[   5.616][d][vo/gpu-next/libplacebo] [  1] #version 450
[   5.616][d][vo/gpu-next/libplacebo] [  2] #extension GL_KHR_shader_subgroup_basic : enable 
[   5.616][d][vo/gpu-next/libplacebo] [  3] #extension GL_KHR_shader_subgroup_vote : enable 
[   5.616][d][vo/gpu-next/libplacebo] [  4] #extension GL_KHR_shader_subgroup_arithmetic : enable 
[   5.616][d][vo/gpu-next/libplacebo] [  5] #extension GL_KHR_shader_subgroup_ballot : enable 
[   5.616][d][vo/gpu-next/libplacebo] [  6] #extension GL_KHR_shader_subgroup_shuffle : enable 
[   5.616][d][vo/gpu-next/libplacebo] [  7] #extension GL_KHR_shader_subgroup_clustered : enable 
[   5.616][d][vo/gpu-next/libplacebo] [  8] #extension GL_KHR_shader_subgroup_quad : enable 
[   5.616][d][vo/gpu-next/libplacebo] [  9] #extension GL_ARB_texture_gather : enable
[   5.616][d][vo/gpu-next/libplacebo] [ 10] layout(std430, push_constant) uniform PushC {
[   5.616][d][vo/gpu-next/libplacebo] [ 11]     layout(offset=0) vec2 _4;
[   5.616][d][vo/gpu-next/libplacebo] [ 12] };
[   5.616][d][vo/gpu-next/libplacebo] [ 13] layout(constant_id=0) const float _8 = 1; 
[   5.616][d][vo/gpu-next/libplacebo] [ 14] layout(constant_id=1) const float _9 = 1; 
[   5.616][d][vo/gpu-next/libplacebo] [ 15] layout(constant_id=2) const float _b = 1; 
[   5.616][d][vo/gpu-next/libplacebo] [ 16] layout(constant_id=3) const float _c = 1; 
[   5.616][d][vo/gpu-next/libplacebo] [ 17] layout(constant_id=4) const uint _d = 1; 
[   5.616][d][vo/gpu-next/libplacebo] [ 18] layout(constant_id=5) const float _e = 1; 
[   5.616][d][vo/gpu-next/libplacebo] [ 19] layout(constant_id=6) const float _f = 1; 
[   5.616][d][vo/gpu-next/libplacebo] [ 20] layout(binding=0) uniform  sampler2D _2;
[   5.616][d][vo/gpu-next/libplacebo] [ 21] layout(binding=1) uniform  sampler2D _6;
[   5.616][d][vo/gpu-next/libplacebo] [ 22] layout(location=0) in vec2 _3;
[   5.616][d][vo/gpu-next/libplacebo] [ 23] layout(location=0) out vec4 out_color;
[   5.616][d][vo/gpu-next/libplacebo] [ 24] 
[   5.616][d][vo/gpu-next/libplacebo] [ 25] #define _7(x) (_9 * (x) + _8) 
[   5.616][d][vo/gpu-next/libplacebo] [ 26] #define _a(x) (_c * (x) + _b) 
[   5.616][d][vo/gpu-next/libplacebo] [ 27] #define _5(pos) (textureLod(_6, vec2(\
[   5.616][d][vo/gpu-next/libplacebo] [ 28]     _7(vec2(pos).x)\
[   5.616][d][vo/gpu-next/libplacebo] [ 29]    ,_a(vec2(pos).y)\
[   5.616][d][vo/gpu-next/libplacebo] [ 30]   ), 0.0).xyzw)
[   5.616][d][vo/gpu-next/libplacebo] [ 31] vec4 _1() {
[   5.616][d][vo/gpu-next/libplacebo] [ 32] 
[   5.616][d][vo/gpu-next/libplacebo] [ 33] vec4 color = vec4(0.0, 0.0, 0.0, 1.0);
[   5.616][d][vo/gpu-next/libplacebo] [ 34] {
[   5.616][d][vo/gpu-next/libplacebo] [ 35] vec2 pos = _3, pt = _4;
[   5.616][d][vo/gpu-next/libplacebo] [ 36] vec2 size = vec2(textureSize(_2, 0));
[   5.616][d][vo/gpu-next/libplacebo] [ 37] vec2 dir = vec2(float(0), float(1));
[   5.616][d][vo/gpu-next/libplacebo] [ 38] pt *= dir;
[   5.616][d][vo/gpu-next/libplacebo] [ 39] vec2 fcoord2 = fract(pos * size - vec2(0.5));
[   5.616][d][vo/gpu-next/libplacebo] [ 40] float fcoord = dot(fcoord2, dir);
[   5.616][d][vo/gpu-next/libplacebo] [ 41] vec2 base = pos - fcoord * pt - pt * vec2(float(2));
[   5.616][d][vo/gpu-next/libplacebo] [ 42] vec4 ws;
[   5.616][d][vo/gpu-next/libplacebo] [ 43] float off;
[   5.616][d][vo/gpu-next/libplacebo] [ 44] vec2 c, ca = vec2(0.0);
[   5.616][d][vo/gpu-next/libplacebo] [ 45] #pragma unroll 4
[   5.616][d][vo/gpu-next/libplacebo] [ 46] for (uint n = 0u; n < _d; n += uint(1)) {
[   5.616][d][vo/gpu-next/libplacebo] [ 47] if (n % 4u == 0u)
[   5.616][d][vo/gpu-next/libplacebo] [ 48] ws = _5(vec2(float(n / 4u) / float(1), fcoord));
[   5.616][d][vo/gpu-next/libplacebo] [ 49] off = float(n);
[   5.616][d][vo/gpu-next/libplacebo] [ 50] c = textureLod(_2, base + pt * off, 0.0).rg;
[   5.616][d][vo/gpu-next/libplacebo] [ 51] ca += ws[n % 4u] * c;
[   5.616][d][vo/gpu-next/libplacebo] [ 52] }
[   5.616][d][vo/gpu-next/libplacebo] [ 53] color.rg = _f * ca;
[   5.616][d][vo/gpu-next/libplacebo] [ 54] }
[   5.616][d][vo/gpu-next/libplacebo] [ 55] return color;
[   5.616][d][vo/gpu-next/libplacebo] [ 56] }
[   5.616][d][vo/gpu-next/libplacebo] [ 57] 
[   5.616][d][vo/gpu-next/libplacebo] [ 58] void main() {
[   5.616][d][vo/gpu-next/libplacebo] [ 59] out_color = _1();
[   5.616][d][vo/gpu-next/libplacebo] [ 60] }
[   5.616][d][vo/gpu-next/libplacebo] Specialization constant values:
[   5.616][d][vo/gpu-next/libplacebo]   constant_id=0: 0.250000
[   5.616][d][vo/gpu-next/libplacebo]   constant_id=1: 0.500000
[   5.616][d][vo/gpu-next/libplacebo]   constant_id=2: 0.001953
[   5.616][d][vo/gpu-next/libplacebo]   constant_id=3: 0.996094
[   5.616][d][vo/gpu-next/libplacebo]   constant_id=4: 6
[   5.616][d][vo/gpu-next/libplacebo]   constant_id=5: 0.000000
[   5.616][d][vo/gpu-next/libplacebo]   constant_id=6: 1.000000
[   5.616][d][vo/gpu-next] cache_load_obj: key(512389f13fadb6f4), size(748), load time(0.036 ms)
[   5.616][d][vo/gpu-next/libplacebo] Re-using cached SPIR-V object 0x512389f13fadb6f4
[   5.616][d][vo/gpu-next] cache_load_obj: key(7d9e64c84e2b1d9d), size(2200), load time(0.019 ms)
[   5.616][d][vo/gpu-next/libplacebo] Re-using cached SPIR-V object 0x7d9e64c84e2b1d9d
[   5.616][d][vo/gpu-next] cache_load_obj: key(d7db62dd2679c581), size(15826), load time(0.021 ms)
[   5.616][d][vo/gpu-next/libplacebo] Spent 0.004 ms compiling shader
[   5.616][d][vo/gpu-next] cache_save_obj: key(512389f13fadb6f4), size(748)
[   5.616][d][vo/gpu-next] cache_save_obj: key(7d9e64c84e2b1d9d), size(2200)
[   5.616][d][vo/gpu-next/libplacebo] Spent 0.138 ms creating pipeline
[   5.616][d][vo/gpu-next] cache_save_obj: key(d7db62dd2679c581), size(15826)
[   5.616][d][vo/gpu-next/libplacebo] Pass statistics: size 0, SPIR-V: vert 0 frag 0 comp 0
[   5.616][d][vo/gpu-next/libplacebo] Allocating 258048 memory of type 0x7 (id 5) in heap 2: ../src/gpu/utils.c:1173
[   5.617][d][vo/gpu-next/libplacebo] Spent 0.165 ms allocating slab
[   5.617][d][vo/gpu-next/libplacebo] LUT invalidated, regenerating..
[   5.617][d][vo/gpu-next/libplacebo] Spent 0.002 ms generating shader LUT
[   5.617][d][vo/gpu-next/libplacebo] (Re)creating 1920x1080x0 texture with format rgba16hf: src/renderer.c:2018
[   5.617][d][vo/gpu-next/libplacebo] Allocating 17694720 memory of type 0x1 (id 1) in heap 0: src/renderer.c:2018
[   5.617][d][vo/gpu-next/libplacebo] Spent 0.186 ms allocating slab
[   5.617][d][vo/gpu-next/libplacebo] vertex shader source:
[   5.617][d][vo/gpu-next/libplacebo] [  1] #version 450
[   5.617][d][vo/gpu-next/libplacebo] [  2] #extension GL_KHR_shader_subgroup_basic : enable 
[   5.617][d][vo/gpu-next/libplacebo] [  3] #extension GL_KHR_shader_subgroup_vote : enable 
[   5.617][d][vo/gpu-next/libplacebo] [  4] #extension GL_KHR_shader_subgroup_arithmetic : enable 
[   5.617][d][vo/gpu-next/libplacebo] [  5] #extension GL_KHR_shader_subgroup_ballot : enable 
[   5.617][d][vo/gpu-next/libplacebo] [  6] #extension GL_KHR_shader_subgroup_shuffle : enable 
[   5.617][d][vo/gpu-next/libplacebo] [  7] #extension GL_KHR_shader_subgroup_clustered : enable 
[   5.617][d][vo/gpu-next/libplacebo] [  8] #extension GL_KHR_shader_subgroup_quad : enable 
[   5.617][d][vo/gpu-next/libplacebo] [  9] #extension GL_ARB_texture_gather : enable
[   5.617][d][vo/gpu-next/libplacebo] [ 10] layout(std430, push_constant) uniform PushC {
[   5.617][d][vo/gpu-next/libplacebo] [ 11]     layout(offset=0) vec2 _4004;
[   5.617][d][vo/gpu-next/libplacebo] [ 12]     layout(offset=16) vec3 _7;
[   5.617][d][vo/gpu-next/libplacebo] [ 13]     layout(offset=32) mat3 _6;
[   5.617][d][vo/gpu-next/libplacebo] [ 14] };
[   5.617][d][vo/gpu-next/libplacebo] [ 15] layout(constant_id=0) const float _2 = 1; 
[   5.617][d][vo/gpu-next/libplacebo] [ 16] layout(constant_id=1) const float _3 = 1; 
[   5.617][d][vo/gpu-next/libplacebo] [ 17] layout(constant_id=2) const float _8004 = 1; 
[   5.617][d][vo/gpu-next/libplacebo] [ 18] layout(constant_id=3) const float _4 = 1; 
[   5.617][d][vo/gpu-next/libplacebo] [ 19] layout(constant_id=4) const float _4008 = 1; 
[   5.617][d][vo/gpu-next/libplacebo] [ 20] layout(constant_id=5) const float _4009 = 1; 
[   5.617][d][vo/gpu-next/libplacebo] [ 21] layout(constant_id=6) const float _400b = 1; 
[   5.617][d][vo/gpu-next/libplacebo] [ 22] layout(constant_id=7) const float _400c = 1; 
[   5.617][d][vo/gpu-next/libplacebo] [ 23] layout(constant_id=8) const uint _400d = 1; 
[   5.617][d][vo/gpu-next/libplacebo] [ 24] layout(constant_id=9) const float _400e = 1; 
[   5.617][d][vo/gpu-next/libplacebo] [ 25] layout(constant_id=10) const float _400f = 1; 
[   5.617][d][vo/gpu-next/libplacebo] [ 26] layout(constant_id=11) const float _5 = 1; 
[   5.617][d][vo/gpu-next/libplacebo] [ 27] layout(constant_id=12) const float _8 = 1; 
[   5.617][d][vo/gpu-next/libplacebo] [ 28] layout(constant_id=13) const float _9 = 1; 
[   5.617][d][vo/gpu-next/libplacebo] [ 29] layout(constant_id=14) const float _a = 1; 
[   5.617][d][vo/gpu-next/libplacebo] [ 30] layout(constant_id=15) const float _b = 1; 
[   5.617][d][vo/gpu-next/libplacebo] [ 31] layout(constant_id=16) const float _c = 1; 
[   5.617][d][vo/gpu-next/libplacebo] [ 32] layout(constant_id=17) const float _d = 1; 
[   5.617][d][vo/gpu-next/libplacebo] [ 33] layout(binding=0) uniform  sampler2D _8002;
[   5.617][d][vo/gpu-next/libplacebo] [ 34] layout(binding=1) uniform  sampler2D _4002;
[   5.617][d][vo/gpu-next/libplacebo] [ 35] layout(binding=2) uniform  sampler2D _4006;
[   5.617][d][vo/gpu-next/libplacebo] [ 36] layout(location=0) in vec2 _10;
[   5.617][d][vo/gpu-next/libplacebo] [ 37] layout(location=0) out vec2 _8003;
[   5.617][d][vo/gpu-next/libplacebo] [ 38] layout(location=1) in vec2 _11;
[   5.617][d][vo/gpu-next/libplacebo] [ 39] layout(location=1) out vec2 _4003;
[   5.617][d][vo/gpu-next/libplacebo] [ 40] layout(location=2) in vec2 _12;
[   5.617][d][vo/gpu-next/libplacebo] [ 41] void main() {
[   5.617][d][vo/gpu-next/libplacebo] [ 42] _8003 = _10;
[   5.617][d][vo/gpu-next/libplacebo] [ 43] _4003 = _11;
[   5.617][d][vo/gpu-next/libplacebo] [ 44] vec2 va_pos = _12; 
[   5.617][d][vo/gpu-next/libplacebo] [ 45] gl_Position = vec4(va_pos, 0.0, 1.0); 
[   5.617][d][vo/gpu-next/libplacebo] [ 46] }
[   5.617][d][vo/gpu-next/libplacebo] fragment shader source:
[   5.617][d][vo/gpu-next/libplacebo] [  1] #version 450
[   5.617][d][vo/gpu-next/libplacebo] [  2] #extension GL_KHR_shader_subgroup_basic : enable 
[   5.617][d][vo/gpu-next/libplacebo] [  3] #extension GL_KHR_shader_subgroup_vote : enable 
[   5.617][d][vo/gpu-next/libplacebo] [  4] #extension GL_KHR_shader_subgroup_arithmetic : enable 
[   5.617][d][vo/gpu-next/libplacebo] [  5] #extension GL_KHR_shader_subgroup_ballot : enable 
[   5.617][d][vo/gpu-next/libplacebo] [  6] #extension GL_KHR_shader_subgroup_shuffle : enable 
[   5.617][d][vo/gpu-next/libplacebo] [  7] #extension GL_KHR_shader_subgroup_clustered : enable 
[   5.617][d][vo/gpu-next/libplacebo] [  8] #extension GL_KHR_shader_subgroup_quad : enable 
[   5.617][d][vo/gpu-next/libplacebo] [  9] #extension GL_ARB_texture_gather : enable
[   5.617][d][vo/gpu-next/libplacebo] [ 10] layout(std430, push_constant) uniform PushC {
[   5.617][d][vo/gpu-next/libplacebo] [ 11]     layout(offset=0) vec2 _4004;
[   5.617][d][vo/gpu-next/libplacebo] [ 12]     layout(offset=16) vec3 _7;
[   5.617][d][vo/gpu-next/libplacebo] [ 13]     layout(offset=32) mat3 _6;
[   5.617][d][vo/gpu-next/libplacebo] [ 14] };
[   5.617][d][vo/gpu-next/libplacebo] [ 15] layout(constant_id=0) const float _2 = 1; 
[   5.617][d][vo/gpu-next/libplacebo] [ 16] layout(constant_id=1) const float _3 = 1; 
[   5.617][d][vo/gpu-next/libplacebo] [ 17] layout(constant_id=2) const float _8004 = 1; 
[   5.617][d][vo/gpu-next/libplacebo] [ 18] layout(constant_id=3) const float _4 = 1; 
[   5.617][d][vo/gpu-next/libplacebo] [ 19] layout(constant_id=4) const float _4008 = 1; 
[   5.617][d][vo/gpu-next/libplacebo] [ 20] layout(constant_id=5) const float _4009 = 1; 
[   5.617][d][vo/gpu-next/libplacebo] [ 21] layout(constant_id=6) const float _400b = 1; 
[   5.617][d][vo/gpu-next/libplacebo] [ 22] layout(constant_id=7) const float _400c = 1; 
[   5.617][d][vo/gpu-next/libplacebo] [ 23] layout(constant_id=8) const uint _400d = 1; 
[   5.617][d][vo/gpu-next/libplacebo] [ 24] layout(constant_id=9) const float _400e = 1; 
[   5.617][d][vo/gpu-next/libplacebo] [ 25] layout(constant_id=10) const float _400f = 1; 
[   5.617][d][vo/gpu-next/libplacebo] [ 26] layout(constant_id=11) const float _5 = 1; 
[   5.617][d][vo/gpu-next/libplacebo] [ 27] layout(constant_id=12) const float _8 = 1; 
[   5.617][d][vo/gpu-next/libplacebo] [ 28] layout(constant_id=13) const float _9 = 1; 
[   5.617][d][vo/gpu-next/libplacebo] [ 29] layout(constant_id=14) const float _a = 1; 
[   5.617][d][vo/gpu-next/libplacebo] [ 30] layout(constant_id=15) const float _b = 1; 
[   5.617][d][vo/gpu-next/libplacebo] [ 31] layout(constant_id=16) const float _c = 1; 
[   5.617][d][vo/gpu-next/libplacebo] [ 32] layout(constant_id=17) const float _d = 1; 
[   5.617][d][vo/gpu-next/libplacebo] [ 33] layout(binding=0) uniform  sampler2D _8002;
[   5.617][d][vo/gpu-next/libplacebo] [ 34] layout(binding=1) uniform  sampler2D _4002;
[   5.617][d][vo/gpu-next/libplacebo] [ 35] layout(binding=2) uniform  sampler2D _4006;
[   5.617][d][vo/gpu-next/libplacebo] [ 36] layout(location=0) in vec2 _8003;
[   5.617][d][vo/gpu-next/libplacebo] [ 37] layout(location=1) in vec2 _4003;
[   5.617][d][vo/gpu-next/libplacebo] [ 38] layout(location=0) out vec4 out_color;
[   5.617][d][vo/gpu-next/libplacebo] [ 39] 
[   5.617][d][vo/gpu-next/libplacebo] [ 40] vec4 _8001() {
[   5.617][d][vo/gpu-next/libplacebo] [ 41] // pl_shader_sample_direct                            
[   5.617][d][vo/gpu-next/libplacebo] [ 42] vec4 color = vec4(_8004) * textureLod(_8002, _8003, 0.0);   
[   5.617][d][vo/gpu-next/libplacebo] [ 43] return color;
[   5.617][d][vo/gpu-next/libplacebo] [ 44] }
[   5.617][d][vo/gpu-next/libplacebo] [ 45] 
[   5.617][d][vo/gpu-next/libplacebo] [ 46] #define _4007(x) (_4009 * (x) + _4008) 
[   5.617][d][vo/gpu-next/libplacebo] [ 47] #define _400a(x) (_400c * (x) + _400b) 
[   5.617][d][vo/gpu-next/libplacebo] [ 48] #define _4005(pos) (textureLod(_4006, vec2(\
[   5.617][d][vo/gpu-next/libplacebo] [ 49]     _4007(vec2(pos).x)\
[   5.617][d][vo/gpu-next/libplacebo] [ 50]    ,_400a(vec2(pos).y)\
[   5.617][d][vo/gpu-next/libplacebo] [ 51]   ), 0.0).xyzw)
[   5.617][d][vo/gpu-next/libplacebo] [ 52] vec4 _4001() {
[   5.617][d][vo/gpu-next/libplacebo] [ 53] 
[   5.617][d][vo/gpu-next/libplacebo] [ 54] vec4 color = vec4(0.0, 0.0, 0.0, 1.0);
[   5.617][d][vo/gpu-next/libplacebo] [ 55] {
[   5.617][d][vo/gpu-next/libplacebo] [ 56] vec2 pos = _4003, pt = _4004;
[   5.617][d][vo/gpu-next/libplacebo] [ 57] vec2 size = vec2(textureSize(_4002, 0));
[   5.617][d][vo/gpu-next/libplacebo] [ 58] vec2 dir = vec2(float(1), float(0));
[   5.617][d][vo/gpu-next/libplacebo] [ 59] pt *= dir;
[   5.617][d][vo/gpu-next/libplacebo] [ 60] vec2 fcoord2 = fract(pos * size - vec2(0.5));
[   5.617][d][vo/gpu-next/libplacebo] [ 61] float fcoord = dot(fcoord2, dir);
[   5.617][d][vo/gpu-next/libplacebo] [ 62] vec2 base = pos - fcoord * pt - pt * vec2(float(2));
[   5.617][d][vo/gpu-next/libplacebo] [ 63] vec4 ws;
[   5.617][d][vo/gpu-next/libplacebo] [ 64] float off;
[   5.617][d][vo/gpu-next/libplacebo] [ 65] vec2 c, ca = vec2(0.0);
[   5.617][d][vo/gpu-next/libplacebo] [ 66] #pragma unroll 4
[   5.617][d][vo/gpu-next/libplacebo] [ 67] for (uint n = 0u; n < _400d; n += uint(1)) {
[   5.617][d][vo/gpu-next/libplacebo] [ 68] if (n % 4u == 0u)
[   5.617][d][vo/gpu-next/libplacebo] [ 69] ws = _4005(vec2(float(n / 4u) / float(1), fcoord));
[   5.617][d][vo/gpu-next/libplacebo] [ 70] off = float(n);
[   5.617][d][vo/gpu-next/libplacebo] [ 71] c = textureLod(_4002, base + pt * off, 0.0).rg;
[   5.617][d][vo/gpu-next/libplacebo] [ 72] ca += ws[n % 4u] * c;
[   5.617][d][vo/gpu-next/libplacebo] [ 73] }
[   5.617][d][vo/gpu-next/libplacebo] [ 74] color.rg = _400f * ca;
[   5.617][d][vo/gpu-next/libplacebo] [ 75] }
[   5.617][d][vo/gpu-next/libplacebo] [ 76] return color;
[   5.617][d][vo/gpu-next/libplacebo] [ 77] }
[   5.617][d][vo/gpu-next/libplacebo] [ 78] 
[   5.617][d][vo/gpu-next/libplacebo] [ 79] vec4 _1() {
[   5.617][d][vo/gpu-next/libplacebo] [ 80] vec4 color = vec4(_3, vec2(_2), 1.0);   
[   5.617][d][vo/gpu-next/libplacebo] [ 81] // pass_read_image                        
[   5.617][d][vo/gpu-next/libplacebo] [ 82] {                                         
[   5.617][d][vo/gpu-next/libplacebo] [ 83] vec4 tmp;                                 
[   5.617][d][vo/gpu-next/libplacebo] [ 84] tmp = vec4(_4) * _8001(); 
[   5.617][d][vo/gpu-next/libplacebo] [ 85] color[0] = tmp[0];
[   5.617][d][vo/gpu-next/libplacebo] [ 86] tmp = vec4(_5) * _4001(); 
[   5.617][d][vo/gpu-next/libplacebo] [ 87] color[1] = tmp[0];
[   5.617][d][vo/gpu-next/libplacebo] [ 88] color[2] = tmp[1];
[   5.617][d][vo/gpu-next/libplacebo] [ 89] }
[   5.617][d][vo/gpu-next/libplacebo] [ 90] // pl_shader_decode_color 
[   5.617][d][vo/gpu-next/libplacebo] [ 91] { 
[   5.617][d][vo/gpu-next/libplacebo] [ 92] color.rgb = _6 * color.rgb + _7; 
[   5.617][d][vo/gpu-next/libplacebo] [ 93] }
[   5.617][d][vo/gpu-next/libplacebo] [ 94] // pl_shader_linearize           
[   5.617][d][vo/gpu-next/libplacebo] [ 95] color.rgb = max(color.rgb, 0.0); 
[   5.617][d][vo/gpu-next/libplacebo] [ 96] color.rgb = _9 * pow(color.rgb + vec3(_8), vec3(2.4)); 
[   5.617][d][vo/gpu-next/libplacebo] [ 97] // pl_shader_sigmoidize                                 
[   5.617][d][vo/gpu-next/libplacebo] [ 98] color.rgb = clamp(color.rgb, 0.0, 1.0);                 
[   5.617][d][vo/gpu-next/libplacebo] [ 99] color.rgb = vec3(_d) - vec3(_c) *                     
[   5.617][d][vo/gpu-next/libplacebo] [100]     log(vec3(1.0) / (color.rgb * vec3(_b) + vec3(_a)) 
[   5.617][d][vo/gpu-next/libplacebo] [101]         - vec3(1.0));                                   
[   5.617][d][vo/gpu-next/libplacebo] [102] return color;
[   5.617][d][vo/gpu-next/libplacebo] [103] }
[   5.617][d][vo/gpu-next/libplacebo] [104] 
[   5.617][d][vo/gpu-next/libplacebo] [105] void main() {
[   5.617][d][vo/gpu-next/libplacebo] [106] out_color = _1();
[   5.617][d][vo/gpu-next/libplacebo] [107] }
[   5.617][d][vo/gpu-next/libplacebo] Specialization constant values:
[   5.617][d][vo/gpu-next/libplacebo]   constant_id=0: 0.501961
[   5.617][d][vo/gpu-next/libplacebo]   constant_id=1: 0.062745
[   5.617][d][vo/gpu-next/libplacebo]   constant_id=2: 1.000000
[   5.617][d][vo/gpu-next/libplacebo]   constant_id=3: 1.000000
[   5.617][d][vo/gpu-next/libplacebo]   constant_id=4: 0.250000
[   5.617][d][vo/gpu-next/libplacebo]   constant_id=5: 0.500000
[   5.617][d][vo/gpu-next/libplacebo]   constant_id=6: 0.001953
[   5.617][d][vo/gpu-next/libplacebo]   constant_id=7: 0.996094
[   5.617][d][vo/gpu-next/libplacebo]   constant_id=8: 6
[   5.617][d][vo/gpu-next/libplacebo]   constant_id=9: 0.000000
[   5.617][d][vo/gpu-next/libplacebo]   constant_id=10: 1.000000
[   5.617][d][vo/gpu-next/libplacebo]   constant_id=11: 1.000000
[   5.617][d][vo/gpu-next/libplacebo]   constant_id=12: 0.059585
[   5.617][d][vo/gpu-next/libplacebo]   constant_id=13: 0.870311
[   5.617][d][vo/gpu-next/libplacebo]   constant_id=14: 0.007577
[   5.617][d][vo/gpu-next/libplacebo]   constant_id=15: 0.827906
[   5.617][d][vo/gpu-next/libplacebo]   constant_id=16: 0.153846
[   5.617][d][vo/gpu-next/libplacebo]   constant_id=17: 0.750000
[   5.618][d][vo/gpu-next] cache_load_obj: key(6a7ca05bf109f35f), size(848), load time(0.021 ms)
[   5.618][d][vo/gpu-next/libplacebo] Re-using cached SPIR-V object 0x6a7ca05bf109f35f
[   5.618][d][vo/gpu-next] cache_load_obj: key(cf488fb107778be8), size(4648), load time(0.011 ms)
[   5.618][d][vo/gpu-next/libplacebo] Re-using cached SPIR-V object 0xcf488fb107778be8
[   5.618][d][vo/gpu-next] cache_load_obj: key(581fcf8c5be555fa), size(28680), load time(0.033 ms)
[   5.618][d][vo/gpu-next/libplacebo] Spent 0.009 ms compiling shader
[   5.618][d][vo/gpu-next] cache_save_obj: key(6a7ca05bf109f35f), size(848)
[   5.618][d][vo/gpu-next] cache_save_obj: key(cf488fb107778be8), size(4648)
[   5.618][d][vo/gpu-next/libplacebo] Spent 0.111 ms creating pipeline
[   5.618][d][vo/gpu-next] cache_save_obj: key(581fcf8c5be555fa), size(28680)
[   5.618][d][vo/gpu-next/libplacebo] Pass statistics: size 0, SPIR-V: vert 0 frag 0 comp 0
[   5.618][d][vo/gpu-next/libplacebo] LUT invalidated, regenerating..
[   5.618][d][vo/gpu-next/libplacebo] Spent 0.002 ms generating shader LUT
[   5.618][d][vo/gpu-next/libplacebo] (Re)creating 1920x1394x0 texture with format rgba16hf: src/renderer.c:762
[   5.618][d][vo/gpu-next/libplacebo] Allocating 21626880 memory of type 0x1 (id 1) in heap 0: src/renderer.c:762
[   5.618][d][vo/gpu-next/libplacebo] Spent 0.320 ms allocating slab
[   5.618][d][vo/gpu-next/libplacebo] vertex shader source:
[   5.618][d][vo/gpu-next/libplacebo] [  1] #version 450
[   5.618][d][vo/gpu-next/libplacebo] [  2] #extension GL_KHR_shader_subgroup_basic : enable 
[   5.618][d][vo/gpu-next/libplacebo] [  3] #extension GL_KHR_shader_subgroup_vote : enable 
[   5.618][d][vo/gpu-next/libplacebo] [  4] #extension GL_KHR_shader_subgroup_arithmetic : enable 
[   5.618][d][vo/gpu-next/libplacebo] [  5] #extension GL_KHR_shader_subgroup_ballot : enable 
[   5.618][d][vo/gpu-next/libplacebo] [  6] #extension GL_KHR_shader_subgroup_shuffle : enable 
[   5.618][d][vo/gpu-next/libplacebo] [  7] #extension GL_KHR_shader_subgroup_clustered : enable 
[   5.618][d][vo/gpu-next/libplacebo] [  8] #extension GL_KHR_shader_subgroup_quad : enable 
[   5.618][d][vo/gpu-next/libplacebo] [  9] #extension GL_ARB_texture_gather : enable
[   5.618][d][vo/gpu-next/libplacebo] [ 10] layout(std430, push_constant) uniform PushC {
[   5.618][d][vo/gpu-next/libplacebo] [ 11]     layout(offset=0) vec2 _4;
[   5.618][d][vo/gpu-next/libplacebo] [ 12] };
[   5.618][d][vo/gpu-next/libplacebo] [ 13] layout(constant_id=0) const float _8 = 1; 
[   5.618][d][vo/gpu-next/libplacebo] [ 14] layout(constant_id=1) const float _9 = 1; 
[   5.618][d][vo/gpu-next/libplacebo] [ 15] layout(constant_id=2) const float _b = 1; 
[   5.618][d][vo/gpu-next/libplacebo] [ 16] layout(constant_id=3) const float _c = 1; 
[   5.618][d][vo/gpu-next/libplacebo] [ 17] layout(constant_id=4) const uint _d = 1; 
[   5.618][d][vo/gpu-next/libplacebo] [ 18] layout(constant_id=5) const float _e = 1; 
[   5.618][d][vo/gpu-next/libplacebo] [ 19] layout(constant_id=6) const float _f = 1; 
[   5.618][d][vo/gpu-next/libplacebo] [ 20] layout(binding=0) uniform  sampler2D _2;
[   5.618][d][vo/gpu-next/libplacebo] [ 21] layout(binding=1) uniform  sampler2D _6;
[   5.618][d][vo/gpu-next/libplacebo] [ 22] layout(location=0) in vec2 _12;
[   5.618][d][vo/gpu-next/libplacebo] [ 23] layout(location=0) out vec2 _3;
[   5.618][d][vo/gpu-next/libplacebo] [ 24] layout(location=1) in vec2 _13;
[   5.618][d][vo/gpu-next/libplacebo] [ 25] void main() {
[   5.618][d][vo/gpu-next/libplacebo] [ 26] _3 = _12;
[   5.618][d][vo/gpu-next/libplacebo] [ 27] vec2 va_pos = _13; 
[   5.618][d][vo/gpu-next/libplacebo] [ 28] gl_Position = vec4(va_pos, 0.0, 1.0); 
[   5.618][d][vo/gpu-next/libplacebo] [ 29] }
[   5.618][d][vo/gpu-next/libplacebo] fragment shader source:
[   5.618][d][vo/gpu-next/libplacebo] [  1] #version 450
[   5.618][d][vo/gpu-next/libplacebo] [  2] #extension GL_KHR_shader_subgroup_basic : enable 
[   5.618][d][vo/gpu-next/libplacebo] [  3] #extension GL_KHR_shader_subgroup_vote : enable 
[   5.618][d][vo/gpu-next/libplacebo] [  4] #extension GL_KHR_shader_subgroup_arithmetic : enable 
[   5.618][d][vo/gpu-next/libplacebo] [  5] #extension GL_KHR_shader_subgroup_ballot : enable 
[   5.618][d][vo/gpu-next/libplacebo] [  6] #extension GL_KHR_shader_subgroup_shuffle : enable 
[   5.618][d][vo/gpu-next/libplacebo] [  7] #extension GL_KHR_shader_subgroup_clustered : enable 
[   5.618][d][vo/gpu-next/libplacebo] [  8] #extension GL_KHR_shader_subgroup_quad : enable 
[   5.618][d][vo/gpu-next/libplacebo] [  9] #extension GL_ARB_texture_gather : enable
[   5.618][d][vo/gpu-next/libplacebo] [ 10] layout(std430, push_constant) uniform PushC {
[   5.618][d][vo/gpu-next/libplacebo] [ 11]     layout(offset=0) vec2 _4;
[   5.618][d][vo/gpu-next/libplacebo] [ 12] };
[   5.618][d][vo/gpu-next/libplacebo] [ 13] layout(constant_id=0) const float _8 = 1; 
[   5.618][d][vo/gpu-next/libplacebo] [ 14] layout(constant_id=1) const float _9 = 1; 
[   5.618][d][vo/gpu-next/libplacebo] [ 15] layout(constant_id=2) const float _b = 1; 
[   5.618][d][vo/gpu-next/libplacebo] [ 16] layout(constant_id=3) const float _c = 1; 
[   5.618][d][vo/gpu-next/libplacebo] [ 17] layout(constant_id=4) const uint _d = 1; 
[   5.618][d][vo/gpu-next/libplacebo] [ 18] layout(constant_id=5) const float _e = 1; 
[   5.618][d][vo/gpu-next/libplacebo] [ 19] layout(constant_id=6) const float _f = 1; 
[   5.618][d][vo/gpu-next/libplacebo] [ 20] layout(binding=0) uniform  sampler2D _2;
[   5.618][d][vo/gpu-next/libplacebo] [ 21] layout(binding=1) uniform  sampler2D _6;
[   5.618][d][vo/gpu-next/libplacebo] [ 22] layout(location=0) in vec2 _3;
[   5.618][d][vo/gpu-next/libplacebo] [ 23] layout(location=0) out vec4 out_color;
[   5.618][d][vo/gpu-next/libplacebo] [ 24] 
[   5.618][d][vo/gpu-next/libplacebo] [ 25] #define _7(x) (_9 * (x) + _8) 
[   5.618][d][vo/gpu-next/libplacebo] [ 26] #define _a(x) (_c * (x) + _b) 
[   5.618][d][vo/gpu-next/libplacebo] [ 27] #define _5(pos) (textureLod(_6, vec2(\
[   5.618][d][vo/gpu-next/libplacebo] [ 28]     _7(vec2(pos).x)\
[   5.618][d][vo/gpu-next/libplacebo] [ 29]    ,_a(vec2(pos).y)\
[   5.618][d][vo/gpu-next/libplacebo] [ 30]   ), 0.0).xyzw)
[   5.618][d][vo/gpu-next/libplacebo] [ 31] vec4 _1() {
[   5.618][d][vo/gpu-next/libplacebo] [ 32] 
[   5.618][d][vo/gpu-next/libplacebo] [ 33] vec4 color = vec4(0.0, 0.0, 0.0, 1.0);
[   5.618][d][vo/gpu-next/libplacebo] [ 34] {
[   5.618][d][vo/gpu-next/libplacebo] [ 35] vec2 pos = _3, pt = _4;
[   5.618][d][vo/gpu-next/libplacebo] [ 36] vec2 size = vec2(textureSize(_2, 0));
[   5.618][d][vo/gpu-next/libplacebo] [ 37] vec2 dir = vec2(float(0), float(1));
[   5.618][d][vo/gpu-next/libplacebo] [ 38] pt *= dir;
[   5.618][d][vo/gpu-next/libplacebo] [ 39] vec2 fcoord2 = fract(pos * size - vec2(0.5));
[   5.618][d][vo/gpu-next/libplacebo] [ 40] float fcoord = dot(fcoord2, dir);
[   5.618][d][vo/gpu-next/libplacebo] [ 41] vec2 base = pos - fcoord * pt - pt * vec2(float(2));
[   5.618][d][vo/gpu-next/libplacebo] [ 42] vec4 ws;
[   5.618][d][vo/gpu-next/libplacebo] [ 43] float off;
[   5.618][d][vo/gpu-next/libplacebo] [ 44] vec3 c, ca = vec3(0.0);
[   5.618][d][vo/gpu-next/libplacebo] [ 45] #pragma unroll 4
[   5.618][d][vo/gpu-next/libplacebo] [ 46] for (uint n = 0u; n < _d; n += uint(1)) {
[   5.618][d][vo/gpu-next/libplacebo] [ 47] if (n % 4u == 0u)
[   5.618][d][vo/gpu-next/libplacebo] [ 48] ws = _5(vec2(float(n / 4u) / float(1), fcoord));
[   5.618][d][vo/gpu-next/libplacebo] [ 49] off = float(n);
[   5.618][d][vo/gpu-next/libplacebo] [ 50] c = textureLod(_2, base + pt * off, 0.0).rgb;
[   5.618][d][vo/gpu-next/libplacebo] [ 51] ca += ws[n % 4u] * c;
[   5.618][d][vo/gpu-next/libplacebo] [ 52] }
[   5.618][d][vo/gpu-next/libplacebo] [ 53] color.rgb = _f * ca;
[   5.618][d][vo/gpu-next/libplacebo] [ 54] }
[   5.618][d][vo/gpu-next/libplacebo] [ 55] return color;
[   5.618][d][vo/gpu-next/libplacebo] [ 56] }
[   5.618][d][vo/gpu-next/libplacebo] [ 57] 
[   5.618][d][vo/gpu-next/libplacebo] [ 58] void main() {
[   5.618][d][vo/gpu-next/libplacebo] [ 59] out_color = _1();
[   5.618][d][vo/gpu-next/libplacebo] [ 60] }
[   5.618][d][vo/gpu-next/libplacebo] Specialization constant values:
[   5.618][d][vo/gpu-next/libplacebo]   constant_id=0: 0.250000
[   5.618][d][vo/gpu-next/libplacebo]   constant_id=1: 0.500000
[   5.618][d][vo/gpu-next/libplacebo]   constant_id=2: 0.001953
[   5.618][d][vo/gpu-next/libplacebo]   constant_id=3: 0.996094
[   5.618][d][vo/gpu-next/libplacebo]   constant_id=4: 6
[   5.618][d][vo/gpu-next/libplacebo]   constant_id=5: 0.000000
[   5.618][d][vo/gpu-next/libplacebo]   constant_id=6: 1.000000
[   5.618][d][vo/gpu-next/libplacebo] Re-using cached SPIR-V object 0x512389f13fadb6f4
[   5.618][d][vo/gpu-next] cache_load_obj: key(c602e06c5da57b5), size(2268), load time(0.025 ms)
[   5.618][d][vo/gpu-next/libplacebo] Re-using cached SPIR-V object 0xc602e06c5da57b5
[   5.618][d][vo/gpu-next] cache_load_obj: key(b8690afdd0aff34f), size(16001), load time(0.022 ms)
[   5.618][d][vo/gpu-next/libplacebo] Spent 0.005 ms compiling shader
[   5.618][d][vo/gpu-next] cache_save_obj: key(512389f13fadb6f4), size(748)
[   5.618][d][vo/gpu-next] cache_save_obj: key(c602e06c5da57b5), size(2268)
[   5.619][d][vo/gpu-next/libplacebo] Spent 0.075 ms creating pipeline
[   5.619][d][vo/gpu-next] cache_save_obj: key(b8690afdd0aff34f), size(16001)
[   5.619][d][vo/gpu-next/libplacebo] Pass statistics: size 0, SPIR-V: vert 0 frag 0 comp 0
[   5.619][d][vo/gpu-next/libplacebo] LUT invalidated, regenerating..
[   5.619][d][vo/gpu-next/libplacebo] Spent 0.002 ms generating shader LUT
[   5.619][d][vo/gpu-next] cache_load_obj: key(d95b62e641a2e006), size(16384), load time(0.038 ms)
[   5.619][d][vo/gpu-next/libplacebo] Re-using cached LUT (0xd95b62e641a2e006) with size 16384
[   5.619][d][vo/gpu-next/libplacebo] Allocating 258048 memory of type 0x7 (id 5) in heap 2: ../src/gpu/utils.c:575
[   5.619][d][vo/gpu-next/libplacebo] Spent 0.197 ms allocating slab
[   5.619][d][vo/gpu-next] cache_save_obj: key(d95b62e641a2e006), size(16384)
[   5.619][v][vo/gpu-next/libplacebo] Dithering to 8 bit depth
[   5.619][d][vo/gpu-next/libplacebo] vertex shader source:
[   5.619][d][vo/gpu-next/libplacebo] [  1] #version 450
[   5.619][d][vo/gpu-next/libplacebo] [  2] #extension GL_KHR_shader_subgroup_basic : enable 
[   5.619][d][vo/gpu-next/libplacebo] [  3] #extension GL_KHR_shader_subgroup_vote : enable 
[   5.619][d][vo/gpu-next/libplacebo] [  4] #extension GL_KHR_shader_subgroup_arithmetic : enable 
[   5.619][d][vo/gpu-next/libplacebo] [  5] #extension GL_KHR_shader_subgroup_ballot : enable 
[   5.619][d][vo/gpu-next/libplacebo] [  6] #extension GL_KHR_shader_subgroup_shuffle : enable 
[   5.619][d][vo/gpu-next/libplacebo] [  7] #extension GL_KHR_shader_subgroup_clustered : enable 
[   5.619][d][vo/gpu-next/libplacebo] [  8] #extension GL_KHR_shader_subgroup_quad : enable 
[   5.619][d][vo/gpu-next/libplacebo] [  9] #extension GL_ARB_texture_gather : enable
[   5.619][d][vo/gpu-next/libplacebo] [ 10] layout(std430, push_constant) uniform PushC {
[   5.619][d][vo/gpu-next/libplacebo] [ 11]     layout(offset=0) vec2 _c004;
[   5.619][d][vo/gpu-next/libplacebo] [ 12] };
[   5.619][d][vo/gpu-next/libplacebo] [ 13] layout(constant_id=0) const float _c008 = 1; 
[   5.619][d][vo/gpu-next/libplacebo] [ 14] layout(constant_id=1) const float _c009 = 1; 
[   5.619][d][vo/gpu-next/libplacebo] [ 15] layout(constant_id=2) const float _c00b = 1; 
[   5.619][d][vo/gpu-next/libplacebo] [ 16] layout(constant_id=3) const float _c00c = 1; 
[   5.619][d][vo/gpu-next/libplacebo] [ 17] layout(constant_id=4) const uint _c00d = 1; 
[   5.619][d][vo/gpu-next/libplacebo] [ 18] layout(constant_id=5) const float _c00e = 1; 
[   5.619][d][vo/gpu-next/libplacebo] [ 19] layout(constant_id=6) const float _c00f = 1; 
[   5.619][d][vo/gpu-next/libplacebo] [ 20] layout(constant_id=7) const float _c010 = 1; 
[   5.619][d][vo/gpu-next/libplacebo] [ 21] layout(constant_id=8) const float _c011 = 1; 
[   5.619][d][vo/gpu-next/libplacebo] [ 22] layout(constant_id=9) const float _c012 = 1; 
[   5.619][d][vo/gpu-next/libplacebo] [ 23] layout(constant_id=10) const float _c013 = 1; 
[   5.619][d][vo/gpu-next/libplacebo] [ 24] layout(constant_id=11) const float _c014 = 1; 
[   5.619][d][vo/gpu-next/libplacebo] [ 25] layout(constant_id=12) const float _c015 = 1; 
[   5.619][d][vo/gpu-next/libplacebo] [ 26] layout(constant_id=13) const float _c018 = 1; 
[   5.619][d][vo/gpu-next/libplacebo] [ 27] layout(constant_id=14) const float _c019 = 1; 
[   5.619][d][vo/gpu-next/libplacebo] [ 28] layout(constant_id=15) const float _c01a = 1; 
[   5.619][d][vo/gpu-next/libplacebo] [ 29] layout(binding=0) uniform  sampler2D _c002;
[   5.619][d][vo/gpu-next/libplacebo] [ 30] layout(binding=1) uniform  sampler2D _c006;
[   5.619][d][vo/gpu-next/libplacebo] [ 31] layout(binding=2) uniform  sampler2D _c017;
[   5.619][d][vo/gpu-next/libplacebo] [ 32] layout(location=0) in vec2 _c01e;
[   5.619][d][vo/gpu-next/libplacebo] [ 33] layout(location=0) out vec2 _c003;
[   5.619][d][vo/gpu-next/libplacebo] [ 34] layout(location=1) in vec2 _c01f;
[   5.619][d][vo/gpu-next/libplacebo] [ 35] void main() {
[   5.619][d][vo/gpu-next/libplacebo] [ 36] _c003 = _c01e;
[   5.619][d][vo/gpu-next/libplacebo] [ 37] vec2 va_pos = _c01f; 
[   5.619][d][vo/gpu-next/libplacebo] [ 38] gl_Position = vec4(va_pos, 0.0, 1.0); 
[   5.619][d][vo/gpu-next/libplacebo] [ 39] }
[   5.619][d][vo/gpu-next/libplacebo] fragment shader source:
[   5.619][d][vo/gpu-next/libplacebo] [  1] #version 450
[   5.619][d][vo/gpu-next/libplacebo] [  2] #extension GL_KHR_shader_subgroup_basic : enable 
[   5.619][d][vo/gpu-next/libplacebo] [  3] #extension GL_KHR_shader_subgroup_vote : enable 
[   5.619][d][vo/gpu-next/libplacebo] [  4] #extension GL_KHR_shader_subgroup_arithmetic : enable 
[   5.619][d][vo/gpu-next/libplacebo] [  5] #extension GL_KHR_shader_subgroup_ballot : enable 
[   5.619][d][vo/gpu-next/libplacebo] [  6] #extension GL_KHR_shader_subgroup_shuffle : enable 
[   5.619][d][vo/gpu-next/libplacebo] [  7] #extension GL_KHR_shader_subgroup_clustered : enable 
[   5.619][d][vo/gpu-next/libplacebo] [  8] #extension GL_KHR_shader_subgroup_quad : enable 
[   5.619][d][vo/gpu-next/libplacebo] [  9] #extension GL_ARB_texture_gather : enable
[   5.619][d][vo/gpu-next/libplacebo] [ 10] layout(std430, push_constant) uniform PushC {
[   5.619][d][vo/gpu-next/libplacebo] [ 11]     layout(offset=0) vec2 _c004;
[   5.619][d][vo/gpu-next/libplacebo] [ 12] };
[   5.619][d][vo/gpu-next/libplacebo] [ 13] layout(constant_id=0) const float _c008 = 1; 
[   5.619][d][vo/gpu-next/libplacebo] [ 14] layout(constant_id=1) const float _c009 = 1; 
[   5.619][d][vo/gpu-next/libplacebo] [ 15] layout(constant_id=2) const float _c00b = 1; 
[   5.619][d][vo/gpu-next/libplacebo] [ 16] layout(constant_id=3) const float _c00c = 1; 
[   5.619][d][vo/gpu-next/libplacebo] [ 17] layout(constant_id=4) const uint _c00d = 1; 
[   5.619][d][vo/gpu-next/libplacebo] [ 18] layout(constant_id=5) const float _c00e = 1; 
[   5.619][d][vo/gpu-next/libplacebo] [ 19] layout(constant_id=6) const float _c00f = 1; 
[   5.619][d][vo/gpu-next/libplacebo] [ 20] layout(constant_id=7) const float _c010 = 1; 
[   5.619][d][vo/gpu-next/libplacebo] [ 21] layout(constant_id=8) const float _c011 = 1; 
[   5.619][d][vo/gpu-next/libplacebo] [ 22] layout(constant_id=9) const float _c012 = 1; 
[   5.619][d][vo/gpu-next/libplacebo] [ 23] layout(constant_id=10) const float _c013 = 1; 
[   5.619][d][vo/gpu-next/libplacebo] [ 24] layout(constant_id=11) const float _c014 = 1; 
[   5.619][d][vo/gpu-next/libplacebo] [ 25] layout(constant_id=12) const float _c015 = 1; 
[   5.619][d][vo/gpu-next/libplacebo] [ 26] layout(constant_id=13) const float _c018 = 1; 
[   5.619][d][vo/gpu-next/libplacebo] [ 27] layout(constant_id=14) const float _c019 = 1; 
[   5.619][d][vo/gpu-next/libplacebo] [ 28] layout(constant_id=15) const float _c01a = 1; 
[   5.619][d][vo/gpu-next/libplacebo] [ 29] layout(binding=0) uniform  sampler2D _c002;
[   5.619][d][vo/gpu-next/libplacebo] [ 30] layout(binding=1) uniform  sampler2D _c006;
[   5.619][d][vo/gpu-next/libplacebo] [ 31] layout(binding=2) uniform  sampler2D _c017;
[   5.619][d][vo/gpu-next/libplacebo] [ 32] layout(location=0) in vec2 _c003;
[   5.619][d][vo/gpu-next/libplacebo] [ 33] layout(location=0) out vec4 out_color;
[   5.619][d][vo/gpu-next/libplacebo] [ 34] 
[   5.619][d][vo/gpu-next/libplacebo] [ 35] #define _c007(x) (_c009 * (x) + _c008) 
[   5.619][d][vo/gpu-next/libplacebo] [ 36] #define _c00a(x) (_c00c * (x) + _c00b) 
[   5.619][d][vo/gpu-next/libplacebo] [ 37] #define _c005(pos) (textureLod(_c006, vec2(\
[   5.619][d][vo/gpu-next/libplacebo] [ 38]     _c007(vec2(pos).x)\
[   5.619][d][vo/gpu-next/libplacebo] [ 39]    ,_c00a(vec2(pos).y)\
[   5.619][d][vo/gpu-next/libplacebo] [ 40]   ), 0.0).xyzw)
[   5.619][d][vo/gpu-next/libplacebo] [ 41] #define _c016(pos) (texelFetch(_c017, ivec2(pos), 0).x)
[   5.619][d][vo/gpu-next/libplacebo] [ 42] vec4 _c001() {
[   5.619][d][vo/gpu-next/libplacebo] [ 43] 
[   5.619][d][vo/gpu-next/libplacebo] [ 44] vec4 color = vec4(0.0, 0.0, 0.0, 1.0);
[   5.619][d][vo/gpu-next/libplacebo] [ 45] {
[   5.619][d][vo/gpu-next/libplacebo] [ 46] vec2 pos = _c003, pt = _c004;
[   5.619][d][vo/gpu-next/libplacebo] [ 47] vec2 size = vec2(textureSize(_c002, 0));
[   5.619][d][vo/gpu-next/libplacebo] [ 48] vec2 dir = vec2(float(1), float(0));
[   5.619][d][vo/gpu-next/libplacebo] [ 49] pt *= dir;
[   5.619][d][vo/gpu-next/libplacebo] [ 50] vec2 fcoord2 = fract(pos * size - vec2(0.5));
[   5.619][d][vo/gpu-next/libplacebo] [ 51] float fcoord = dot(fcoord2, dir);
[   5.619][d][vo/gpu-next/libplacebo] [ 52] vec2 base = pos - fcoord * pt - pt * vec2(float(2));
[   5.619][d][vo/gpu-next/libplacebo] [ 53] vec4 ws;
[   5.619][d][vo/gpu-next/libplacebo] [ 54] float off;
[   5.619][d][vo/gpu-next/libplacebo] [ 55] vec3 c, ca = vec3(0.0);
[   5.619][d][vo/gpu-next/libplacebo] [ 56] #pragma unroll 4
[   5.619][d][vo/gpu-next/libplacebo] [ 57] for (uint n = 0u; n < _c00d; n += uint(1)) {
[   5.619][d][vo/gpu-next/libplacebo] [ 58] if (n % 4u == 0u)
[   5.619][d][vo/gpu-next/libplacebo] [ 59] ws = _c005(vec2(float(n / 4u) / float(1), fcoord));
[   5.619][d][vo/gpu-next/libplacebo] [ 60] off = float(n);
[   5.619][d][vo/gpu-next/libplacebo] [ 61] c = textureLod(_c002, base + pt * off, 0.0).rgb;
[   5.619][d][vo/gpu-next/libplacebo] [ 62] ca += ws[n % 4u] * c;
[   5.619][d][vo/gpu-next/libplacebo] [ 63] }
[   5.619][d][vo/gpu-next/libplacebo] [ 64] color.rgb = _c00f * ca;
[   5.619][d][vo/gpu-next/libplacebo] [ 65] }
[   5.619][d][vo/gpu-next/libplacebo] [ 66] // pl_shader_unsigmoidize                                 
[   5.619][d][vo/gpu-next/libplacebo] [ 67] color.rgb = clamp(color.rgb, 0.0, 1.0);                    
[   5.619][d][vo/gpu-next/libplacebo] [ 68] color.rgb = vec3(_c013) /                                    
[   5.619][d][vo/gpu-next/libplacebo] [ 69]     (vec3(1.0) + exp(vec3(_c012) * (vec3(_c011) - color.rgb))) 
[   5.619][d][vo/gpu-next/libplacebo] [ 70]     - vec3(_c010);                                           
[   5.619][d][vo/gpu-next/libplacebo] [ 71] // pl_shader_delinearize 
[   5.619][d][vo/gpu-next/libplacebo] [ 72] color.rgb = max(color.rgb, 0.0); 
[   5.619][d][vo/gpu-next/libplacebo] [ 73] color.rgb = pow(_c015 * color.rgb, vec3(1.0/2.4)) - vec3(_c014); 
[   5.619][d][vo/gpu-next/libplacebo] [ 74] // pl_shader_encode_color 
[   5.619][d][vo/gpu-next/libplacebo] [ 75] { 
[   5.619][d][vo/gpu-next/libplacebo] [ 76] color.rgb *= vec3(color.a); 
[   5.619][d][vo/gpu-next/libplacebo] [ 77] }
[   5.619][d][vo/gpu-next/libplacebo] [ 78] // pl_shader_dither 
[   5.619][d][vo/gpu-next/libplacebo] [ 79] {                    
[   5.619][d][vo/gpu-next/libplacebo] [ 80] float bias;          
[   5.619][d][vo/gpu-next/libplacebo] [ 81] vec2 pos = fract(gl_FragCoord.xy * 1.0/_c018); 
[   5.619][d][vo/gpu-next/libplacebo] [ 82] bias = _c016(ivec2(pos * _c019));
[   5.619][d][vo/gpu-next/libplacebo] [ 83] const float scale = 255.0; 
[   5.619][d][vo/gpu-next/libplacebo] [ 84] color = scale * color + vec4(bias);   
[   5.619][d][vo/gpu-next/libplacebo] [ 85] color = floor(color) * (1.0 / scale); 
[   5.619][d][vo/gpu-next/libplacebo] [ 86] } 
[   5.619][d][vo/gpu-next/libplacebo] [ 87] color.rgba *= vec4(1.0 / _c01a); 
[   5.619][d][vo/gpu-next/libplacebo] [ 88] vec4 _c01b = color;                 
[   5.619][d][vo/gpu-next/libplacebo] [ 89] color = vec4(0.0, 0.0, 0.0, 1.0); 
[   5.619][d][vo/gpu-next/libplacebo] [ 90] color[0] = _c01b[0]; 
[   5.619][d][vo/gpu-next/libplacebo] [ 91] color[1] = _c01b[1]; 
[   5.619][d][vo/gpu-next/libplacebo] [ 92] color[2] = _c01b[2]; 
[   5.619][d][vo/gpu-next/libplacebo] [ 93] color[3] = _c01b[3]; 
[   5.619][d][vo/gpu-next/libplacebo] [ 94] return color;
[   5.619][d][vo/gpu-next/libplacebo] [ 95] }
[   5.619][d][vo/gpu-next/libplacebo] [ 96] 
[   5.619][d][vo/gpu-next/libplacebo] [ 97] void main() {
[   5.619][d][vo/gpu-next/libplacebo] [ 98] out_color = _c001();
[   5.619][d][vo/gpu-next/libplacebo] [ 99] }
[   5.619][d][vo/gpu-next/libplacebo] Specialization constant values:
[   5.619][d][vo/gpu-next/libplacebo]   constant_id=0: 0.250000
[   5.619][d][vo/gpu-next/libplacebo]   constant_id=1: 0.500000
[   5.619][d][vo/gpu-next/libplacebo]   constant_id=2: 0.001953
[   5.619][d][vo/gpu-next/libplacebo]   constant_id=3: 0.996094
[   5.619][d][vo/gpu-next/libplacebo]   constant_id=4: 6
[   5.619][d][vo/gpu-next/libplacebo]   constant_id=5: 0.000000
[   5.619][d][vo/gpu-next/libplacebo]   constant_id=6: 1.000000
[   5.619][d][vo/gpu-next/libplacebo]   constant_id=7: 0.009152
[   5.619][d][vo/gpu-next/libplacebo]   constant_id=8: 0.750000
[   5.619][d][vo/gpu-next/libplacebo]   constant_id=9: 6.500000
[   5.619][d][vo/gpu-next/libplacebo]   constant_id=10: 1.207866
[   5.619][d][vo/gpu-next/libplacebo]   constant_id=11: 0.059585
[   5.619][d][vo/gpu-next/libplacebo]   constant_id=12: 1.149015
[   5.619][d][vo/gpu-next/libplacebo]   constant_id=13: 64.000000
[   5.619][d][vo/gpu-next/libplacebo]   constant_id=14: 64.000000
[   5.619][d][vo/gpu-next/libplacebo]   constant_id=15: 1.000000
[   5.619][d][vo/gpu-next] cache_load_obj: key(b7a22a13591a27a5), size(748), load time(0.027 ms)
[   5.619][d][vo/gpu-next/libplacebo] Re-using cached SPIR-V object 0xb7a22a13591a27a5
[   5.619][d][vo/gpu-next] cache_load_obj: key(9f24f4743ace40e), size(4208), load time(0.018 ms)
[   5.619][d][vo/gpu-next/libplacebo] Re-using cached SPIR-V object 0x9f24f4743ace40e
[   5.619][d][vo/gpu-next] cache_load_obj: key(b48e7156ea930475), size(17673), load time(0.027 ms)
[   5.619][d][vo/gpu-next/libplacebo] Spent 0.008 ms compiling shader
[   5.619][d][vo/gpu-next] cache_save_obj: key(b7a22a13591a27a5), size(748)
[   5.619][d][vo/gpu-next] cache_save_obj: key(9f24f4743ace40e), size(4208)
[   5.620][d][vo/gpu-next/libplacebo] Spent 0.120 ms creating pipeline
[   5.620][d][vo/gpu-next] cache_save_obj: key(b48e7156ea930475), size(17673)
[   5.620][d][vo/gpu-next/libplacebo] Pass statistics: size 0, SPIR-V: vert 0 frag 0 comp 0
[   5.620][v][cplayer] first video frame after restart shown
[   5.620][d][vo/gpu-next/libplacebo] (Re)creating 2478x1394x0 texture with format rgba16hf: src/renderer.c:3519
[   5.620][d][vo/gpu-next/libplacebo] Allocating 27934720 memory of type 0x1 (id 1) in heap 0: src/renderer.c:3519
[   5.621][d][vo/gpu-next/libplacebo] Spent 0.127 ms allocating slab
[   5.621][d][vo/gpu-next/libplacebo] vertex shader source:
[   5.621][d][vo/gpu-next/libplacebo] [  1] #version 450
[   5.621][d][vo/gpu-next/libplacebo] [  2] #extension GL_KHR_shader_subgroup_basic : enable 
[   5.621][d][vo/gpu-next/libplacebo] [  3] #extension GL_KHR_shader_subgroup_vote : enable 
[   5.621][d][vo/gpu-next/libplacebo] [  4] #extension GL_KHR_shader_subgroup_arithmetic : enable 
[   5.621][d][vo/gpu-next/libplacebo] [  5] #extension GL_KHR_shader_subgroup_ballot : enable 
[   5.621][d][vo/gpu-next/libplacebo] [  6] #extension GL_KHR_shader_subgroup_shuffle : enable 
[   5.621][d][vo/gpu-next/libplacebo] [  7] #extension GL_KHR_shader_subgroup_clustered : enable 
[   5.621][d][vo/gpu-next/libplacebo] [  8] #extension GL_KHR_shader_subgroup_quad : enable 
[   5.621][d][vo/gpu-next/libplacebo] [  9] #extension GL_ARB_texture_gather : enable
[   5.621][d][vo/gpu-next/libplacebo] [ 10] layout(std430, push_constant) uniform PushC {
[   5.621][d][vo/gpu-next/libplacebo] [ 11]     layout(offset=0) vec2 _c004;
[   5.621][d][vo/gpu-next/libplacebo] [ 12] };
[   5.621][d][vo/gpu-next/libplacebo] [ 13] layout(constant_id=0) const float _c008 = 1; 
[   5.621][d][vo/gpu-next/libplacebo] [ 14] layout(constant_id=1) const float _c009 = 1; 
[   5.621][d][vo/gpu-next/libplacebo] [ 15] layout(constant_id=2) const float _c00b = 1; 
[   5.621][d][vo/gpu-next/libplacebo] [ 16] layout(constant_id=3) const float _c00c = 1; 
[   5.621][d][vo/gpu-next/libplacebo] [ 17] layout(constant_id=4) const uint _c00d = 1; 
[   5.621][d][vo/gpu-next/libplacebo] [ 18] layout(constant_id=5) const float _c00e = 1; 
[   5.621][d][vo/gpu-next/libplacebo] [ 19] layout(constant_id=6) const float _c00f = 1; 
[   5.621][d][vo/gpu-next/libplacebo] [ 20] layout(constant_id=7) const float _c010 = 1; 
[   5.621][d][vo/gpu-next/libplacebo] [ 21] layout(constant_id=8) const float _c011 = 1; 
[   5.621][d][vo/gpu-next/libplacebo] [ 22] layout(constant_id=9) const float _c012 = 1; 
[   5.621][d][vo/gpu-next/libplacebo] [ 23] layout(constant_id=10) const float _c013 = 1; 
[   5.621][d][vo/gpu-next/libplacebo] [ 24] layout(constant_id=11) const float _c014 = 1; 
[   5.621][d][vo/gpu-next/libplacebo] [ 25] layout(constant_id=12) const float _c015 = 1; 
[   5.621][d][vo/gpu-next/libplacebo] [ 26] layout(binding=0) uniform  sampler2D _c002;
[   5.621][d][vo/gpu-next/libplacebo] [ 27] layout(binding=1) uniform  sampler2D _c006;
[   5.621][d][vo/gpu-next/libplacebo] [ 28] layout(location=0) in vec2 _c018;
[   5.621][d][vo/gpu-next/libplacebo] [ 29] layout(location=0) out vec2 _c003;
[   5.621][d][vo/gpu-next/libplacebo] [ 30] layout(location=1) in vec2 _c019;
[   5.621][d][vo/gpu-next/libplacebo] [ 31] void main() {
[   5.621][d][vo/gpu-next/libplacebo] [ 32] _c003 = _c018;
[   5.621][d][vo/gpu-next/libplacebo] [ 33] vec2 va_pos = _c019; 
[   5.621][d][vo/gpu-next/libplacebo] [ 34] gl_Position = vec4(va_pos, 0.0, 1.0); 
[   5.621][d][vo/gpu-next/libplacebo] [ 35] }
[   5.621][d][vo/gpu-next/libplacebo] fragment shader source:
[   5.621][d][vo/gpu-next/libplacebo] [  1] #version 450
[   5.621][d][vo/gpu-next/libplacebo] [  2] #extension GL_KHR_shader_subgroup_basic : enable 
[   5.621][d][vo/gpu-next/libplacebo] [  3] #extension GL_KHR_shader_subgroup_vote : enable 
[   5.621][d][vo/gpu-next/libplacebo] [  4] #extension GL_KHR_shader_subgroup_arithmetic : enable 
[   5.621][d][vo/gpu-next/libplacebo] [  5] #extension GL_KHR_shader_subgroup_ballot : enable 
[   5.621][d][vo/gpu-next/libplacebo] [  6] #extension GL_KHR_shader_subgroup_shuffle : enable 
[   5.621][d][vo/gpu-next/libplacebo] [  7] #extension GL_KHR_shader_subgroup_clustered : enable 
[   5.621][d][vo/gpu-next/libplacebo] [  8] #extension GL_KHR_shader_subgroup_quad : enable 
[   5.621][d][vo/gpu-next/libplacebo] [  9] #extension GL_ARB_texture_gather : enable
[   5.621][d][vo/gpu-next/libplacebo] [ 10] layout(std430, push_constant) uniform PushC {
[   5.621][d][vo/gpu-next/libplacebo] [ 11]     layout(offset=0) vec2 _c004;
[   5.621][d][vo/gpu-next/libplacebo] [ 12] };
[   5.621][d][vo/gpu-next/libplacebo] [ 13] layout(constant_id=0) const float _c008 = 1; 
[   5.621][d][vo/gpu-next/libplacebo] [ 14] layout(constant_id=1) const float _c009 = 1; 
[   5.621][d][vo/gpu-next/libplacebo] [ 15] layout(constant_id=2) const float _c00b = 1; 
[   5.621][d][vo/gpu-next/libplacebo] [ 16] layout(constant_id=3) const float _c00c = 1; 
[   5.621][d][vo/gpu-next/libplacebo] [ 17] layout(constant_id=4) const uint _c00d = 1; 
[   5.621][d][vo/gpu-next/libplacebo] [ 18] layout(constant_id=5) const float _c00e = 1; 
[   5.621][d][vo/gpu-next/libplacebo] [ 19] layout(constant_id=6) const float _c00f = 1; 
[   5.621][d][vo/gpu-next/libplacebo] [ 20] layout(constant_id=7) const float _c010 = 1; 
[   5.621][d][vo/gpu-next/libplacebo] [ 21] layout(constant_id=8) const float _c011 = 1; 
[   5.621][d][vo/gpu-next/libplacebo] [ 22] layout(constant_id=9) const float _c012 = 1; 
[   5.621][d][vo/gpu-next/libplacebo] [ 23] layout(constant_id=10) const float _c013 = 1; 
[   5.621][d][vo/gpu-next/libplacebo] [ 24] layout(constant_id=11) const float _c014 = 1; 
[   5.621][d][vo/gpu-next/libplacebo] [ 25] layout(constant_id=12) const float _c015 = 1; 
[   5.621][d][vo/gpu-next/libplacebo] [ 26] layout(binding=0) uniform  sampler2D _c002;
[   5.621][d][vo/gpu-next/libplacebo] [ 27] layout(binding=1) uniform  sampler2D _c006;
[   5.621][d][vo/gpu-next/libplacebo] [ 28] layout(location=0) in vec2 _c003;
[   5.621][d][vo/gpu-next/libplacebo] [ 29] layout(location=0) out vec4 out_color;
[   5.621][d][vo/gpu-next/libplacebo] [ 30] 
[   5.621][d][vo/gpu-next/libplacebo] [ 31] #define _c007(x) (_c009 * (x) + _c008) 
[   5.621][d][vo/gpu-next/libplacebo] [ 32] #define _c00a(x) (_c00c * (x) + _c00b) 
[   5.621][d][vo/gpu-next/libplacebo] [ 33] #define _c005(pos) (textureLod(_c006, vec2(\
[   5.621][d][vo/gpu-next/libplacebo] [ 34]     _c007(vec2(pos).x)\
[   5.621][d][vo/gpu-next/libplacebo] [ 35]    ,_c00a(vec2(pos).y)\
[   5.621][d][vo/gpu-next/libplacebo] [ 36]   ), 0.0).xyzw)
[   5.621][d][vo/gpu-next/libplacebo] [ 37] vec4 _c001() {
[   5.621][d][vo/gpu-next/libplacebo] [ 38] 
[   5.621][d][vo/gpu-next/libplacebo] [ 39] vec4 color = vec4(0.0, 0.0, 0.0, 1.0);
[   5.621][d][vo/gpu-next/libplacebo] [ 40] {
[   5.621][d][vo/gpu-next/libplacebo] [ 41] vec2 pos = _c003, pt = _c004;
[   5.621][d][vo/gpu-next/libplacebo] [ 42] vec2 size = vec2(textureSize(_c002, 0));
[   5.621][d][vo/gpu-next/libplacebo] [ 43] vec2 dir = vec2(float(1), float(0));
[   5.621][d][vo/gpu-next/libplacebo] [ 44] pt *= dir;
[   5.621][d][vo/gpu-next/libplacebo] [ 45] vec2 fcoord2 = fract(pos * size - vec2(0.5));
[   5.621][d][vo/gpu-next/libplacebo] [ 46] float fcoord = dot(fcoord2, dir);
[   5.621][d][vo/gpu-next/libplacebo] [ 47] vec2 base = pos - fcoord * pt - pt * vec2(float(2));
[   5.621][d][vo/gpu-next/libplacebo] [ 48] vec4 ws;
[   5.621][d][vo/gpu-next/libplacebo] [ 49] float off;
[   5.621][d][vo/gpu-next/libplacebo] [ 50] vec3 c, ca = vec3(0.0);
[   5.621][d][vo/gpu-next/libplacebo] [ 51] #pragma unroll 4
[   5.621][d][vo/gpu-next/libplacebo] [ 52] for (uint n = 0u; n < _c00d; n += uint(1)) {
[   5.621][d][vo/gpu-next/libplacebo] [ 53] if (n % 4u == 0u)
[   5.621][d][vo/gpu-next/libplacebo] [ 54] ws = _c005(vec2(float(n / 4u) / float(1), fcoord));
[   5.621][d][vo/gpu-next/libplacebo] [ 55] off = float(n);
[   5.621][d][vo/gpu-next/libplacebo] [ 56] c = textureLod(_c002, base + pt * off, 0.0).rgb;
[   5.621][d][vo/gpu-next/libplacebo] [ 57] ca += ws[n % 4u] * c;
[   5.621][d][vo/gpu-next/libplacebo] [ 58] }
[   5.621][d][vo/gpu-next/libplacebo] [ 59] color.rgb = _c00f * ca;
[   5.621][d][vo/gpu-next/libplacebo] [ 60] }
[   5.621][d][vo/gpu-next/libplacebo] [ 61] // pl_shader_unsigmoidize                                 
[   5.621][d][vo/gpu-next/libplacebo] [ 62] color.rgb = clamp(color.rgb, 0.0, 1.0);                    
[   5.621][d][vo/gpu-next/libplacebo] [ 63] color.rgb = vec3(_c013) /                                    
[   5.621][d][vo/gpu-next/libplacebo] [ 64]     (vec3(1.0) + exp(vec3(_c012) * (vec3(_c011) - color.rgb))) 
[   5.621][d][vo/gpu-next/libplacebo] [ 65]     - vec3(_c010);                                           
[   5.621][d][vo/gpu-next/libplacebo] [ 66] // pl_shader_delinearize 
[   5.621][d][vo/gpu-next/libplacebo] [ 67] color.rgb = max(color.rgb, 0.0); 
[   5.621][d][vo/gpu-next/libplacebo] [ 68] color.rgb = pow(_c015 * color.rgb, vec3(1.0/2.4)) - vec3(_c014); 
[   5.621][d][vo/gpu-next/libplacebo] [ 69] return color;
[   5.621][d][vo/gpu-next/libplacebo] [ 70] }
[   5.621][d][vo/gpu-next/libplacebo] [ 71] 
[   5.621][d][vo/gpu-next/libplacebo] [ 72] void main() {
[   5.621][d][vo/gpu-next/libplacebo] [ 73] out_color = _c001();
[   5.621][d][vo/gpu-next/libplacebo] [ 74] }
[   5.621][d][vo/gpu-next/libplacebo] Specialization constant values:
[   5.621][d][vo/gpu-next/libplacebo]   constant_id=0: 0.250000
[   5.621][d][vo/gpu-next/libplacebo]   constant_id=1: 0.500000
[   5.621][d][vo/gpu-next/libplacebo]   constant_id=2: 0.001953
[   5.621][d][vo/gpu-next/libplacebo]   constant_id=3: 0.996094
[   5.621][d][vo/gpu-next/libplacebo]   constant_id=4: 6
[   5.621][d][vo/gpu-next/libplacebo]   constant_id=5: 0.000000
[   5.621][d][vo/gpu-next/libplacebo]   constant_id=6: 1.000000
[   5.621][d][vo/gpu-next/libplacebo]   constant_id=7: 0.009152
[   5.621][d][vo/gpu-next/libplacebo]   constant_id=8: 0.750000
[   5.621][d][vo/gpu-next/libplacebo]   constant_id=9: 6.500000
[   5.621][d][vo/gpu-next/libplacebo]   constant_id=10: 1.207866
[   5.621][d][vo/gpu-next/libplacebo]   constant_id=11: 0.059585
[   5.621][d][vo/gpu-next/libplacebo]   constant_id=12: 1.149015
[   5.621][d][vo/gpu-next] cache_load_obj: key(a380a69bf719d8bc), size(748), load time(0.023 ms)
[   5.621][d][vo/gpu-next/libplacebo] Re-using cached SPIR-V object 0xa380a69bf719d8bc
[   5.621][d][vo/gpu-next] cache_load_obj: key(cf7ac5acf9136700), size(3552), load time(0.012 ms)
[   5.621][d][vo/gpu-next/libplacebo] Re-using cached SPIR-V object 0xcf7ac5acf9136700
[   5.621][d][vo/gpu-next] cache_load_obj: key(e7d668d48ab8d258), size(17008), load time(0.025 ms)
[   5.621][d][vo/gpu-next/libplacebo] Spent 0.008 ms compiling shader
[   5.621][d][vo/gpu-next] cache_save_obj: key(a380a69bf719d8bc), size(748)
[   5.621][d][vo/gpu-next] cache_save_obj: key(cf7ac5acf9136700), size(3552)
[   5.622][d][vo/gpu-next/libplacebo] Spent 0.077 ms creating pipeline
[   5.622][d][vo/gpu-next] cache_save_obj: key(e7d668d48ab8d258), size(17008)
[   5.622][d][vo/gpu-next/libplacebo] Pass statistics: size 0, SPIR-V: vert 0 frag 0 comp 0
[   5.622][d][vo/gpu-next/libplacebo] vertex shader source:
[   5.622][d][vo/gpu-next/libplacebo] [  1] #version 450
[   5.622][d][vo/gpu-next/libplacebo] [  2] #extension GL_KHR_shader_subgroup_basic : enable 
[   5.622][d][vo/gpu-next/libplacebo] [  3] #extension GL_KHR_shader_subgroup_vote : enable 
[   5.622][d][vo/gpu-next/libplacebo] [  4] #extension GL_KHR_shader_subgroup_arithmetic : enable 
[   5.622][d][vo/gpu-next/libplacebo] [  5] #extension GL_KHR_shader_subgroup_ballot : enable 
[   5.622][d][vo/gpu-next/libplacebo] [  6] #extension GL_KHR_shader_subgroup_shuffle : enable 
[   5.622][d][vo/gpu-next/libplacebo] [  7] #extension GL_KHR_shader_subgroup_clustered : enable 
[   5.622][d][vo/gpu-next/libplacebo] [  8] #extension GL_KHR_shader_subgroup_quad : enable 
[   5.622][d][vo/gpu-next/libplacebo] [  9] #extension GL_ARB_texture_gather : enable
[   5.622][d][vo/gpu-next/libplacebo] [ 10] layout(std430, push_constant) uniform PushC {
[   5.622][d][vo/gpu-next/libplacebo] [ 11]     layout(offset=0) float _4;
[   5.622][d][vo/gpu-next/libplacebo] [ 12] };
[   5.622][d][vo/gpu-next/libplacebo] [ 13] layout(constant_id=0) const float _7 = 1; 
[   5.622][d][vo/gpu-next/libplacebo] [ 14] layout(constant_id=1) const float _8 = 1; 
[   5.622][d][vo/gpu-next/libplacebo] [ 15] layout(constant_id=2) const float _9 = 1; 
[   5.622][d][vo/gpu-next/libplacebo] [ 16] layout(binding=0) uniform  sampler2D _2;
[   5.622][d][vo/gpu-next/libplacebo] [ 17] layout(binding=1) uniform  sampler2D _6;
[   5.622][d][vo/gpu-next/libplacebo] [ 18] layout(location=0) in vec2 _d;
[   5.622][d][vo/gpu-next/libplacebo] [ 19] layout(location=0) out vec2 _3;
[   5.622][d][vo/gpu-next/libplacebo] [ 20] layout(location=1) in vec2 _e;
[   5.622][d][vo/gpu-next/libplacebo] [ 21] void main() {
[   5.622][d][vo/gpu-next/libplacebo] [ 22] _3 = _d;
[   5.622][d][vo/gpu-next/libplacebo] [ 23] vec2 va_pos = _e; 
[   5.622][d][vo/gpu-next/libplacebo] [ 24] gl_Position = vec4(va_pos, 0.0, 1.0); 
[   5.622][d][vo/gpu-next/libplacebo] [ 25] }
[   5.622][d][vo/gpu-next/libplacebo] fragment shader source:
[   5.622][d][vo/gpu-next/libplacebo] [  1] #version 450
[   5.622][d][vo/gpu-next/libplacebo] [  2] #extension GL_KHR_shader_subgroup_basic : enable 
[   5.622][d][vo/gpu-next/libplacebo] [  3] #extension GL_KHR_shader_subgroup_vote : enable 
[   5.622][d][vo/gpu-next/libplacebo] [  4] #extension GL_KHR_shader_subgroup_arithmetic : enable 
[   5.622][d][vo/gpu-next/libplacebo] [  5] #extension GL_KHR_shader_subgroup_ballot : enable 
[   5.622][d][vo/gpu-next/libplacebo] [  6] #extension GL_KHR_shader_subgroup_shuffle : enable 
[   5.622][d][vo/gpu-next/libplacebo] [  7] #extension GL_KHR_shader_subgroup_clustered : enable 
[   5.622][d][vo/gpu-next/libplacebo] [  8] #extension GL_KHR_shader_subgroup_quad : enable 
[   5.622][d][vo/gpu-next/libplacebo] [  9] #extension GL_ARB_texture_gather : enable
[   5.622][d][vo/gpu-next/libplacebo] [ 10] layout(std430, push_constant) uniform PushC {
[   5.622][d][vo/gpu-next/libplacebo] [ 11]     layout(offset=0) float _4;
[   5.622][d][vo/gpu-next/libplacebo] [ 12] };
[   5.622][d][vo/gpu-next/libplacebo] [ 13] layout(constant_id=0) const float _7 = 1; 
[   5.622][d][vo/gpu-next/libplacebo] [ 14] layout(constant_id=1) const float _8 = 1; 
[   5.622][d][vo/gpu-next/libplacebo] [ 15] layout(constant_id=2) const float _9 = 1; 
[   5.622][d][vo/gpu-next/libplacebo] [ 16] layout(binding=0) uniform  sampler2D _2;
[   5.622][d][vo/gpu-next/libplacebo] [ 17] layout(binding=1) uniform  sampler2D _6;
[   5.622][d][vo/gpu-next/libplacebo] [ 18] layout(location=0) in vec2 _3;
[   5.622][d][vo/gpu-next/libplacebo] [ 19] layout(location=0) out vec4 out_color;
[   5.622][d][vo/gpu-next/libplacebo] [ 20] 
[   5.622][d][vo/gpu-next/libplacebo] [ 21] #define _5(pos) (texelFetch(_6, ivec2(pos), 0).x)
[   5.622][d][vo/gpu-next/libplacebo] [ 22] vec4 _1() {
[   5.622][d][vo/gpu-next/libplacebo] [ 23] vec4 color;                   
[   5.622][d][vo/gpu-next/libplacebo] [ 24] // pl_render_image_mix        
[   5.622][d][vo/gpu-next/libplacebo] [ 25] {                             
[   5.622][d][vo/gpu-next/libplacebo] [ 26] vec4 mix_color = vec4(0.0);   
[   5.622][d][vo/gpu-next/libplacebo] [ 27] color = textureLod(_2, _3, 0.0); 
[   5.622][d][vo/gpu-next/libplacebo] [ 28] mix_color += vec4(_4) * color; 
[   5.622][d][vo/gpu-next/libplacebo] [ 29] color = mix_color; 
[   5.622][d][vo/gpu-next/libplacebo] [ 30] }                  
[   5.622][d][vo/gpu-next/libplacebo] [ 31] // pl_shader_encode_color 
[   5.622][d][vo/gpu-next/libplacebo] [ 32] { 
[   5.622][d][vo/gpu-next/libplacebo] [ 33] color.rgb *= vec3(color.a); 
[   5.622][d][vo/gpu-next/libplacebo] [ 34] }
[   5.622][d][vo/gpu-next/libplacebo] [ 35] // pl_shader_dither 
[   5.622][d][vo/gpu-next/libplacebo] [ 36] {                    
[   5.622][d][vo/gpu-next/libplacebo] [ 37] float bias;          
[   5.622][d][vo/gpu-next/libplacebo] [ 38] vec2 pos = fract(gl_FragCoord.xy * 1.0/_7); 
[   5.622][d][vo/gpu-next/libplacebo] [ 39] bias = _5(ivec2(pos * _8));
[   5.622][d][vo/gpu-next/libplacebo] [ 40] const float scale = 255.0; 
[   5.622][d][vo/gpu-next/libplacebo] [ 41] color = scale * color + vec4(bias);   
[   5.622][d][vo/gpu-next/libplacebo] [ 42] color = floor(color) * (1.0 / scale); 
[   5.622][d][vo/gpu-next/libplacebo] [ 43] } 
[   5.622][d][vo/gpu-next/libplacebo] [ 44] color.rgba *= vec4(1.0 / _9); 
[   5.622][d][vo/gpu-next/libplacebo] [ 45] vec4 _a = color;                 
[   5.622][d][vo/gpu-next/libplacebo] [ 46] color = vec4(0.0, 0.0, 0.0, 1.0); 
[   5.622][d][vo/gpu-next/libplacebo] [ 47] color[0] = _a[0]; 
[   5.622][d][vo/gpu-next/libplacebo] [ 48] color[1] = _a[1]; 
[   5.622][d][vo/gpu-next/libplacebo] [ 49] color[2] = _a[2]; 
[   5.622][d][vo/gpu-next/libplacebo] [ 50] color[3] = _a[3]; 
[   5.622][d][vo/gpu-next/libplacebo] [ 51] return color;
[   5.622][d][vo/gpu-next/libplacebo] [ 52] }
[   5.622][d][vo/gpu-next/libplacebo] [ 53] 
[   5.622][d][vo/gpu-next/libplacebo] [ 54] void main() {
[   5.622][d][vo/gpu-next/libplacebo] [ 55] out_color = _1();
[   5.622][d][vo/gpu-next/libplacebo] [ 56] }
[   5.622][d][vo/gpu-next/libplacebo] Specialization constant values:
[   5.622][d][vo/gpu-next/libplacebo]   constant_id=0: 64.000000
[   5.622][d][vo/gpu-next/libplacebo]   constant_id=1: 64.000000
[   5.622][d][vo/gpu-next/libplacebo]   constant_id=2: 1.000000
[   5.622][d][vo/gpu-next] cache_load_obj: key(65dadd290e0c1222), size(748), load time(0.022 ms)
[   5.622][d][vo/gpu-next/libplacebo] Re-using cached SPIR-V object 0x65dadd290e0c1222
[   5.622][d][vo/gpu-next] cache_load_obj: key(ae391dbb560d9952), size(1648), load time(0.010 ms)
[   5.622][d][vo/gpu-next/libplacebo] Re-using cached SPIR-V object 0xae391dbb560d9952
[   5.622][d][vo/gpu-next] cache_load_obj: key(8d9946044210a20a), size(15000), load time(0.022 ms)
[   5.622][d][vo/gpu-next/libplacebo] Spent 0.003 ms compiling shader
[   5.622][d][vo/gpu-next] cache_save_obj: key(65dadd290e0c1222), size(748)
[   5.622][d][vo/gpu-next] cache_save_obj: key(ae391dbb560d9952), size(1648)
[   5.622][d][vo/gpu-next/libplacebo] Spent 0.093 ms creating pipeline
[   5.622][d][vo/gpu-next] cache_save_obj: key(8d9946044210a20a), size(15000)
[   5.622][d][vo/gpu-next/libplacebo] Pass statistics: size 0, SPIR-V: vert 0 frag 0 comp 0
[   5.622][d][osc] osc_init
[   5.677][v][cplayer] audio ready
[   5.677][d][cplayer] starting video playback
[   5.677][v][cplayer] starting audio playback
[   5.677][v][cplayer] playback restart complete @ 77.360000, audio=playing, video=playing
[   5.677][v][vo/gpu-next/x11] Disabling screensaver.
[   5.678][v][vo/gpu-next/libplacebo] Detected fps ratio 0.0000 below threshold 0.0100, disabling interpolation
[   5.678][d][ao/pipewire] Stream state changed: old_state=paused state=streaming error=(null)
[   5.679][v][cplayer] Set property: user-data/osc/margins={"b":0,"r":0,"t":0,"l":0} -> 1
[   5.777][v][vo/gpu-next/libplacebo] Estimated source FPS: 25.000, display FPS: 25.000
[   6.018][d][vo/gpu-next/libplacebo] Garbage collected slab of size  252K from pool 2
[   6.018][d][vo/gpu-next/libplacebo] Freeing slab of size  252K
[   6.018][d][vo/gpu-next/libplacebo] Garbage collected slab of size  252K from pool 2
[   6.018][d][vo/gpu-next/libplacebo] Freeing slab of size  252K
[   6.929][d][timeline] stream 1: resize index to 128
[   9.798][v][cplayer] Set property: user-data/osc/margins={"b":0,"r":0,"t":0,"l":0} -> 1
[   9.798][d][cplayer] Run command: enable-section, flags=64, args=[name="input", flags=""]
[   9.818][v][osd/libass] fontselect: (sans-serif, 400, 0) -> /usr/share/fonts/noto/NotoSans-Regular.ttf, 0, NotoSans-Regular
[   9.819][v][osd/libass] fontselect: (mpv-osd-symbols, 400, 0) -> mpv-osd-symbols-Regular, 0, mpv-osd-symbols-Regular
[   9.822][d][vo/gpu-next/libplacebo] (Re)creating 4070x251x0 texture with format r8: unknown
[   9.822][d][vo/gpu-next/libplacebo] Allocating 4194304 memory of type 0x1 (id 1) in heap 0: src/shaders/sampling.c:1028
[   9.822][d][vo/gpu-next/libplacebo] Spent 0.326 ms allocating slab
[   9.822][d][vo/gpu-next/libplacebo] Allocating 4116480 memory of type 0x7 (id 5) in heap 2: ../src/gpu/utils.c:575
[   9.822][d][vo/gpu-next/libplacebo] Spent 0.271 ms allocating slab
[   9.823][d][vo/gpu-next/libplacebo] vertex shader source:
[   9.823][d][vo/gpu-next/libplacebo] [  1] #version 450
[   9.823][d][vo/gpu-next/libplacebo] [  2] #extension GL_KHR_shader_subgroup_basic : enable 
[   9.823][d][vo/gpu-next/libplacebo] [  3] #extension GL_KHR_shader_subgroup_vote : enable 
[   9.823][d][vo/gpu-next/libplacebo] [  4] #extension GL_KHR_shader_subgroup_arithmetic : enable 
[   9.823][d][vo/gpu-next/libplacebo] [  5] #extension GL_KHR_shader_subgroup_ballot : enable 
[   9.823][d][vo/gpu-next/libplacebo] [  6] #extension GL_KHR_shader_subgroup_shuffle : enable 
[   9.823][d][vo/gpu-next/libplacebo] [  7] #extension GL_KHR_shader_subgroup_clustered : enable 
[   9.823][d][vo/gpu-next/libplacebo] [  8] #extension GL_KHR_shader_subgroup_quad : enable 
[   9.823][d][vo/gpu-next/libplacebo] [  9] #extension GL_ARB_texture_gather : enable
[   9.823][d][vo/gpu-next/libplacebo] [ 10] layout(std430, push_constant) uniform PushC {
[   9.823][d][vo/gpu-next/libplacebo] [ 11]     layout(offset=0) mat3 _5;
[   9.823][d][vo/gpu-next/libplacebo] [ 12]     layout(offset=48) mat3 _6;
[   9.823][d][vo/gpu-next/libplacebo] [ 13] };
[   9.823][d][vo/gpu-next/libplacebo] [ 14] layout(constant_id=0) const float _3 = 1; 
[   9.823][d][vo/gpu-next/libplacebo] [ 15] layout(constant_id=1) const float _4 = 1; 
[   9.823][d][vo/gpu-next/libplacebo] [ 16] layout(constant_id=2) const float _7 = 1; 
[   9.823][d][vo/gpu-next/libplacebo] [ 17] layout(constant_id=3) const float _8 = 1; 
[   9.823][d][vo/gpu-next/libplacebo] [ 18] layout(binding=0) uniform  sampler2D _2;
[   9.823][d][vo/gpu-next/libplacebo] [ 19] layout(location=0) in vec2 _e;
[   9.823][d][vo/gpu-next/libplacebo] [ 20] layout(location=1) in vec2 _f;
[   9.823][d][vo/gpu-next/libplacebo] [ 21] layout(location=1) out vec2 _b;
[   9.823][d][vo/gpu-next/libplacebo] [ 22] layout(location=2) in vec4 _10;
[   9.823][d][vo/gpu-next/libplacebo] [ 23] layout(location=2) out vec4 _c;
[   9.823][d][vo/gpu-next/libplacebo] [ 24] void main() {
[   9.823][d][vo/gpu-next/libplacebo] [ 25] vec2 va_pos = _e; 
[   9.823][d][vo/gpu-next/libplacebo] [ 26] gl_Position = vec4(va_pos, 0.0, 1.0); 
[   9.823][d][vo/gpu-next/libplacebo] [ 27] _b = _f;
[   9.823][d][vo/gpu-next/libplacebo] [ 28] _c = _10;
[   9.823][d][vo/gpu-next/libplacebo] [ 29] }
[   9.823][d][vo/gpu-next/libplacebo] fragment shader source:
[   9.823][d][vo/gpu-next/libplacebo] [  1] #version 450
[   9.823][d][vo/gpu-next/libplacebo] [  2] #extension GL_KHR_shader_subgroup_basic : enable 
[   9.823][d][vo/gpu-next/libplacebo] [  3] #extension GL_KHR_shader_subgroup_vote : enable 
[   9.823][d][vo/gpu-next/libplacebo] [  4] #extension GL_KHR_shader_subgroup_arithmetic : enable 
[   9.823][d][vo/gpu-next/libplacebo] [  5] #extension GL_KHR_shader_subgroup_ballot : enable 
[   9.823][d][vo/gpu-next/libplacebo] [  6] #extension GL_KHR_shader_subgroup_shuffle : enable 
[   9.823][d][vo/gpu-next/libplacebo] [  7] #extension GL_KHR_shader_subgroup_clustered : enable 
[   9.823][d][vo/gpu-next/libplacebo] [  8] #extension GL_KHR_shader_subgroup_quad : enable 
[   9.823][d][vo/gpu-next/libplacebo] [  9] #extension GL_ARB_texture_gather : enable
[   9.823][d][vo/gpu-next/libplacebo] [ 10] layout(std430, push_constant) uniform PushC {
[   9.823][d][vo/gpu-next/libplacebo] [ 11]     layout(offset=0) mat3 _5;
[   9.823][d][vo/gpu-next/libplacebo] [ 12]     layout(offset=48) mat3 _6;
[   9.823][d][vo/gpu-next/libplacebo] [ 13] };
[   9.823][d][vo/gpu-next/libplacebo] [ 14] layout(constant_id=0) const float _3 = 1; 
[   9.823][d][vo/gpu-next/libplacebo] [ 15] layout(constant_id=1) const float _4 = 1; 
[   9.823][d][vo/gpu-next/libplacebo] [ 16] layout(constant_id=2) const float _7 = 1; 
[   9.823][d][vo/gpu-next/libplacebo] [ 17] layout(constant_id=3) const float _8 = 1; 
[   9.823][d][vo/gpu-next/libplacebo] [ 18] layout(binding=0) uniform  sampler2D _2;
[   9.823][d][vo/gpu-next/libplacebo] [ 19] layout(location=1) in vec2 _b;
[   9.823][d][vo/gpu-next/libplacebo] [ 20] layout(location=2) in vec4 _c;
[   9.823][d][vo/gpu-next/libplacebo] [ 21] layout(location=0) out vec4 out_color;
[   9.823][d][vo/gpu-next/libplacebo] [ 22] #define pos _a
[   9.823][d][vo/gpu-next/libplacebo] [ 23] #define coord _b
[   9.823][d][vo/gpu-next/libplacebo] [ 24] #define osd_color _c
[   9.823][d][vo/gpu-next/libplacebo] [ 25] 
[   9.823][d][vo/gpu-next/libplacebo] [ 26] vec4 _1() {
[   9.823][d][vo/gpu-next/libplacebo] [ 27] // overlay 
[   9.823][d][vo/gpu-next/libplacebo] [ 28] vec4 color = osd_color; 
[   9.823][d][vo/gpu-next/libplacebo] [ 29] // pl_shader_decode_color 
[   9.823][d][vo/gpu-next/libplacebo] [ 30] { 
[   9.823][d][vo/gpu-next/libplacebo] [ 31] }
[   9.823][d][vo/gpu-next/libplacebo] [ 32] // pl_shader_color_map 
[   9.823][d][vo/gpu-next/libplacebo] [ 33] {                      
[   9.823][d][vo/gpu-next/libplacebo] [ 34] // pl_shader_linearize           
[   9.823][d][vo/gpu-next/libplacebo] [ 35] color.rgb = max(color.rgb, 0.0); 
[   9.823][d][vo/gpu-next/libplacebo] [ 36] color.rgb = mix(color.rgb * vec3(1.0/12.92),               
[   9.823][d][vo/gpu-next/libplacebo] [ 37]                 pow((color.rgb + vec3(0.055))/vec3(1.055), 
[   9.823][d][vo/gpu-next/libplacebo] [ 38]                     vec3(2.4)),                            
[   9.823][d][vo/gpu-next/libplacebo] [ 39]                 lessThan(vec3(0.04045), color.rgb));       
[   9.823][d][vo/gpu-next/libplacebo] [ 40] color.rgb = _4 * color.rgb + vec3(_3); 
[   9.823][d][vo/gpu-next/libplacebo] [ 41] // pl_shader_delinearize 
[   9.823][d][vo/gpu-next/libplacebo] [ 42] color.rgb = max(color.rgb, 0.0); 
[   9.823][d][vo/gpu-next/libplacebo] [ 43] color.rgb = pow(_8 * color.rgb, vec3(1.0/2.4)) - vec3(_7); 
[   9.823][d][vo/gpu-next/libplacebo] [ 44] }
[   9.823][d][vo/gpu-next/libplacebo] [ 45] // pl_shader_encode_color 
[   9.823][d][vo/gpu-next/libplacebo] [ 46] { 
[   9.823][d][vo/gpu-next/libplacebo] [ 47] color.rgb *= vec3(color.a); 
[   9.823][d][vo/gpu-next/libplacebo] [ 48] }
[   9.823][d][vo/gpu-next/libplacebo] [ 49] color.rgba *= textureLod(_2, coord, 0.0).r; 
[   9.823][d][vo/gpu-next/libplacebo] [ 50] vec4 _9 = color;                 
[   9.823][d][vo/gpu-next/libplacebo] [ 51] color = vec4(0.0, 0.0, 0.0, 1.0); 
[   9.823][d][vo/gpu-next/libplacebo] [ 52] color[0] = _9[0]; 
[   9.823][d][vo/gpu-next/libplacebo] [ 53] color[1] = _9[1]; 
[   9.823][d][vo/gpu-next/libplacebo] [ 54] color[2] = _9[2]; 
[   9.823][d][vo/gpu-next/libplacebo] [ 55] color[3] = _9[3]; 
[   9.823][d][vo/gpu-next/libplacebo] [ 56] color.a = _9.a; 
[   9.823][d][vo/gpu-next/libplacebo] [ 57] return color;
[   9.823][d][vo/gpu-next/libplacebo] [ 58] }
[   9.823][d][vo/gpu-next/libplacebo] [ 59] 
[   9.823][d][vo/gpu-next/libplacebo] [ 60] void main() {
[   9.823][d][vo/gpu-next/libplacebo] [ 61] out_color = _1();
[   9.823][d][vo/gpu-next/libplacebo] [ 62] }
[   9.823][d][vo/gpu-next/libplacebo] Specialization constant values:
[   9.823][d][vo/gpu-next/libplacebo]   constant_id=0: 0.001000
[   9.823][d][vo/gpu-next/libplacebo]   constant_id=1: 0.999000
[   9.823][d][vo/gpu-next/libplacebo]   constant_id=2: 0.059585
[   9.823][d][vo/gpu-next/libplacebo]   constant_id=3: 1.149015
[   9.824][d][vo/gpu-next] cache_load_obj: key(193c47ccd0c7f341), size(864), load time(0.034 ms)
[   9.824][d][vo/gpu-next/libplacebo] Re-using cached SPIR-V object 0x193c47ccd0c7f341
[   9.824][d][vo/gpu-next] cache_load_obj: key(f508c7028da61897), size(2480), load time(0.014 ms)
[   9.824][d][vo/gpu-next/libplacebo] Re-using cached SPIR-V object 0xf508c7028da61897
[   9.824][d][vo/gpu-next] cache_load_obj: key(3f66d0c89f30ddd4), size(24290), load time(0.039 ms)
[   9.824][d][vo/gpu-next/libplacebo] Spent 0.006 ms compiling shader
[   9.824][d][vo/gpu-next] cache_save_obj: key(193c47ccd0c7f341), size(864)
[   9.824][d][vo/gpu-next] cache_save_obj: key(f508c7028da61897), size(2480)
[   9.824][d][vo/gpu-next/libplacebo] Spent 0.160 ms creating pipeline
[   9.824][d][vo/gpu-next] cache_save_obj: key(3f66d0c89f30ddd4), size(24290)
[   9.824][d][vo/gpu-next/libplacebo] Pass statistics: size 0, SPIR-V: vert 0 frag 0 comp 0
[  10.238][d][cplayer] Run command: script-binding, flags=73, args=[name="osc/__keybinding2", arg=""]
[  10.452][v][cplayer] Set property: user-data/osc/margins={"b":0,"r":0,"t":0,"l":0} -> 1
[  10.452][d][cplayer] Run command: disable-section, flags=64, args=[name="input"]
[  10.618][v][cplayer] Set property: user-data/osc/margins={"b":0,"r":0,"t":0,"l":0} -> 1
[  10.618][d][cplayer] Run command: enable-section, flags=64, args=[name="input", flags=""]
[  12.518][d][vo/gpu-next/libplacebo] (Re)creating 4089x251x0 texture with format r8: unknown
[  14.978][d][cplayer] Run command: script-binding, flags=73, args=[name="osc/__keybinding4", arg=""]
[  15.195][v][cplayer] Set property: user-data/osc/margins={"b":0,"r":0,"t":0,"l":0} -> 1
[  15.195][d][cplayer] Run command: disable-section, flags=64, args=[name="input"]
[  15.498][d][vo/gpu-next/libplacebo] Garbage collected slab of size 4020K from pool 2
[  15.498][d][vo/gpu-next/libplacebo] Freeing slab of size 4020K
[  18.398][v][cplayer] Set property: user-data/osc/margins={"b":0,"r":0,"t":0,"l":0} -> 1
[  18.398][d][cplayer] Run command: enable-section, flags=64, args=[name="input", flags=""]
[  18.418][d][vo/gpu-next/libplacebo] Allocating 4116480 memory of type 0x7 (id 5) in heap 2: ../src/gpu/utils.c:575
[  18.418][d][vo/gpu-next/libplacebo] Spent 0.423 ms allocating slab
[  19.618][d][cplayer] Run command: script-binding, flags=73, args=[name="osc/__keybinding4", arg=""]
[  19.862][v][cplayer] Set property: user-data/osc/margins={"b":0,"r":0,"t":0,"l":0} -> 1
[  19.862][d][cplayer] Run command: disable-section, flags=64, args=[name="input"]
[  20.178][d][vo/gpu-next/libplacebo] Garbage collected slab of size 4020K from pool 2
[  20.178][d][vo/gpu-next/libplacebo] Freeing slab of size 4020K
[  22.898][v][cplayer] Set property: user-data/osc/margins={"b":0,"r":0,"t":0,"l":0} -> 1
[  22.899][d][cplayer] Run command: enable-section, flags=64, args=[name="input", flags=""]
[  22.918][d][vo/gpu-next/libplacebo] Allocating 4116480 memory of type 0x7 (id 5) in heap 2: ../src/gpu/utils.c:575
[  22.919][d][vo/gpu-next/libplacebo] Spent 0.378 ms allocating slab
[  23.338][d][cplayer] Run command: script-binding, flags=73, args=[name="osc/__keybinding4", arg=""]
[  23.601][v][cplayer] Set property: user-data/osc/margins={"b":0,"r":0,"t":0,"l":0} -> 1
[  23.601][d][cplayer] Run command: disable-section, flags=64, args=[name="input"]
[  23.918][d][vo/gpu-next/libplacebo] Garbage collected slab of size 4020K from pool 2
[  23.918][d][vo/gpu-next/libplacebo] Freeing slab of size 4020K
[  24.698][v][cplayer] Set property: user-data/osc/margins={"b":0,"r":0,"t":0,"l":0} -> 1
[  24.698][d][cplayer] Run command: enable-section, flags=64, args=[name="input", flags=""]
[  24.962][d][vo/gpu-next/libplacebo] Discontinuous source PTS jump 115.400000 -> 115.800000
[  24.963][d][vo/gpu-next/libplacebo] Allocating 4116480 memory of type 0x7 (id 5) in heap 2: ../src/gpu/utils.c:575
[  24.993][v][vo/gpu-next/libplacebo] Spent 30.297 ms allocating slab
[  30.820][v][cplayer] Set property: user-data/osc/margins={"b":0,"r":0,"t":0,"l":0} -> 1
[  30.820][d][cplayer] Run command: disable-section, flags=64, args=[name="input"]
[  30.979][v][cplayer] Set property: user-data/osc/margins={"b":0,"r":0,"t":0,"l":0} -> 1
[  30.990][d][cplayer] Run command: enable-section, flags=64, args=[name="input", flags=""]
[  36.023][v][cplayer] Set property: user-data/osc/margins={"b":0,"r":0,"t":0,"l":0} -> 1
[  36.023][d][cplayer] Run command: disable-section, flags=64, args=[name="input"]
[  36.340][d][vo/gpu-next/libplacebo] Garbage collected slab of size 4020K from pool 2
[  36.340][d][vo/gpu-next/libplacebo] Freeing slab of size 4020K
[  39.300][v][cplayer] Set property: user-data/osc/margins={"b":0,"r":0,"t":0,"l":0} -> 1
[  39.300][d][cplayer] Run command: enable-section, flags=64, args=[name="input", flags=""]
[  39.320][d][vo/gpu-next/libplacebo] Allocating 4116480 memory of type 0x7 (id 5) in heap 2: ../src/gpu/utils.c:575
[  39.320][d][vo/gpu-next/libplacebo] Spent 0.407 ms allocating slab
[  41.519][d][cplayer] Run command: cycle, flags=73, args=[name="pause", value="1.000000"]
[  41.519][v][cplayer] Set property: pause -> 1
[  41.520][d][ao/pipewire] Stream state changed: old_state=streaming state=paused error=(null)
[  41.540][d][vo/gpu-next/libplacebo] (Re)creating 2478x1394x0 texture with format rgba16hf: src/renderer.c:3519
[  41.540][d][vo/gpu-next/libplacebo] Allocating 27934720 memory of type 0x1 (id 1) in heap 0: src/renderer.c:3519
[  41.540][d][vo/gpu-next/libplacebo] Spent 0.205 ms allocating slab
[  41.540][v][vo/gpu-next/x11] Enabling screensaver.
[  41.613][d][cplayer] Run command: quit, flags=73, args=[code="0"]
[  41.613][d][global] state path: 'watch_later' -> '/home/jawor/.local/state/mpv/watch_later'
[  41.613][d][global] state path: 'watch_later' -> '/home/jawor/.local/state/mpv/watch_later'
[  41.613][i][cplayer] Saving state.
[  41.614][v][cplayer] EOF code: 5  
[  41.614][d][ad] Uninit decoder.
[  41.614][d][vd] Uninit decoder.
[  41.614][d][cplayer] Terminating demuxers...
[  41.619][d][vo/gpu-next/libplacebo] First frame received with non-zero PTS 148.960000
[  41.620][d][vo/gpu-next/libplacebo] Freeing slab of size   26M
[  41.627][d][osc] osc_init
[  41.628][v][cplayer] Set property: user-data/osc/margins={"b":0,"r":0,"t":0,"l":0} -> 1
[  41.649][d][ffmpeg] AVIOContext: Statistics: 1488838 bytes read, 1 seeks
[  41.649][d][ffmpeg] AVIOContext: Statistics: 14596610 bytes read, 1 seeks
[  41.649][d][cplayer] Done terminating demuxers.
[  41.649][v][cplayer] finished playback, success (reason 3)
[  41.649][v][cplayer] Running hook: ytdl_hook/on_after_end_file
[  41.649][w][mpvq_live_sync] File ended unexpectedly (quit): https://www.youtube.com/watch?v=ezv5DuvCk0E
[  41.649][d][cplayer] Run command: del, flags=64, args=[name="user-data/mpv/ytdl/json-subprocess-result"]
[  41.649][i][cplayer] Exiting... (Quit)
[  41.649][d][cplayer] Run command: del, flags=64, args=[name="user-data/mpv/console"]
[  41.649][d][cplayer] Run command: del, flags=64, args=[name="user-data/osc"]
[  41.650][d][positioning] Destroying client handle...
[  41.650][d][select] Destroying client handle...
[  41.650][d][context_menu] Destroying client handle...
[  41.650][d][console] Destroying client handle...
[  41.650][d][commands] Destroying client handle...
[  41.650][d][mpris] Destroying client handle...
[  41.650][d][ytdl_hook] Destroying client handle...
[  41.650][d][osc] Destroying client handle...
[  41.650][d][stats] Destroying client handle...
[  41.651][d][mpvq_live_sync] Destroying client handle...
[  41.651][d][vo/gpu-next/libplacebo] (Re)creating 4095x251x0 texture with format r8: unknown
[  41.756][d][vo/gpu-next/libplacebo] Freeing slab of size 4320K
[  41.757][d][vo/gpu-next/libplacebo] Freeing slab of size   16M
[  41.757][d][vo/gpu-next/libplacebo] Freeing slab of size   20M
[  41.757][d][vo/gpu-next/libplacebo] Freeing slab of size   26M
[  41.775][d][vo/gpu-next/libplacebo] Waiting for remaining commands...
[  41.775][d][vo/gpu-next/libplacebo] Memory heaps supported by device:
[  41.775][d][vo/gpu-next/libplacebo]     0: flags 0x1 size 6144M
[  41.775][d][vo/gpu-next/libplacebo]     1: flags 0x0 size   11G
[  41.775][d][vo/gpu-next/libplacebo]     2: flags 0x1 size  246M
[  41.775][d][vo/gpu-next/libplacebo] Memory types supported by device:
[  41.775][d][vo/gpu-next/libplacebo]     0: flags 0x0 heap 1
[  41.775][d][vo/gpu-next/libplacebo]     1: flags 0x1 heap 0
[  41.775][d][vo/gpu-next/libplacebo]     2: flags 0x1 heap 0
[  41.775][d][vo/gpu-next/libplacebo]     3: flags 0x6 heap 1
[  41.775][d][vo/gpu-next/libplacebo]     4: flags 0xe heap 1
[  41.775][d][vo/gpu-next/libplacebo]     5: flags 0x7 heap 2
[  41.775][d][vo/gpu-next/libplacebo] Memory pool 0:
[  41.775][d][vo/gpu-next/libplacebo]     Compatible types: 0x3
[  41.775][d][vo/gpu-next/libplacebo]     Optimal flags: 0x1
[  41.775][d][vo/gpu-next/libplacebo]     Export handle: 0x1
[  41.775][d][vo/gpu-next/libplacebo]     Slab  0:        f x 2160K:     0 used     0 res 8640K alloc from heap 0, efficiency 100.00%  [unknown]
[  41.775][d][vo/gpu-next/libplacebo]     Pool summary:     0 used     0 res 8640K alloc, efficiency 100.00%, utilization 0.00%
[  41.775][d][vo/gpu-next/libplacebo] Memory pool 1:
[  41.775][d][vo/gpu-next/libplacebo]     Compatible types: 0x3
[  41.775][d][vo/gpu-next/libplacebo]     Optimal flags: 0x1
[  41.775][d][vo/gpu-next/libplacebo]     Slab  0:     ffff x   16K:     0 used     0 res  256K alloc from heap 0, efficiency 100.00%  [src/shaders/dithering.c:150]
[  41.775][d][vo/gpu-next/libplacebo]     Slab  1:        f x 1024K:     0 used     0 res 4096K alloc from heap 0, efficiency 100.00%  [src/shaders/sampling.c:1028]
[  41.775][d][vo/gpu-next/libplacebo]     Pool summary:     0 used     0 res 4352K alloc, efficiency 100.00%, utilization 0.00%
[  41.775][d][vo/gpu-next/libplacebo] Memory pool 2:
[  41.775][d][vo/gpu-next/libplacebo]     Compatible types: 0xffffffff
[  41.775][d][vo/gpu-next/libplacebo]     Optimal flags: 0x3
[  41.775][d][vo/gpu-next/libplacebo]     Buffer flags: 0x3
[  41.775][d][vo/gpu-next/libplacebo]     Slab  0:        f x 1005K:     0 used     0 res 4020K alloc from heap 2, efficiency 100.00%  [../src/gpu/utils.c:575]
[  41.775][d][vo/gpu-next/libplacebo]     Pool summary:     0 used     0 res 4020K alloc, efficiency 100.00%, utilization 0.00%
[  41.775][d][vo/gpu-next/libplacebo] Memory pool 3:
[  41.775][d][vo/gpu-next/libplacebo]     Compatible types: 0xffffffff
[  41.775][d][vo/gpu-next/libplacebo]     Required flags: 0x1
[  41.775][d][vo/gpu-next/libplacebo]     Optimal flags: 0x2
[  41.775][d][vo/gpu-next/libplacebo]     Buffer flags: 0xc3
[  41.775][d][vo/gpu-next/libplacebo]     Slab  0: 3ffffffffff x  6144:     0 used     0 res  252K alloc from heap 2, efficiency 100.00%  [../src/gpu/utils.c:1189]
[  41.775][d][vo/gpu-next/libplacebo]     Pool summary:     0 used     0 res  252K alloc, efficiency 100.00%, utilization 0.00%
[  41.775][d][vo/gpu-next/libplacebo] Memory summary:     0 used     0 res   16M alloc, efficiency 100.00%, utilization 0.00%, max page:  384M
[  41.775][d][vo/gpu-next/libplacebo] Freeing slab of size 8640K
[  41.775][d][vo/gpu-next/libplacebo] Freeing slab of size  256K
[  41.775][d][vo/gpu-next/libplacebo] Freeing slab of size 4096K
[  41.775][d][vo/gpu-next/libplacebo] Freeing slab of size 4020K
[  41.776][d][vo/gpu-next/libplacebo] Freeing slab of size  252K
[  42.003][d][vo/gpu-next/x11] uninit ...
